{
    "marque": "RENAULT",
    "modele": "TWINGO",
    "couleur": "Bleu",
    "kilometrage": "43 897 Km",
    "boite_de_vitesse": "Automatique",
    "annee": "2021",
    "prix_ttc": "13 499 \u20ac",
    "puissance_fiscale": "3 CV",
    "type_vehicule": "Berline",
    "carburant": "Electrique",
    "portes": "5 portes",
    "places": "-",
    "ville": "FOUQUI\u00c8RES-L\u00c8S-B\u00c9THUNE (62232)",
    "garantie": "Garantie OR 12 mois",
    "mise_en_circulation": "07/01/2021",
    "reference": "1908-7102-55 (re62c7)",
    "equipements": [],
    "liste_equipements_serie": [
        "ABS",
        "Aide au d\u00e9marrage en c\u00f4te",
        "Aide au freinage d'urgence",
        "Airbag conducteur",
        "Airbag passager",
        "Airbag passager d\u00e9connectable",
        "Airbags lat\u00e9raux avant",
        "Antid\u00e9marrage \u00e9lectronique",
        "Arr\u00eat et red\u00e9marrage auto. du moteur",
        "Bacs de portes arri\u00e8re",
        "Bacs de portes avant",
        "Banquette 50/50",
        "Banquette AR rabattable",
        "Becquet arri\u00e8re",
        "Boite \u00e0 gants ferm\u00e9e",
        "Boucliers AV et AR couleur caisse",
        "Capteur de pluie",
        "Clim automatique",
        "Commandes du syst\u00e8me audio au volant",
        "D\u00e9tecteur de sous-gonflage",
        "Direction assist\u00e9e",
        "EBD",
        "Ecran tactile",
        "Enjoliveurs",
        "ESP",
        "Feux de freinage d'urgence",
        "Feux de jour \u00e0 LED",
        "Fixations Isofix aux places arri\u00e8res",
        "Hayon arri\u00e8re",
        "Interface Media",
        "Kit mains-libres Bluetooth",
        "Limiteur de vitesse",
        "Lunette AR d\u00e9givrante",
        "Lunette arri\u00e8re",
        "Miroir de courtoisie conducteur",
        "Miroir de courtoisie passager",
        "Ordinateur de bord",
        "Ouverture des vitres s\u00e9quentielle",
        "Poign\u00e9es ton carrosserie",
        "Pr\u00e9paration Isofix",
        "Prise 12V",
        "Prise Jack",
        "Prise USB",
        "Radio",
        "Radio num\u00e9rique DAB",
        "R\u00e9troviseurs d\u00e9givrants",
        "R\u00e9troviseurs \u00e9lectriques",
        "Sellerie Noir / Gris",
        "Tablette cache bagages",
        "T\u00e9moin de bouclage ceinture conducteur",
        "T\u00e9moin de bouclage des ceintures AV",
        "Verrouillage auto. des portes en roulant",
        "Verrouillage centralis\u00e9 \u00e0 distance",
        "Vitres avant \u00e9lectriques",
        "Vitres teint\u00e9es",
        "Volant r\u00e9glable en hauteur",
        "ABS",
        "Aide au d\u00e9marrage en c\u00f4te",
        "Aide au freinage d'urgence",
        "Airbag conducteur",
        "Airbag passager",
        "Airbag passager d\u00e9connectable",
        "Airbags lat\u00e9raux avant",
        "Antid\u00e9marrage \u00e9lectronique",
        "Arr\u00eat et red\u00e9marrage auto. du moteur",
        "Bacs de portes arri\u00e8re",
        "Bacs de portes avant",
        "Banquette 50/50",
        "Banquette AR rabattable",
        "Becquet arri\u00e8re",
        "Boite \u00e0 gants ferm\u00e9e",
        "Boucliers AV et AR couleur caisse",
        "Capteur de pluie",
        "Clim automatique",
        "Commandes du syst\u00e8me audio au volant",
        "D\u00e9tecteur de sous-gonflage",
        "Direction assist\u00e9e",
        "EBD",
        "Ecran tactile",
        "Enjoliveurs",
        "ESP",
        "Feux de freinage d'urgence",
        "Feux de jour \u00e0 LED",
        "Fixations Isofix aux places arri\u00e8res",
        "Hayon arri\u00e8re",
        "Interface Media",
        "Kit mains-libres Bluetooth",
        "Limiteur de vitesse",
        "Lunette AR d\u00e9givrante",
        "Lunette arri\u00e8re",
        "Miroir de courtoisie conducteur",
        "Miroir de courtoisie passager",
        "Ordinateur de bord",
        "Ouverture des vitres s\u00e9quentielle",
        "Poign\u00e9es ton carrosserie",
        "Pr\u00e9paration Isofix",
        "Prise 12V",
        "Prise Jack",
        "Prise USB",
        "Radio",
        "Radio num\u00e9rique DAB",
        "R\u00e9troviseurs d\u00e9givrants",
        "R\u00e9troviseurs \u00e9lectriques",
        "Sellerie Noir / Gris",
        "Tablette cache bagages",
        "T\u00e9moin de bouclage ceinture conducteur",
        "T\u00e9moin de bouclage des ceintures AV",
        "Verrouillage auto. des portes en roulant",
        "Verrouillage centralis\u00e9 \u00e0 distance",
        "Vitres avant \u00e9lectriques",
        "Vitres teint\u00e9es",
        "Volant r\u00e9glable en hauteur"
    ]
}