{
    "marque": "FIAT",
    "modele": "500",
    "couleur": "Ocean Green m\u00e9tal",
    "kilometrage": "24 000 Km",
    "boite_de_vitesse": "Automatique",
    "annee": "2021",
    "prix_ttc": "19 980 \u20ac",
    "puissance_fiscale": "3 CV",
    "type_vehicule": "Berline",
    "carburant": "Electrique",
    "portes": "3 portes",
    "places": "4 places",
    "ville": "LA RAVOIRE (73490)",
    "garantie": "Spoticar-Premium 12 Mois",
    "mise_en_circulation": "29/01/2021",
    "reference": "7115-4550-00 (ft73c1)",
    "equipements": [],
    "liste_equipements_serie": [
        "6 Haut parleurs",
        "ABS",
        "AFIL",
        "Airbag conducteur",
        "Airbag passager",
        "Airbags rideaux",
        "Antid\u00e9marrage \u00e9lectronique",
        "Antipatinage",
        "Appel d'Assistance Localis\u00e9",
        "Appel d'Urgence Localis\u00e9",
        "Appui-t\u00eate conducteur r\u00e9glable hauteur",
        "Assistance de maintient de trajectoire",
        "Bacs de portes avant",
        "Banquette 2 places",
        "Banquette AR rabattable",
        "Becquet arri\u00e8re",
        "Boite \u00e0 gants ferm\u00e9e",
        "Borne Wi-Fi",
        "Boucliers AV et AR couleur caisse",
        "Capteur de luminosit\u00e9",
        "Clim manuelle",
        "Commande Mode ECO",
        "D\u00e9marrage sans cl\u00e9",
        "EBD",
        "Ecran multifonction couleur",
        "Ecran tactile",
        "Enjoliveurs",
        "ESP",
        "Essuie-glace arri\u00e8re",
        "Feux arri\u00e8re \u00e0 LED",
        "Feux de jour \u00e0 LED",
        "Fonction appel d'urgence",
        "Freinage automatique d'urgence",
        "Frein stationnement \u00e9lectrique",
        "Interface Media",
        "Kit mains-libres Bluetooth",
        "Lampe de coffre",
        "Phares halog\u00e8nes",
        "Poign\u00e9es ton carrosserie",
        "Prise USB",
        "Radio num\u00e9rique DAB",
        "Reconnaissance panneaux de signalisation",
        "R\u00e9gulateur de vitesse",
        "Services connect\u00e9s",
        "Syst\u00e8me de d\u00e9tection de somnolence",
        "T\u00e9moin de perte de pression pneumatique",
        "Verrouillage centralis\u00e9 \u00e0 distance",
        "Vitres avant \u00e9lectriques",
        "Volant multifonction",
        "Volant r\u00e9glable en hauteur",
        "6 Haut parleurs",
        "ABS",
        "AFIL",
        "Airbag conducteur",
        "Airbag passager",
        "Airbags rideaux",
        "Antid\u00e9marrage \u00e9lectronique",
        "Antipatinage",
        "Appel d'Assistance Localis\u00e9",
        "Appel d'Urgence Localis\u00e9",
        "Appui-t\u00eate conducteur r\u00e9glable hauteur",
        "Assistance de maintient de trajectoire",
        "Bacs de portes avant",
        "Banquette 2 places",
        "Banquette AR rabattable",
        "Becquet arri\u00e8re",
        "Boite \u00e0 gants ferm\u00e9e",
        "Borne Wi-Fi",
        "Boucliers AV et AR couleur caisse",
        "Capteur de luminosit\u00e9",
        "Clim manuelle",
        "Commande Mode ECO",
        "D\u00e9marrage sans cl\u00e9",
        "EBD",
        "Ecran multifonction couleur",
        "Ecran tactile",
        "Enjoliveurs",
        "ESP",
        "Essuie-glace arri\u00e8re",
        "Feux arri\u00e8re \u00e0 LED",
        "Feux de jour \u00e0 LED",
        "Fonction appel d'urgence",
        "Freinage automatique d'urgence",
        "Frein stationnement \u00e9lectrique",
        "Interface Media",
        "Kit mains-libres Bluetooth",
        "Lampe de coffre",
        "Phares halog\u00e8nes",
        "Poign\u00e9es ton carrosserie",
        "Prise USB",
        "Radio num\u00e9rique DAB",
        "Reconnaissance panneaux de signalisation",
        "R\u00e9gulateur de vitesse",
        "Services connect\u00e9s",
        "Syst\u00e8me de d\u00e9tection de somnolence",
        "T\u00e9moin de perte de pression pneumatique",
        "Verrouillage centralis\u00e9 \u00e0 distance",
        "Vitres avant \u00e9lectriques",
        "Volant multifonction",
        "Volant r\u00e9glable en hauteur"
    ]
}