{
    "marque": "OPEL",
    "modele": "ASTRA SPORTS TOURER",
    "couleur": "Bleu",
    "kilometrage": "81 300 Km",
    "boite_de_vitesse": "Automatique",
    "annee": "2020",
    "prix_ttc": "14 799 \u20ac",
    "puissance_fiscale": "6 CV",
    "type_vehicule": "Break",
    "carburant": "Diesel",
    "portes": "5 portes",
    "places": "5 places",
    "ville": "SAINT-CYR-SUR-LOIRE (37540)",
    "garantie": "Confort AUTOSPHERE 12 mois",
    "mise_en_circulation": "12/05/2020",
    "reference": "2548-2711-32 (tasa)",
    "equipements": [],
    "liste_equipements_serie": [
        "6 Haut parleurs",
        "ABS",
        "AFIL",
        "Aide au d\u00e9marrage en c\u00f4te",
        "Airbag conducteur",
        "Airbag passager",
        "Airbag passager d\u00e9connectable",
        "Airbags lat\u00e9raux avant",
        "Airbags rideaux AV et AR",
        "Antid\u00e9marrage \u00e9lectronique",
        "Arr\u00eat et red\u00e9marrage auto. du moteur",
        "Banquette 60/40",
        "Banquette AR rabattable",
        "Bleu Indigo",
        "Boucliers AV et AR couleur caisse",
        "Capteur de luminosit\u00e9",
        "Capteur de pluie",
        "Ceinture de vitrage chrom\u00e9e",
        "Clim automatique bi-zones",
        "Commandes vocales",
        "D\u00e9tecteur de sous-gonflage",
        "EBD",
        "Eclairage d'ambiance",
        "Ecran multifonction couleur",
        "Ecran tactile",
        "ESP",
        "Feux de jour \u00e0 LED",
        "Filtre \u00e0 Pollen",
        "Fixations Isofix aux places arri\u00e8res",
        "Freinage automatique d'urgence",
        "Interface Media",
        "Jantes Alu",
        "Kit mains-libres Bluetooth",
        "Lampe de coffre",
        "Lampes de lecture \u00e0 l'arri\u00e8re",
        "Lampes de lecture \u00e0 l'avant",
        "Limiteur de vitesse",
        "Miroir de courtoisie conducteur \u00e9clair\u00e9",
        "Miroir de courtoisie passager \u00e9clair\u00e9",
        "Mixte Effet cuir/Tissu Athena",
        "Ordinateur de bord",
        "Phares antibrouillard",
        "Phares avant LED",
        "Poign\u00e9es ton carrosserie",
        "Prise 12V",
        "Prise USB",
        "Radar de distance",
        "Radio",
        "R\u00e9gulateur de vitesse",
        "R\u00e9troviseur int\u00e9rieur \u00e9lectrochrome",
        "R\u00e9troviseurs d\u00e9givrants",
        "R\u00e9troviseurs \u00e9lectriques",
        "Si\u00e8ge cond. avec r\u00e9glage lombaire \u00e9lectr",
        "Si\u00e8ge conducteur r\u00e9glable en hauteur",
        "Syst\u00e8me de pr\u00e9vention des collisions",
        "Verrouillage centralis\u00e9 \u00e0 distance",
        "Verrouillage centralis\u00e9 des portes",
        "Vitres arri\u00e8re \u00e9lectriques",
        "Vitres avant \u00e9lectriques",
        "Volant cuir",
        "Volant multifonction",
        "Volant r\u00e9glable en profondeur et hauteur",
        "6 Haut parleurs",
        "ABS",
        "AFIL",
        "Aide au d\u00e9marrage en c\u00f4te",
        "Airbag conducteur",
        "Airbag passager",
        "Airbag passager d\u00e9connectable",
        "Airbags lat\u00e9raux avant",
        "Airbags rideaux AV et AR",
        "Antid\u00e9marrage \u00e9lectronique",
        "Arr\u00eat et red\u00e9marrage auto. du moteur",
        "Banquette 60/40",
        "Banquette AR rabattable",
        "Bleu Indigo",
        "Boucliers AV et AR couleur caisse",
        "Capteur de luminosit\u00e9",
        "Capteur de pluie",
        "Ceinture de vitrage chrom\u00e9e",
        "Clim automatique bi-zones",
        "Commandes vocales",
        "D\u00e9tecteur de sous-gonflage",
        "EBD",
        "Eclairage d'ambiance",
        "Ecran multifonction couleur",
        "Ecran tactile",
        "ESP",
        "Feux de jour \u00e0 LED",
        "Filtre \u00e0 Pollen",
        "Fixations Isofix aux places arri\u00e8res",
        "Freinage automatique d'urgence",
        "Interface Media",
        "Jantes Alu",
        "Kit mains-libres Bluetooth",
        "Lampe de coffre",
        "Lampes de lecture \u00e0 l'arri\u00e8re",
        "Lampes de lecture \u00e0 l'avant",
        "Limiteur de vitesse",
        "Miroir de courtoisie conducteur \u00e9clair\u00e9",
        "Miroir de courtoisie passager \u00e9clair\u00e9",
        "Mixte Effet cuir/Tissu Athena",
        "Ordinateur de bord",
        "Phares antibrouillard",
        "Phares avant LED",
        "Poign\u00e9es ton carrosserie",
        "Prise 12V",
        "Prise USB",
        "Radar de distance",
        "Radio",
        "R\u00e9gulateur de vitesse",
        "R\u00e9troviseur int\u00e9rieur \u00e9lectrochrome",
        "R\u00e9troviseurs d\u00e9givrants",
        "R\u00e9troviseurs \u00e9lectriques",
        "Si\u00e8ge cond. avec r\u00e9glage lombaire \u00e9lectr",
        "Si\u00e8ge conducteur r\u00e9glable en hauteur",
        "Syst\u00e8me de pr\u00e9vention des collisions",
        "Verrouillage centralis\u00e9 \u00e0 distance",
        "Verrouillage centralis\u00e9 des portes",
        "Vitres arri\u00e8re \u00e9lectriques",
        "Vitres avant \u00e9lectriques",
        "Volant cuir",
        "Volant multifonction",
        "Volant r\u00e9glable en profondeur et hauteur"
    ]
}