{
    "marque": "TOYOTA",
    "modele": "AURIS",
    "couleur": "Gris Abysse",
    "kilometrage": "68 274 Km",
    "boite_de_vitesse": "Automatique",
    "annee": "2014",
    "prix_ttc": "14 477 \u20ac",
    "puissance_fiscale": "5 CV",
    "type_vehicule": "Berline",
    "carburant": "Hybride",
    "portes": "5 portes",
    "places": "5 places",
    "ville": "VESOUL (70000)",
    "garantie": "6 mois pi\u00e8ces et main d'oeuvre",
    "mise_en_circulation": "11/06/2014",
    "reference": "3877-8212-81 (re70c1)",
    "equipements": [],
    "liste_equipements_serie": [
        "6 Haut parleurs",
        "ABS",
        "Aide au d\u00e9marrage en c\u00f4te",
        "Aide au freinage d'urgence",
        "Airbag conducteur",
        "Airbag genoux",
        "Airbag passager",
        "Airbags lat\u00e9raux avant",
        "Airbags rideaux AV et AR",
        "Antid\u00e9marrage \u00e9lectronique",
        "Antipatinage",
        "Bacs de portes avant",
        "Banquette 1/3-2/3",
        "Banquette AR rabattable",
        "Banquette arri\u00e8re 3 places",
        "Blanc Pur",
        "Boite \u00e0 gants ferm\u00e9e",
        "Boucliers AV et AR couleur caisse",
        "Cam\u00e9ra de recul",
        "Ceinture de vitrage chrom\u00e9e",
        "Ceintures avant ajustables en hauteur",
        "Clim automatique",
        "Compte tours",
        "Contr\u00f4le de Traction",
        "D\u00e9marrage sans cl\u00e9",
        "D\u00e9tecteur de sous-gonflage",
        "EBD",
        "Ecran multifonction couleur",
        "Ecran tactile",
        "ESP",
        "Essuie-glace arri\u00e8re",
        "Feux arri\u00e8re \u00e0 LED",
        "Feux de jour \u00e0 LED",
        "Filets de coffre",
        "Filtre \u00e0 Pollen",
        "Follow me home",
        "Fonction MP3",
        "Jantes Alu",
        "Kit mains-libres Bluetooth",
        "Lampe de coffre",
        "Lecteur CD",
        "Lunette AR d\u00e9givrante",
        "Ordinateur de bord",
        "Ouverture des vitres s\u00e9quentielle",
        "Phares antibrouillard",
        "Phares halog\u00e8nes",
        "Poign\u00e9es ton carrosserie",
        "Pommeau de levier vitesse en cuir",
        "Porte-gobelets avant",
        "Pr\u00e9paration Isofix",
        "Prise auxiliaire de connexion audio",
        "Prise iPod",
        "Prise USB",
        "Radio",
        "R\u00e9gulateur de vitesse",
        "R\u00e9p\u00e9titeurs de clignotant dans r\u00e9tro ext",
        "R\u00e9troviseurs d\u00e9givrants",
        "R\u00e9troviseurs \u00e9lectriques",
        "Sellerie Tissu MITAKA",
        "Si\u00e8ge conducteur r\u00e9glable en hauteur",
        "Syst\u00e8me d'acc\u00e8s sans cl\u00e9",
        "Tablette cache bagages",
        "Troisi\u00e8me ceinture de s\u00e9curit\u00e9",
        "Verrouillage centralis\u00e9 \u00e0 distance",
        "Vitres arri\u00e8re \u00e9lectriques",
        "Vitres avant \u00e9lectriques",
        "Vitres teint\u00e9es",
        "Volant cuir",
        "Volant multifonction",
        "Volant r\u00e9glable en profondeur et hauteur",
        "6 Haut parleurs",
        "ABS",
        "Aide au d\u00e9marrage en c\u00f4te",
        "Aide au freinage d'urgence",
        "Airbag conducteur",
        "Airbag genoux",
        "Airbag passager",
        "Airbags lat\u00e9raux avant",
        "Airbags rideaux AV et AR",
        "Antid\u00e9marrage \u00e9lectronique",
        "Antipatinage",
        "Bacs de portes avant",
        "Banquette 1/3-2/3",
        "Banquette AR rabattable",
        "Banquette arri\u00e8re 3 places",
        "Blanc Pur",
        "Boite \u00e0 gants ferm\u00e9e",
        "Boucliers AV et AR couleur caisse",
        "Cam\u00e9ra de recul",
        "Ceinture de vitrage chrom\u00e9e",
        "Ceintures avant ajustables en hauteur",
        "Clim automatique",
        "Compte tours",
        "Contr\u00f4le de Traction",
        "D\u00e9marrage sans cl\u00e9",
        "D\u00e9tecteur de sous-gonflage",
        "EBD",
        "Ecran multifonction couleur",
        "Ecran tactile",
        "ESP",
        "Essuie-glace arri\u00e8re",
        "Feux arri\u00e8re \u00e0 LED",
        "Feux de jour \u00e0 LED",
        "Filets de coffre",
        "Filtre \u00e0 Pollen",
        "Follow me home",
        "Fonction MP3",
        "Jantes Alu",
        "Kit mains-libres Bluetooth",
        "Lampe de coffre",
        "Lecteur CD",
        "Lunette AR d\u00e9givrante",
        "Ordinateur de bord",
        "Ouverture des vitres s\u00e9quentielle",
        "Phares antibrouillard",
        "Phares halog\u00e8nes",
        "Poign\u00e9es ton carrosserie",
        "Pommeau de levier vitesse en cuir",
        "Porte-gobelets avant",
        "Pr\u00e9paration Isofix",
        "Prise auxiliaire de connexion audio",
        "Prise iPod",
        "Prise USB",
        "Radio",
        "R\u00e9gulateur de vitesse",
        "R\u00e9p\u00e9titeurs de clignotant dans r\u00e9tro ext",
        "R\u00e9troviseurs d\u00e9givrants",
        "R\u00e9troviseurs \u00e9lectriques",
        "Sellerie Tissu MITAKA",
        "Si\u00e8ge conducteur r\u00e9glable en hauteur",
        "Syst\u00e8me d'acc\u00e8s sans cl\u00e9",
        "Tablette cache bagages",
        "Troisi\u00e8me ceinture de s\u00e9curit\u00e9",
        "Verrouillage centralis\u00e9 \u00e0 distance",
        "Vitres arri\u00e8re \u00e9lectriques",
        "Vitres avant \u00e9lectriques",
        "Vitres teint\u00e9es",
        "Volant cuir",
        "Volant multifonction",
        "Volant r\u00e9glable en profondeur et hauteur"
    ]
}