{
    "marque": "DACIA",
    "modele": "LODGY",
    "couleur": "Gris",
    "kilometrage": "49 566 Km",
    "boite_de_vitesse": "Manuelle",
    "annee": "2018",
    "prix_ttc": "14 980 \u20ac",
    "puissance_fiscale": "6 CV",
    "type_vehicule": "Monospace",
    "carburant": "Diesel",
    "portes": "5 portes",
    "places": "7 places",
    "ville": "PONTARLIER (25300)",
    "garantie": "6 mois pi\u00e8ces et main d'oeuvre",
    "mise_en_circulation": "07/11/2018",
    "reference": "2026-4139-74 (re25c2)",
    "equipements": [],
    "liste_equipements_serie": [
        "2\u00e8me banquette \u00e0 l'arri\u00e8re",
        "3\u00e8me rang\u00e9e de si\u00e8ges",
        "4 Haut parleurs",
        "ABS",
        "Aide au freinage d'urgence",
        "Airbag conducteur",
        "Airbag passager d\u00e9connectable",
        "Airbags lat\u00e9raux avant",
        "Antid\u00e9marrage \u00e9lectronique",
        "Bacs de portes arri\u00e8re",
        "Bacs de portes avant",
        "Banquette 1/3-2/3",
        "Banquette AR 2 places 3\u00e8me rang\u00e9e",
        "Banquette AR rabattable",
        "Banquette arri\u00e8re 3 places",
        "Barres de toit",
        "Boucliers AV et AR couleur caisse",
        "Clim manuelle",
        "Commandes du syst\u00e8me audio au volant",
        "Compte tours",
        "Direction assist\u00e9e",
        "EBD",
        "Enjoliveurs",
        "Essuie-glace arri\u00e8re",
        "Feux de jour",
        "Fonction MP3",
        "Kit anti-crevaison",
        "Kit Fumeur",
        "Kit mains-libres Bluetooth",
        "Ordinateur de bord",
        "Phares halog\u00e8nes",
        "Porte-gobelets arri\u00e8re",
        "Porte-gobelets avant",
        "Pr\u00e9paration Isofix",
        "Prise 12V",
        "Prise auxiliaire de connexion audio",
        "Prise Jack",
        "Prise USB",
        "Radio",
        "R\u00e9troviseurs ext\u00e9rieurs \u00e0 r\u00e9glage manuel",
        "Sellerie Rollando",
        "Si\u00e8ges rang 2 rabattables \u00e0 plat",
        "Si\u00e8ges rang 3 d\u00e9posables",
        "Si\u00e8ges rang 3 rabattables",
        "Si\u00e8ges rang 3 rabattables \u00e0 plat",
        "Tablette cache bagages",
        "Troisi\u00e8me ceinture de s\u00e9curit\u00e9",
        "Verrouillage centralis\u00e9 \u00e0 distance",
        "Vitres avant \u00e9lectriques",
        "Vitres teint\u00e9es",
        "Volant multifonction",
        "2\u00e8me banquette \u00e0 l'arri\u00e8re",
        "3\u00e8me rang\u00e9e de si\u00e8ges",
        "4 Haut parleurs",
        "ABS",
        "Aide au freinage d'urgence",
        "Airbag conducteur",
        "Airbag passager d\u00e9connectable",
        "Airbags lat\u00e9raux avant",
        "Antid\u00e9marrage \u00e9lectronique",
        "Bacs de portes arri\u00e8re",
        "Bacs de portes avant",
        "Banquette 1/3-2/3",
        "Banquette AR 2 places 3\u00e8me rang\u00e9e",
        "Banquette AR rabattable",
        "Banquette arri\u00e8re 3 places",
        "Barres de toit",
        "Boucliers AV et AR couleur caisse",
        "Clim manuelle",
        "Commandes du syst\u00e8me audio au volant",
        "Compte tours",
        "Direction assist\u00e9e",
        "EBD",
        "Enjoliveurs",
        "Essuie-glace arri\u00e8re",
        "Feux de jour",
        "Fonction MP3",
        "Kit anti-crevaison",
        "Kit Fumeur",
        "Kit mains-libres Bluetooth",
        "Ordinateur de bord",
        "Phares halog\u00e8nes",
        "Porte-gobelets arri\u00e8re",
        "Porte-gobelets avant",
        "Pr\u00e9paration Isofix",
        "Prise 12V",
        "Prise auxiliaire de connexion audio",
        "Prise Jack",
        "Prise USB",
        "Radio",
        "R\u00e9troviseurs ext\u00e9rieurs \u00e0 r\u00e9glage manuel",
        "Sellerie Rollando",
        "Si\u00e8ges rang 2 rabattables \u00e0 plat",
        "Si\u00e8ges rang 3 d\u00e9posables",
        "Si\u00e8ges rang 3 rabattables",
        "Si\u00e8ges rang 3 rabattables \u00e0 plat",
        "Tablette cache bagages",
        "Troisi\u00e8me ceinture de s\u00e9curit\u00e9",
        "Verrouillage centralis\u00e9 \u00e0 distance",
        "Vitres avant \u00e9lectriques",
        "Vitres teint\u00e9es",
        "Volant multifonction"
    ]
}