{
    "marque": "DACIA",
    "modele": "DUSTER",
    "couleur": "Gris Com\u00e8te m\u00e9tallis\u00e9",
    "kilometrage": "64 517 Km",
    "boite_de_vitesse": "Manuelle",
    "annee": "2019",
    "prix_ttc": "15 499 \u20ac",
    "puissance_fiscale": "6 CV",
    "type_vehicule": "SUV",
    "carburant": "Diesel",
    "portes": "5 portes",
    "places": "5 places",
    "ville": "HIRSON (02500)",
    "garantie": "12 mois pi\u00e8ces et main d'oeuvre",
    "mise_en_circulation": "24/07/2019",
    "reference": "1610-9628-59 (re02c2)",
    "equipements": [],
    "liste_equipements_serie": [
        "ABS",
        "Aide au d\u00e9marrage en c\u00f4te",
        "Aide au freinage d'urgence",
        "Airbag conducteur",
        "Airbag passager d\u00e9connectable",
        "Airbags lat\u00e9raux avant",
        "Antid\u00e9marrage \u00e9lectronique",
        "Antipatinage",
        "Appui-t\u00eate conducteur r\u00e9glable hauteur",
        "Appui-t\u00eate passager r\u00e9glable en hauteur",
        "Arr\u00eat et red\u00e9marrage auto. du moteur",
        "Bacs de portes arri\u00e8re",
        "Bacs de portes avant",
        "Banquette 1/3-2/3",
        "Banquette AR rabattable",
        "Banquette arri\u00e8re 3 places",
        "Barres de toit",
        "Boite \u00e0 gants ferm\u00e9e",
        "Boucliers AV et AR couleur caisse",
        "Capteur de luminosit\u00e9",
        "Clim manuelle",
        "Commande Mode ECO",
        "Commandes du syst\u00e8me audio au volant",
        "Compte tours",
        "D\u00e9tecteur de sous-gonflage",
        "EBD",
        "ESP",
        "Feux de jour \u00e0 LED",
        "Filtre \u00e0 particules",
        "Fixations Isofix aux places arri\u00e8res",
        "Fonction MP3",
        "Jantes Alu",
        "Kit mains-libres Bluetooth",
        "Lampe de coffre",
        "Limiteur de vitesse",
        "Lunette AR d\u00e9givrante",
        "Miroir de courtoisie conducteur",
        "Miroir de courtoisie passager",
        "Ordinateur de bord",
        "Ouverture des vitres s\u00e9quentielle",
        "Phares antibrouillard",
        "Phares halog\u00e8nes",
        "Poches d'aumoni\u00e8res",
        "Poign\u00e9es ton carrosserie",
        "Porte-gobelets avant",
        "Pr\u00e9-\u00e9quipement Radio",
        "Pr\u00e9paration Isofix",
        "Prise 12V",
        "Prise Jack",
        "Prise USB",
        "Radar de stationnement AR",
        "Radio",
        "R\u00e9gulateur de vitesse",
        "R\u00e9troviseurs d\u00e9givrants",
        "R\u00e9troviseurs \u00e9lectriques",
        "Sellerie Confort",
        "Si\u00e8ge conducteur r\u00e9glable en hauteur",
        "Sortie d'\u00e9chappement chrom\u00e9e",
        "Syst\u00e8me de r\u00e9cup\u00e9ration \u00e9nergie freinage",
        "Tablette cache bagages",
        "T\u00e9moin de bouclage ceinture conducteur",
        "T\u00e9moin de bouclage des ceintures AV",
        "Temp\u00e9rature ext\u00e9rieure",
        "Troisi\u00e8me ceinture de s\u00e9curit\u00e9",
        "Verrouillage auto. des portes en roulant",
        "Verrouillage centralis\u00e9 \u00e0 distance",
        "Verrouillage centralis\u00e9 des portes",
        "Vitres arri\u00e8re \u00e9lectriques",
        "Vitres avant \u00e9lectriques",
        "Vitres teint\u00e9es",
        "Volant multifonction",
        "Volant r\u00e9glable en profondeur et hauteur",
        "ABS",
        "Aide au d\u00e9marrage en c\u00f4te",
        "Aide au freinage d'urgence",
        "Airbag conducteur",
        "Airbag passager d\u00e9connectable",
        "Airbags lat\u00e9raux avant",
        "Antid\u00e9marrage \u00e9lectronique",
        "Antipatinage",
        "Appui-t\u00eate conducteur r\u00e9glable hauteur",
        "Appui-t\u00eate passager r\u00e9glable en hauteur",
        "Arr\u00eat et red\u00e9marrage auto. du moteur",
        "Bacs de portes arri\u00e8re",
        "Bacs de portes avant",
        "Banquette 1/3-2/3",
        "Banquette AR rabattable",
        "Banquette arri\u00e8re 3 places",
        "Barres de toit",
        "Boite \u00e0 gants ferm\u00e9e",
        "Boucliers AV et AR couleur caisse",
        "Capteur de luminosit\u00e9",
        "Clim manuelle",
        "Commande Mode ECO",
        "Commandes du syst\u00e8me audio au volant",
        "Compte tours",
        "D\u00e9tecteur de sous-gonflage",
        "EBD",
        "ESP",
        "Feux de jour \u00e0 LED",
        "Filtre \u00e0 particules",
        "Fixations Isofix aux places arri\u00e8res",
        "Fonction MP3",
        "Jantes Alu",
        "Kit mains-libres Bluetooth",
        "Lampe de coffre",
        "Limiteur de vitesse",
        "Lunette AR d\u00e9givrante",
        "Miroir de courtoisie conducteur",
        "Miroir de courtoisie passager",
        "Ordinateur de bord",
        "Ouverture des vitres s\u00e9quentielle",
        "Phares antibrouillard",
        "Phares halog\u00e8nes",
        "Poches d'aumoni\u00e8res",
        "Poign\u00e9es ton carrosserie",
        "Porte-gobelets avant",
        "Pr\u00e9-\u00e9quipement Radio",
        "Pr\u00e9paration Isofix",
        "Prise 12V",
        "Prise Jack",
        "Prise USB",
        "Radar de stationnement AR",
        "Radio",
        "R\u00e9gulateur de vitesse",
        "R\u00e9troviseurs d\u00e9givrants",
        "R\u00e9troviseurs \u00e9lectriques",
        "Sellerie Confort",
        "Si\u00e8ge conducteur r\u00e9glable en hauteur",
        "Sortie d'\u00e9chappement chrom\u00e9e",
        "Syst\u00e8me de r\u00e9cup\u00e9ration \u00e9nergie freinage",
        "Tablette cache bagages",
        "T\u00e9moin de bouclage ceinture conducteur",
        "T\u00e9moin de bouclage des ceintures AV",
        "Temp\u00e9rature ext\u00e9rieure",
        "Troisi\u00e8me ceinture de s\u00e9curit\u00e9",
        "Verrouillage auto. des portes en roulant",
        "Verrouillage centralis\u00e9 \u00e0 distance",
        "Verrouillage centralis\u00e9 des portes",
        "Vitres arri\u00e8re \u00e9lectriques",
        "Vitres avant \u00e9lectriques",
        "Vitres teint\u00e9es",
        "Volant multifonction",
        "Volant r\u00e9glable en profondeur et hauteur"
    ]
}