{
    "marque": "MERCEDES",
    "modele": "GLC",
    "couleur": "Blanc polaire",
    "kilometrage": "40 500 Km",
    "boite_de_vitesse": "Automatique",
    "annee": "2019",
    "prix_ttc": "39 999 \u20ac",
    "puissance_fiscale": "13 CV",
    "type_vehicule": "SUV",
    "carburant": "Essence",
    "portes": "5 portes",
    "places": "5 places",
    "ville": "REZ\u00c9 (44400)",
    "garantie": "Premium AUTOSPHERE 12 mois",
    "mise_en_circulation": "27/06/2019",
    "reference": "1276-8779-60 (mu44c4)",
    "equipements": [
        "radar_recul",
        "gps",
        "bluetooth",
        "clim_auto",
        "regulateur_vitesse",
        "toit_ouvrant",
        "toit_panoramique",
        "feux_led",
        "isofix",
        "jantes_alliage",
        "radar_recul",
        "gps",
        "bluetooth",
        "clim_auto",
        "regulateur_vitesse",
        "toit_ouvrant",
        "toit_panoramique",
        "feux_led",
        "isofix",
        "jantes_alliage"
    ],
    "liste_equipements_serie": [
        "ABS",
        "Accoudoir central AV avec rangement",
        "Aide au d\u00e9marrage en c\u00f4te",
        "Aide au freinage d'urgence",
        "Airbag conducteur",
        "Airbag genoux",
        "Airbag passager",
        "Airbag passager d\u00e9connectable",
        "Airbags lat\u00e9raux avant",
        "Antid\u00e9marrage \u00e9lectronique",
        "Antipatinage",
        "Arr\u00eat et red\u00e9marrage auto. du moteur",
        "Bacs de portes avant",
        "Banquette 40/20/40",
        "Banquette AR rabattable",
        "Banquette arri\u00e8re 3 places",
        "Barres de toit",
        "Boite \u00e0 gants ferm\u00e9e",
        "Boucliers AV et AR couleur caisse",
        "Calandre chrom\u00e9e",
        "Capteur de luminosit\u00e9",
        "Capteur de pluie",
        "Ceinture de vitrage chrom\u00e9e",
        "Clim automatique bi-zones",
        "Coffre assist\u00e9 \u00e9lectriquement",
        "Commande du comportement dynamique",
        "Commandes vocales",
        "Compte tours",
        "Contr\u00f4le \u00e9lect. de la pression des pneus",
        "Correcteur d'assiette",
        "D\u00e9marrage sans cl\u00e9",
        "Eclairage d'ambiance",
        "Ecran multifonction couleur",
        "ESP",
        "Feux arri\u00e8re \u00e0 LED",
        "Feux de jour \u00e0 LED",
        "Filets de coffre",
        "Fixations Isofix aux places arri\u00e8res",
        "Fonction appel d'urgence",
        "Fonction MP3",
        "GPS Cartographique",
        "Inserts de porte bois",
        "Inserts de tableau de bord cuir",
        "Inserts de tableau de bord m\u00e9tal",
        "Jantes Alu",
        "Kit mains-libres Bluetooth",
        "Lampes de lecture \u00e0 l'arri\u00e8re",
        "Lampes de lecture \u00e0 l'avant",
        "Lecteur carte SD",
        "Lecteur CD",
        "Lecteur DVD",
        "Limiteur de vitesse",
        "Lunette arri\u00e8re surteint\u00e9e",
        "Miroir de courtoisie conducteur \u00e9clair\u00e9",
        "Miroir de courtoisie passager \u00e9clair\u00e9",
        "Navigateur Internet",
        "Ordinateur de bord",
        "Ouverture des vitres s\u00e9quentielle",
        "Palettes changement vitesses au volant",
        "P\u00e9dalier sport",
        "Phares avant LED",
        "Prise 12V",
        "Prise USB",
        "Radar de stationnement AR",
        "Radar de stationnement AV",
        "Radio",
        "Reconnaissance panneaux de signalisation",
        "R\u00e9gulateur de vitesse",
        "R\u00e9p\u00e9titeurs de clignotant dans r\u00e9tro ext",
        "R\u00e9troviseur int\u00e9rieur jour/nuit",
        "R\u00e9troviseurs d\u00e9givrants",
        "R\u00e9troviseurs \u00e9lectriques",
        "R\u00e9troviseurs rabattables \u00e9lectriquement",
        "Services connect\u00e9s",
        "Si\u00e8ge cond. avec r\u00e9glage lombaire \u00e9lectr",
        "Si\u00e8ge conducteur \u00e9lectrique",
        "Si\u00e8ge conducteur r\u00e9glable en hauteur",
        "Si\u00e8ge passager \u00e0 r\u00e9glages \u00e9lectriques",
        "Si\u00e8ge passager avec r\u00e9glage lombaire",
        "Si\u00e8ge passager r\u00e9glable en hauteur",
        "Si\u00e8ges sport",
        "Suspension adaptative",
        "Syst\u00e8me d'assistance au stationnement",
        "Syst\u00e8me de contr\u00f4le des angles morts",
        "Syst\u00e8me de d\u00e9tection de somnolence",
        "Syst\u00e8me de localisation par satellite",
        "Syst\u00e8me de pr\u00e9vention des collisions",
        "Tablette cache bagages",
        "Temp\u00e9rature ext\u00e9rieure",
        "TMC",
        "Toit ouvrant",
        "Toit panoramique en verre",
        "Troisi\u00e8me ceinture de s\u00e9curit\u00e9",
        "Verrouillage auto. des portes en roulant",
        "Verrouillage centralis\u00e9 \u00e0 distance",
        "Vitres arri\u00e8re \u00e9lectriques",
        "Vitres arri\u00e8re surteint\u00e9es",
        "Vitres avant \u00e9lectriques",
        "Volant cuir",
        "Volant multifonction",
        "Volant r\u00e9glable en profondeur et hauteur",
        "Volant sport",
        "ABS",
        "Accoudoir central AV avec rangement",
        "Aide au d\u00e9marrage en c\u00f4te",
        "Aide au freinage d'urgence",
        "Airbag conducteur",
        "Airbag genoux",
        "Airbag passager",
        "Airbag passager d\u00e9connectable",
        "Airbags lat\u00e9raux avant",
        "Antid\u00e9marrage \u00e9lectronique",
        "Antipatinage",
        "Arr\u00eat et red\u00e9marrage auto. du moteur",
        "Bacs de portes avant",
        "Banquette 40/20/40",
        "Banquette AR rabattable",
        "Banquette arri\u00e8re 3 places",
        "Barres de toit",
        "Boite \u00e0 gants ferm\u00e9e",
        "Boucliers AV et AR couleur caisse",
        "Calandre chrom\u00e9e",
        "Capteur de luminosit\u00e9",
        "Capteur de pluie",
        "Ceinture de vitrage chrom\u00e9e",
        "Clim automatique bi-zones",
        "Coffre assist\u00e9 \u00e9lectriquement",
        "Commande du comportement dynamique",
        "Commandes vocales",
        "Compte tours",
        "Contr\u00f4le \u00e9lect. de la pression des pneus",
        "Correcteur d'assiette",
        "D\u00e9marrage sans cl\u00e9",
        "Eclairage d'ambiance",
        "Ecran multifonction couleur",
        "ESP",
        "Feux arri\u00e8re \u00e0 LED",
        "Feux de jour \u00e0 LED",
        "Filets de coffre",
        "Fixations Isofix aux places arri\u00e8res",
        "Fonction appel d'urgence",
        "Fonction MP3",
        "GPS Cartographique",
        "Inserts de porte bois",
        "Inserts de tableau de bord cuir",
        "Inserts de tableau de bord m\u00e9tal",
        "Jantes Alu",
        "Kit mains-libres Bluetooth",
        "Lampes de lecture \u00e0 l'arri\u00e8re",
        "Lampes de lecture \u00e0 l'avant",
        "Lecteur carte SD",
        "Lecteur CD",
        "Lecteur DVD",
        "Limiteur de vitesse",
        "Lunette arri\u00e8re surteint\u00e9e",
        "Miroir de courtoisie conducteur \u00e9clair\u00e9",
        "Miroir de courtoisie passager \u00e9clair\u00e9",
        "Navigateur Internet",
        "Ordinateur de bord",
        "Ouverture des vitres s\u00e9quentielle",
        "Palettes changement vitesses au volant",
        "P\u00e9dalier sport",
        "Phares avant LED",
        "Prise 12V",
        "Prise USB",
        "Radar de stationnement AR",
        "Radar de stationnement AV",
        "Radio",
        "Reconnaissance panneaux de signalisation",
        "R\u00e9gulateur de vitesse",
        "R\u00e9p\u00e9titeurs de clignotant dans r\u00e9tro ext",
        "R\u00e9troviseur int\u00e9rieur jour/nuit",
        "R\u00e9troviseurs d\u00e9givrants",
        "R\u00e9troviseurs \u00e9lectriques",
        "R\u00e9troviseurs rabattables \u00e9lectriquement",
        "Services connect\u00e9s",
        "Si\u00e8ge cond. avec r\u00e9glage lombaire \u00e9lectr",
        "Si\u00e8ge conducteur \u00e9lectrique",
        "Si\u00e8ge conducteur r\u00e9glable en hauteur",
        "Si\u00e8ge passager \u00e0 r\u00e9glages \u00e9lectriques",
        "Si\u00e8ge passager avec r\u00e9glage lombaire",
        "Si\u00e8ge passager r\u00e9glable en hauteur",
        "Si\u00e8ges sport",
        "Suspension adaptative",
        "Syst\u00e8me d'assistance au stationnement",
        "Syst\u00e8me de contr\u00f4le des angles morts",
        "Syst\u00e8me de d\u00e9tection de somnolence",
        "Syst\u00e8me de localisation par satellite",
        "Syst\u00e8me de pr\u00e9vention des collisions",
        "Tablette cache bagages",
        "Temp\u00e9rature ext\u00e9rieure",
        "TMC",
        "Toit ouvrant",
        "Toit panoramique en verre",
        "Troisi\u00e8me ceinture de s\u00e9curit\u00e9",
        "Verrouillage auto. des portes en roulant",
        "Verrouillage centralis\u00e9 \u00e0 distance",
        "Vitres arri\u00e8re \u00e9lectriques",
        "Vitres arri\u00e8re surteint\u00e9es",
        "Vitres avant \u00e9lectriques",
        "Volant cuir",
        "Volant multifonction",
        "Volant r\u00e9glable en profondeur et hauteur",
        "Volant sport"
    ]
}