{
    "marque": "DS",
    "modele": "DS 7 CROSSBACK",
    "couleur": "Noire Perla Nera (N)",
    "kilometrage": "64 732 Km",
    "boite_de_vitesse": "Automatique",
    "annee": "2021",
    "prix_ttc": "37 299 \u20ac",
    "puissance_fiscale": "11 CV",
    "type_vehicule": "SUV",
    "carburant": "Hybride rechargeable",
    "portes": "5 portes",
    "places": "5 places",
    "ville": "RILLIEUX-LA-PAPE (69140)",
    "garantie": "Label Toyota Occasions 36 mois IC",
    "mise_en_circulation": "25/01/2021",
    "reference": "3087-3587-14 (siv7a)",
    "equipements": [
        "cam_recul",
        "gps",
        "clim_auto",
        "toit_ouvrant",
        "inte_cuir",
        "isofix",
        "jantes_alliage",
        "cam_recul",
        "gps",
        "clim_auto",
        "toit_ouvrant",
        "inte_cuir",
        "isofix",
        "jantes_alliage"
    ],
    "liste_equipements_serie": [
        "ABS",
        "Accoudoir arri\u00e8re",
        "Accoudoir central AV avec rangement",
        "AFIL",
        "Aide au d\u00e9marrage en c\u00f4te",
        "Aide au freinage d'urgence",
        "Aide au stat. AV et AR + Cam\u00e9ra de recul",
        "Airbag conducteur",
        "Airbag passager",
        "Airbag passager d\u00e9connectable",
        "Airbags lat\u00e9raux arri\u00e8re",
        "Airbags lat\u00e9raux avant",
        "Airbags rideaux",
        "Airbags rideaux AR",
        "Alarme - SCCP et s\u00e9curit\u00e9 enfant \u00e9lect.",
        "Allumage des phares automatique",
        "Antipatinage",
        "Appel d'Assistance Localis\u00e9",
        "Appel d'Urgence Localis\u00e9",
        "Assistance de maintient de trajectoire",
        "Bacs de portes arri\u00e8re",
        "Bacs de portes avant",
        "Banquette 1/3-2/3",
        "Banquette AR rabattable",
        "Banquette AR rabattable automatiquement",
        "Barres de toit aluminium",
        "Boite \u00e0 gants \u00e9clair\u00e9e et r\u00e9frig\u00e9rable",
        "Capteur de pluie",
        "Ceinture de vitrage chrom\u00e9e",
        "Chargeur sans fil",
        "Climatisation automatique bizone",
        "Clim automatique arriere",
        "Clim automatique bi-zones",
        "Combin\u00e9 num\u00e9rique 12\"",
        "Commandes vocales",
        "Contr\u00f4le de Traction Intelligent",
        "D\u00e9marrage sans cl\u00e9",
        "D\u00e9tecteur de sous-gonflage",
        "DS Active LED Vision",
        "DS ACTIVE SCAN SUSPENSION",
        "DS CONNECT NAV avec radio num\u00e9rique",
        "Echappement \u00e0 double sortie",
        "Eclairage d'ambiance",
        "\u00c9clairage d'ambiance int\u00e9gral \u00e0 LED",
        "\u00c9clairage PolyAmbient",
        "Eclairage statique d'intersection",
        "Ecran couleur",
        "Ecran tactile",
        "ESP",
        "Feux arri\u00e8re \u00e0 LED",
        "Feux de freinage d'urgence",
        "Feux de jour \u00e0 LED",
        "Filtre \u00e0 Pollen",
        "Fixation Isofix si\u00e8ge passager avant",
        "Fixations Isofix aux places arri\u00e8res",
        "Follow me home",
        "Freinage automatique d'urgence",
        "Freinage d'urg. auto. + Pk S\u00e9cu. Etendue",
        "Frein stationnement \u00e9lectrique automatiq",
        "Gris Platinium (M)",
        "Inspiration DS OPERA Noir Art Basalte",
        "JA 20\" ALEXANDRIA",
        "Limiteur de vitesse",
        "Lunette arri\u00e8re surteint\u00e9e",
        "Miroir de courtoisie conducteur \u00e9clair\u00e9",
        "Miroir de courtoisie passager \u00e9clair\u00e9",
        "Montre B.R.M R180",
        "Ordinateur de bord",
        "Pack Easy Access",
        "Pack Modularit\u00e9",
        "Pack Si\u00e8ges Confort",
        "Pack Si\u00e8ges \u00c9lectriques",
        "Palettes changement vitesses au volant",
        "Pare-brise acoustique",
        "Pare-brise chauffant",
        "P\u00e9dalier et repose-pied en aluminium",
        "Phares antibrouillard LED",
        "Poches d'aumoni\u00e8res",
        "Poign\u00e9es ton carrosserie",
        "Prise 12V",
        "Prise USB",
        "Projecteurs antibrouillard \u00e0 LED",
        "Reconnaissance panneaux de signalisation",
        "R\u00e9partiteur \u00e9lectronique de freinage",
        "R\u00e9p\u00e9titeurs de clignotant dans r\u00e9tro ext",
        "R\u00e9tro, rab. \u00e9lect., ind. marche AR",
        "R\u00e9tro. ext. rab. \u00e9lect., logo DS au sol",
        "R\u00e9tro. Int. \u00e9lectrochrome sans cadre",
        "R\u00e9troviseur int\u00e9rieur \u00e9lectrochrome",
        "R\u00e9troviseurs d\u00e9givrants",
        "R\u00e9troviseurs \u00e9lectriques",
        "Sellerie Cuir grain\u00e9 Noir Basalte",
        "Services connect\u00e9s",
        "Si\u00e8ge conducteur r\u00e9glable en hauteur",
        "Si\u00e8ge passager r\u00e9glable en hauteur",
        "Si\u00e8ges avant chauffants",
        "Si\u00e8ges avant massants",
        "Si\u00e8ges avant ventil\u00e9s",
        "Si\u00e8ges AV  avec r\u00e9glage lombaire \u00e9lectr",
        "Surtapis avant et arri\u00e8re",
        "Syst\u00e8me d'acc\u00e8s sans cl\u00e9",
        "Syst\u00e8me d'\u00e9clairage intelligent",
        "Syst\u00e8me de d\u00e9tection de somnolence",
        "Syst\u00e8me Hi-Fi Surround",
        "T\u00e9moin de bouclage des ceintures AV",
        "Verrouillage centralis\u00e9 \u00e0 distance",
        "Verrouillage centralis\u00e9 des portes",
        "Vitrage lat\u00e9ral feuillet\u00e9",
        "Vitres arri\u00e8re \u00e9lectriques",
        "Vitres arri\u00e8re surteint\u00e9es",
        "Vitres avant \u00e9lectriques",
        "Vitres-lunette AR surteint.+feuillet\u00e9es",
        "Volant cuir",
        "Volant multifonction",
        "Volant r\u00e9glable en profondeur et hauteur",
        "ABS",
        "Accoudoir arri\u00e8re",
        "Accoudoir central AV avec rangement",
        "AFIL",
        "Aide au d\u00e9marrage en c\u00f4te",
        "Aide au freinage d'urgence",
        "Aide au stat. AV et AR + Cam\u00e9ra de recul",
        "Airbag conducteur",
        "Airbag passager",
        "Airbag passager d\u00e9connectable",
        "Airbags lat\u00e9raux arri\u00e8re",
        "Airbags lat\u00e9raux avant",
        "Airbags rideaux",
        "Airbags rideaux AR",
        "Alarme - SCCP et s\u00e9curit\u00e9 enfant \u00e9lect.",
        "Allumage des phares automatique",
        "Antipatinage",
        "Appel d'Assistance Localis\u00e9",
        "Appel d'Urgence Localis\u00e9",
        "Assistance de maintient de trajectoire",
        "Bacs de portes arri\u00e8re",
        "Bacs de portes avant",
        "Banquette 1/3-2/3",
        "Banquette AR rabattable",
        "Banquette AR rabattable automatiquement",
        "Barres de toit aluminium",
        "Boite \u00e0 gants \u00e9clair\u00e9e et r\u00e9frig\u00e9rable",
        "Capteur de pluie",
        "Ceinture de vitrage chrom\u00e9e",
        "Chargeur sans fil",
        "Climatisation automatique bizone",
        "Clim automatique arriere",
        "Clim automatique bi-zones",
        "Combin\u00e9 num\u00e9rique 12\"",
        "Commandes vocales",
        "Contr\u00f4le de Traction Intelligent",
        "D\u00e9marrage sans cl\u00e9",
        "D\u00e9tecteur de sous-gonflage",
        "DS Active LED Vision",
        "DS ACTIVE SCAN SUSPENSION",
        "DS CONNECT NAV avec radio num\u00e9rique",
        "Echappement \u00e0 double sortie",
        "Eclairage d'ambiance",
        "\u00c9clairage d'ambiance int\u00e9gral \u00e0 LED",
        "\u00c9clairage PolyAmbient",
        "Eclairage statique d'intersection",
        "Ecran couleur",
        "Ecran tactile",
        "ESP",
        "Feux arri\u00e8re \u00e0 LED",
        "Feux de freinage d'urgence",
        "Feux de jour \u00e0 LED",
        "Filtre \u00e0 Pollen",
        "Fixation Isofix si\u00e8ge passager avant",
        "Fixations Isofix aux places arri\u00e8res",
        "Follow me home",
        "Freinage automatique d'urgence",
        "Freinage d'urg. auto. + Pk S\u00e9cu. Etendue",
        "Frein stationnement \u00e9lectrique automatiq",
        "Gris Platinium (M)",
        "Inspiration DS OPERA Noir Art Basalte",
        "JA 20\" ALEXANDRIA",
        "Limiteur de vitesse",
        "Lunette arri\u00e8re surteint\u00e9e",
        "Miroir de courtoisie conducteur \u00e9clair\u00e9",
        "Miroir de courtoisie passager \u00e9clair\u00e9",
        "Montre B.R.M R180",
        "Ordinateur de bord",
        "Pack Easy Access",
        "Pack Modularit\u00e9",
        "Pack Si\u00e8ges Confort",
        "Pack Si\u00e8ges \u00c9lectriques",
        "Palettes changement vitesses au volant",
        "Pare-brise acoustique",
        "Pare-brise chauffant",
        "P\u00e9dalier et repose-pied en aluminium",
        "Phares antibrouillard LED",
        "Poches d'aumoni\u00e8res",
        "Poign\u00e9es ton carrosserie",
        "Prise 12V",
        "Prise USB",
        "Projecteurs antibrouillard \u00e0 LED",
        "Reconnaissance panneaux de signalisation",
        "R\u00e9partiteur \u00e9lectronique de freinage",
        "R\u00e9p\u00e9titeurs de clignotant dans r\u00e9tro ext",
        "R\u00e9tro, rab. \u00e9lect., ind. marche AR",
        "R\u00e9tro. ext. rab. \u00e9lect., logo DS au sol",
        "R\u00e9tro. Int. \u00e9lectrochrome sans cadre",
        "R\u00e9troviseur int\u00e9rieur \u00e9lectrochrome",
        "R\u00e9troviseurs d\u00e9givrants",
        "R\u00e9troviseurs \u00e9lectriques",
        "Sellerie Cuir grain\u00e9 Noir Basalte",
        "Services connect\u00e9s",
        "Si\u00e8ge conducteur r\u00e9glable en hauteur",
        "Si\u00e8ge passager r\u00e9glable en hauteur",
        "Si\u00e8ges avant chauffants",
        "Si\u00e8ges avant massants",
        "Si\u00e8ges avant ventil\u00e9s",
        "Si\u00e8ges AV  avec r\u00e9glage lombaire \u00e9lectr",
        "Surtapis avant et arri\u00e8re",
        "Syst\u00e8me d'acc\u00e8s sans cl\u00e9",
        "Syst\u00e8me d'\u00e9clairage intelligent",
        "Syst\u00e8me de d\u00e9tection de somnolence",
        "Syst\u00e8me Hi-Fi Surround",
        "T\u00e9moin de bouclage des ceintures AV",
        "Verrouillage centralis\u00e9 \u00e0 distance",
        "Verrouillage centralis\u00e9 des portes",
        "Vitrage lat\u00e9ral feuillet\u00e9",
        "Vitres arri\u00e8re \u00e9lectriques",
        "Vitres arri\u00e8re surteint\u00e9es",
        "Vitres avant \u00e9lectriques",
        "Vitres-lunette AR surteint.+feuillet\u00e9es",
        "Volant cuir",
        "Volant multifonction",
        "Volant r\u00e9glable en profondeur et hauteur"
    ]
}