{
    "marque": "RENAULT",
    "modele": "TWINGO",
    "couleur": "Rouge Flamme",
    "kilometrage": "18 647 Km",
    "boite_de_vitesse": "Manuelle",
    "annee": "2019",
    "prix_ttc": "11 350 \u20ac",
    "puissance_fiscale": "5 CV",
    "type_vehicule": "Berline",
    "carburant": "Essence",
    "portes": "5 portes",
    "places": "4 places",
    "ville": "ROMANS-SUR-IS\u00c8RE (26100)",
    "garantie": "Garantie CS+ 6 Mois",
    "mise_en_circulation": "28/09/2019",
    "reference": "5704-7939-40 (ber7)",
    "equipements": [],
    "liste_equipements_serie": [
        "2 Haut parleurs",
        "ABS",
        "Aide au d\u00e9marrage en c\u00f4te",
        "Aide au freinage d'urgence",
        "Airbag conducteur",
        "Airbag passager",
        "Airbag passager d\u00e9connectable",
        "Airbags lat\u00e9raux avant",
        "Antid\u00e9marrage \u00e9lectronique",
        "Arr\u00eat et red\u00e9marrage auto. du moteur",
        "Bacs de portes arri\u00e8re",
        "Bacs de portes avant",
        "Banquette 50/50",
        "Banquette AR rabattable",
        "Becquet arri\u00e8re",
        "Boite \u00e0 gants ferm\u00e9e",
        "Boucliers AV et AR couleur caisse",
        "Clim manuelle",
        "Commandes du syst\u00e8me audio au volant",
        "D\u00e9tecteur de sous-gonflage",
        "Direction assist\u00e9e",
        "EBD",
        "Enjoliveurs",
        "ESP",
        "Feux de freinage d'urgence",
        "Feux de jour \u00e0 LED",
        "Fixations Isofix aux places arri\u00e8res",
        "Hayon arri\u00e8re",
        "Kit mains-libres Bluetooth",
        "Limiteur de vitesse",
        "Lunette AR d\u00e9givrante",
        "Lunette arri\u00e8re",
        "Miroir de courtoisie conducteur",
        "Miroir de courtoisie passager",
        "Ordinateur de bord",
        "Ouverture des vitres s\u00e9quentielle",
        "Poign\u00e9es ton carrosserie",
        "Pr\u00e9paration Isofix",
        "Prise 12V",
        "Prise Jack",
        "Prise USB",
        "Radio",
        "R\u00e9troviseurs d\u00e9givrants",
        "R\u00e9troviseurs \u00e9lectriques",
        "Tablette cache bagages",
        "T\u00e9moin de bouclage ceinture conducteur",
        "T\u00e9moin de bouclage des ceintures AV",
        "Tissu Noir / Gris",
        "Verrouillage auto. des portes en roulant",
        "Verrouillage centralis\u00e9 \u00e0 distance",
        "Vitres avant \u00e9lectriques",
        "Vitres teint\u00e9es",
        "Volant r\u00e9glable en hauteur",
        "2 Haut parleurs",
        "ABS",
        "Aide au d\u00e9marrage en c\u00f4te",
        "Aide au freinage d'urgence",
        "Airbag conducteur",
        "Airbag passager",
        "Airbag passager d\u00e9connectable",
        "Airbags lat\u00e9raux avant",
        "Antid\u00e9marrage \u00e9lectronique",
        "Arr\u00eat et red\u00e9marrage auto. du moteur",
        "Bacs de portes arri\u00e8re",
        "Bacs de portes avant",
        "Banquette 50/50",
        "Banquette AR rabattable",
        "Becquet arri\u00e8re",
        "Boite \u00e0 gants ferm\u00e9e",
        "Boucliers AV et AR couleur caisse",
        "Clim manuelle",
        "Commandes du syst\u00e8me audio au volant",
        "D\u00e9tecteur de sous-gonflage",
        "Direction assist\u00e9e",
        "EBD",
        "Enjoliveurs",
        "ESP",
        "Feux de freinage d'urgence",
        "Feux de jour \u00e0 LED",
        "Fixations Isofix aux places arri\u00e8res",
        "Hayon arri\u00e8re",
        "Kit mains-libres Bluetooth",
        "Limiteur de vitesse",
        "Lunette AR d\u00e9givrante",
        "Lunette arri\u00e8re",
        "Miroir de courtoisie conducteur",
        "Miroir de courtoisie passager",
        "Ordinateur de bord",
        "Ouverture des vitres s\u00e9quentielle",
        "Poign\u00e9es ton carrosserie",
        "Pr\u00e9paration Isofix",
        "Prise 12V",
        "Prise Jack",
        "Prise USB",
        "Radio",
        "R\u00e9troviseurs d\u00e9givrants",
        "R\u00e9troviseurs \u00e9lectriques",
        "Tablette cache bagages",
        "T\u00e9moin de bouclage ceinture conducteur",
        "T\u00e9moin de bouclage des ceintures AV",
        "Tissu Noir / Gris",
        "Verrouillage auto. des portes en roulant",
        "Verrouillage centralis\u00e9 \u00e0 distance",
        "Vitres avant \u00e9lectriques",
        "Vitres teint\u00e9es",
        "Volant r\u00e9glable en hauteur"
    ]
}