{
    "marque": "MINI",
    "modele": "MINI",
    "couleur": "Blazing red",
    "kilometrage": "89 314 Km",
    "boite_de_vitesse": "Manuelle",
    "annee": "2016",
    "prix_ttc": "12 299 \u20ac",
    "puissance_fiscale": "4 CV",
    "type_vehicule": "Berline",
    "carburant": "Essence",
    "portes": "3 portes",
    "places": "4 places",
    "ville": "BAYONNE (64100)",
    "garantie": "Autosph\u00e8re Occasions Summum 12 mois",
    "mise_en_circulation": "18/01/2016",
    "reference": "2133-9649-05 (dul2)",
    "equipements": [],
    "liste_equipements_serie": [
        "4 Haut parleurs",
        "ABS",
        "Aide au freinage d'urgence",
        "Airbag conducteur",
        "Airbag passager",
        "Airbags lat\u00e9raux avant",
        "Airbags rideaux AV et AR",
        "Antid\u00e9marrage \u00e9lectronique",
        "Antipatinage",
        "Appui-t\u00eate conducteur r\u00e9glable hauteur",
        "Appui-t\u00eate passager r\u00e9glable en hauteur",
        "Arr\u00eat et red\u00e9marrage auto. du moteur",
        "Bacs de portes avant",
        "Banquette 2 places",
        "Banquette 60/40",
        "Banquette AR rabattable",
        "Becquet arri\u00e8re",
        "Blocage \u00e9lectronique du diff\u00e9rentiel",
        "Boite \u00e0 gants \u00e9clair\u00e9e et r\u00e9frig\u00e9rable",
        "Boucliers AV et AR couleur caisse",
        "Buses de lave-glace chauffantes",
        "Clim manuelle",
        "Compte tours",
        "Contr\u00f4le de freinage en courbe",
        "Contr\u00f4le \u00e9lect. de la pression des pneus",
        "D\u00e9marrage sans cl\u00e9",
        "EBD",
        "ESP",
        "Essuie-glace arri\u00e8re",
        "Feux de freinage d'urgence",
        "Feux de jour",
        "Filtre \u00e0 Pollen",
        "Fixations Isofix aux places arri\u00e8res",
        "Follow me home",
        "Fonction MP3",
        "Jantes Alu",
        "Kit mains-libres Bluetooth",
        "Lunette AR d\u00e9givrante",
        "Ordinateur de bord",
        "Ouverture des vitres s\u00e9quentielle",
        "Phares antibrouillard",
        "Phares halog\u00e8nes",
        "Porte-gobelets avant",
        "Pr\u00e9paration Isofix",
        "Prise 12V",
        "Prise auxiliaire de connexion audio",
        "Prise USB",
        "Radio",
        "R\u00e9troviseurs d\u00e9givrants",
        "R\u00e9troviseurs \u00e9lectriques",
        "Si\u00e8ge conducteur r\u00e9glable en hauteur",
        "Si\u00e8ge passager r\u00e9glable en hauteur",
        "Sortie d'\u00e9chappement chrom\u00e9e",
        "Syst\u00e8me de s\u00e9curit\u00e9 post-collisions",
        "Syst\u00e8me facilitant l'acc\u00e8s aux places AR",
        "Temp\u00e9rature ext\u00e9rieure",
        "Tissu Firework Carbon Black",
        "Verrouillage auto. des portes en roulant",
        "Verrouillage centralis\u00e9 \u00e0 distance",
        "Verrouillage centralis\u00e9 des portes",
        "Vitres avant \u00e9lectriques",
        "Vitres teint\u00e9es",
        "Volant cuir",
        "Volant r\u00e9glable en profondeur et hauteur",
        "Volant sport",
        "4 Haut parleurs",
        "ABS",
        "Aide au freinage d'urgence",
        "Airbag conducteur",
        "Airbag passager",
        "Airbags lat\u00e9raux avant",
        "Airbags rideaux AV et AR",
        "Antid\u00e9marrage \u00e9lectronique",
        "Antipatinage",
        "Appui-t\u00eate conducteur r\u00e9glable hauteur",
        "Appui-t\u00eate passager r\u00e9glable en hauteur",
        "Arr\u00eat et red\u00e9marrage auto. du moteur",
        "Bacs de portes avant",
        "Banquette 2 places",
        "Banquette 60/40",
        "Banquette AR rabattable",
        "Becquet arri\u00e8re",
        "Blocage \u00e9lectronique du diff\u00e9rentiel",
        "Boite \u00e0 gants \u00e9clair\u00e9e et r\u00e9frig\u00e9rable",
        "Boucliers AV et AR couleur caisse",
        "Buses de lave-glace chauffantes",
        "Clim manuelle",
        "Compte tours",
        "Contr\u00f4le de freinage en courbe",
        "Contr\u00f4le \u00e9lect. de la pression des pneus",
        "D\u00e9marrage sans cl\u00e9",
        "EBD",
        "ESP",
        "Essuie-glace arri\u00e8re",
        "Feux de freinage d'urgence",
        "Feux de jour",
        "Filtre \u00e0 Pollen",
        "Fixations Isofix aux places arri\u00e8res",
        "Follow me home",
        "Fonction MP3",
        "Jantes Alu",
        "Kit mains-libres Bluetooth",
        "Lunette AR d\u00e9givrante",
        "Ordinateur de bord",
        "Ouverture des vitres s\u00e9quentielle",
        "Phares antibrouillard",
        "Phares halog\u00e8nes",
        "Porte-gobelets avant",
        "Pr\u00e9paration Isofix",
        "Prise 12V",
        "Prise auxiliaire de connexion audio",
        "Prise USB",
        "Radio",
        "R\u00e9troviseurs d\u00e9givrants",
        "R\u00e9troviseurs \u00e9lectriques",
        "Si\u00e8ge conducteur r\u00e9glable en hauteur",
        "Si\u00e8ge passager r\u00e9glable en hauteur",
        "Sortie d'\u00e9chappement chrom\u00e9e",
        "Syst\u00e8me de s\u00e9curit\u00e9 post-collisions",
        "Syst\u00e8me facilitant l'acc\u00e8s aux places AR",
        "Temp\u00e9rature ext\u00e9rieure",
        "Tissu Firework Carbon Black",
        "Verrouillage auto. des portes en roulant",
        "Verrouillage centralis\u00e9 \u00e0 distance",
        "Verrouillage centralis\u00e9 des portes",
        "Vitres avant \u00e9lectriques",
        "Vitres teint\u00e9es",
        "Volant cuir",
        "Volant r\u00e9glable en profondeur et hauteur",
        "Volant sport"
    ]
}