{
    "marque": "PEUGEOT",
    "modele": "108",
    "couleur": "Bleu Smalt",
    "kilometrage": "62 048 Km",
    "boite_de_vitesse": "Manuelle",
    "annee": "2018",
    "prix_ttc": "8 480 \u20ac",
    "puissance_fiscale": "4 CV",
    "type_vehicule": "Berline",
    "carburant": "Essence",
    "portes": "3 portes",
    "places": "4 places",
    "ville": "SALAISE SUR SANNE (38150)",
    "garantie": "Garantie OR 6 mois",
    "mise_en_circulation": "27/04/2018",
    "reference": "1841-0753-05 (re38c6)",
    "equipements": [],
    "liste_equipements_serie": [
        "4 Haut parleurs",
        "ABS",
        "Aide au d\u00e9marrage en c\u00f4te",
        "Aide au freinage d'urgence",
        "Airbag conducteur",
        "Airbag passager d\u00e9connectable",
        "Airbags lat\u00e9raux avant",
        "Airbags rideaux",
        "Air conditionn\u00e9 manuel",
        "Antid\u00e9marrage \u00e9lectronique",
        "Antipatinage",
        "Appui-t\u00eate conducteur r\u00e9glable hauteur",
        "Appui-t\u00eate passager r\u00e9glable en hauteur",
        "Bacs de portes arri\u00e8re",
        "Bacs de portes avant",
        "Banquette 50/50",
        "Banquette AR rabattable",
        "Boite \u00e0 gants ferm\u00e9e",
        "Commandes du syst\u00e8me audio au volant",
        "D\u00e9cors int. Noir Brillant/Porcelaine",
        "D\u00e9tecteur de sous-gonflage",
        "ESP",
        "Essuie-glace arri\u00e8re",
        "Feux de jour \u00e0 LED",
        "Fonction MP3",
        "Kit mains-libres Bluetooth",
        "Levier vitesse cuir",
        "Limiteur de vitesse",
        "Miroir de courtoisie conducteur",
        "Miroir de courtoisie passager",
        "Pr\u00e9paration Isofix",
        "Prise 12V",
        "Prise Jack",
        "Prise USB",
        "Projecteurs antibrouillard",
        "Radio",
        "R\u00e9partiteur \u00e9lectronique de freinage",
        "Si\u00e8ge conducteur r\u00e9glable en hauteur",
        "Tablette cache bagages",
        "Verrouillage centralis\u00e9 \u00e0 distance",
        "Verrouillage centralis\u00e9 des portes",
        "Vitres avant \u00e9lectriques",
        "Volant cuir",
        "Volant r\u00e9glable en hauteur",
        "4 Haut parleurs",
        "ABS",
        "Aide au d\u00e9marrage en c\u00f4te",
        "Aide au freinage d'urgence",
        "Airbag conducteur",
        "Airbag passager d\u00e9connectable",
        "Airbags lat\u00e9raux avant",
        "Airbags rideaux",
        "Air conditionn\u00e9 manuel",
        "Antid\u00e9marrage \u00e9lectronique",
        "Antipatinage",
        "Appui-t\u00eate conducteur r\u00e9glable hauteur",
        "Appui-t\u00eate passager r\u00e9glable en hauteur",
        "Bacs de portes arri\u00e8re",
        "Bacs de portes avant",
        "Banquette 50/50",
        "Banquette AR rabattable",
        "Boite \u00e0 gants ferm\u00e9e",
        "Commandes du syst\u00e8me audio au volant",
        "D\u00e9cors int. Noir Brillant/Porcelaine",
        "D\u00e9tecteur de sous-gonflage",
        "ESP",
        "Essuie-glace arri\u00e8re",
        "Feux de jour \u00e0 LED",
        "Fonction MP3",
        "Kit mains-libres Bluetooth",
        "Levier vitesse cuir",
        "Limiteur de vitesse",
        "Miroir de courtoisie conducteur",
        "Miroir de courtoisie passager",
        "Pr\u00e9paration Isofix",
        "Prise 12V",
        "Prise Jack",
        "Prise USB",
        "Projecteurs antibrouillard",
        "Radio",
        "R\u00e9partiteur \u00e9lectronique de freinage",
        "Si\u00e8ge conducteur r\u00e9glable en hauteur",
        "Tablette cache bagages",
        "Verrouillage centralis\u00e9 \u00e0 distance",
        "Verrouillage centralis\u00e9 des portes",
        "Vitres avant \u00e9lectriques",
        "Volant cuir",
        "Volant r\u00e9glable en hauteur"
    ]
}