{
    "marque": "FIAT",
    "modele": "500",
    "couleur": "Coloris M\u00e9tal Op\u00e9ra Bordeaux",
    "kilometrage": "84 549 Km",
    "boite_de_vitesse": "Manuelle",
    "annee": "2017",
    "prix_ttc": "8 999 \u20ac",
    "puissance_fiscale": "4 CV",
    "type_vehicule": "Berline",
    "carburant": "Essence",
    "portes": "3 portes",
    "places": "4 places",
    "ville": "VALENCIENNES (59300)",
    "garantie": "Basic AUTOSPHERE 12 mois",
    "mise_en_circulation": "27/09/2017",
    "reference": "3016-7409-25 (jn59m1)",
    "equipements": [],
    "liste_equipements_serie": [
        "6 Haut parleurs",
        "ABS",
        "Aide au d\u00e9marrage en c\u00f4te",
        "Aide au freinage d'urgence",
        "Airbag conducteur",
        "Airbag genoux",
        "Airbag passager d\u00e9connectable",
        "Airbags lat\u00e9raux avant",
        "Airbags rideaux",
        "Antid\u00e9marrage \u00e9lectronique",
        "Antipatinage",
        "Appui-t\u00eate conducteur r\u00e9glable hauteur",
        "Appui-t\u00eate passager r\u00e9glable en hauteur",
        "Bacs de portes avant",
        "Banquette 2 places",
        "Banquette AR rabattable",
        "BAS",
        "Boucliers AV et AR couleur caisse",
        "Calandre chrom\u00e9e",
        "Ceinture de vitrage chrom\u00e9e",
        "Clim manuelle",
        "Coloris M\u00e9tal Tech House Grey",
        "Commandes du syst\u00e8me audio au volant",
        "Commandes vocales",
        "Compte tours",
        "EBD",
        "Ecran multifonction couleur",
        "Ecran tactile",
        "ESP",
        "Essuie-glace arri\u00e8re",
        "Feux de jour \u00e0 LED",
        "Filtre \u00e0 Pollen",
        "Follow me home",
        "Jantes Alu",
        "Kit mains-libres Bluetooth",
        "Lampe de coffre",
        "Limiteur de vitesse",
        "Lunette AR d\u00e9givrante",
        "Miroir de courtoisie passager \u00e9clair\u00e9",
        "Ordinateur de bord",
        "Phares antibrouillard",
        "Phares halog\u00e8nes",
        "Porte-gobelets arri\u00e8re",
        "Porte-gobelets avant",
        "Pr\u00e9paration Isofix",
        "Prise auxiliaire de connexion audio",
        "Prise USB",
        "Radar de stationnement AR",
        "Radio",
        "R\u00e9gulateur de vitesse",
        "R\u00e9troviseurs d\u00e9givrants",
        "R\u00e9troviseurs \u00e9lectriques",
        "Si\u00e8ge conducteur r\u00e9glable en hauteur",
        "Tablette cache bagages",
        "T\u00e9moin de perte de pression pneumatique",
        "Temp\u00e9rature ext\u00e9rieure",
        "Toit panoramique en verre",
        "Velum rang 1",
        "Velum rang 2",
        "Verrouillage auto. des portes en roulant",
        "Verrouillage centralis\u00e9 \u00e0 distance",
        "Vitres avant \u00e9lectriques",
        "Vitres teint\u00e9es",
        "Volant cuir",
        "Volant multifonction",
        "Volant r\u00e9glable en hauteur",
        "6 Haut parleurs",
        "ABS",
        "Aide au d\u00e9marrage en c\u00f4te",
        "Aide au freinage d'urgence",
        "Airbag conducteur",
        "Airbag genoux",
        "Airbag passager d\u00e9connectable",
        "Airbags lat\u00e9raux avant",
        "Airbags rideaux",
        "Antid\u00e9marrage \u00e9lectronique",
        "Antipatinage",
        "Appui-t\u00eate conducteur r\u00e9glable hauteur",
        "Appui-t\u00eate passager r\u00e9glable en hauteur",
        "Bacs de portes avant",
        "Banquette 2 places",
        "Banquette AR rabattable",
        "BAS",
        "Boucliers AV et AR couleur caisse",
        "Calandre chrom\u00e9e",
        "Ceinture de vitrage chrom\u00e9e",
        "Clim manuelle",
        "Coloris M\u00e9tal Tech House Grey",
        "Commandes du syst\u00e8me audio au volant",
        "Commandes vocales",
        "Compte tours",
        "EBD",
        "Ecran multifonction couleur",
        "Ecran tactile",
        "ESP",
        "Essuie-glace arri\u00e8re",
        "Feux de jour \u00e0 LED",
        "Filtre \u00e0 Pollen",
        "Follow me home",
        "Jantes Alu",
        "Kit mains-libres Bluetooth",
        "Lampe de coffre",
        "Limiteur de vitesse",
        "Lunette AR d\u00e9givrante",
        "Miroir de courtoisie passager \u00e9clair\u00e9",
        "Ordinateur de bord",
        "Phares antibrouillard",
        "Phares halog\u00e8nes",
        "Porte-gobelets arri\u00e8re",
        "Porte-gobelets avant",
        "Pr\u00e9paration Isofix",
        "Prise auxiliaire de connexion audio",
        "Prise USB",
        "Radar de stationnement AR",
        "Radio",
        "R\u00e9gulateur de vitesse",
        "R\u00e9troviseurs d\u00e9givrants",
        "R\u00e9troviseurs \u00e9lectriques",
        "Si\u00e8ge conducteur r\u00e9glable en hauteur",
        "Tablette cache bagages",
        "T\u00e9moin de perte de pression pneumatique",
        "Temp\u00e9rature ext\u00e9rieure",
        "Toit panoramique en verre",
        "Velum rang 1",
        "Velum rang 2",
        "Verrouillage auto. des portes en roulant",
        "Verrouillage centralis\u00e9 \u00e0 distance",
        "Vitres avant \u00e9lectriques",
        "Vitres teint\u00e9es",
        "Volant cuir",
        "Volant multifonction",
        "Volant r\u00e9glable en hauteur"
    ]
}