{
    "marque": "VOLKSWAGEN",
    "modele": "ID. BUZZ",
    "couleur": "Argent\u00e9",
    "kilometrage": "5 770 Km",
    "boite_de_vitesse": "Automatique",
    "annee": "2023",
    "prix_ttc": "51 799 \u20ac",
    "puissance_fiscale": "5 CV",
    "type_vehicule": "Monospace",
    "carburant": "Electrique",
    "portes": "5 portes",
    "places": "5 places",
    "ville": "POITIERS (86000)",
    "garantie": "Garantie Performance jusqu'au 5\u00e8me anniversaire",
    "mise_en_circulation": "16/06/2023",
    "reference": "4926-7645-00 (basa)",
    "equipements": [],
    "liste_equipements_serie": [
        "2 Portes lat\u00e9rales coulissantes",
        "9 Haut parleurs",
        "ABS",
        "Accoudoir central AV avec rangement",
        "AFIL",
        "Aide au freinage d'urgence",
        "Airbag conducteur",
        "Airbag passager d\u00e9connectable",
        "Airbags lat\u00e9raux avant",
        "Airbags rideaux",
        "Allumage des phares automatique",
        "Antid\u00e9marrage \u00e9lectronique",
        "Antipatinage",
        "Appel d'Urgence Localis\u00e9",
        "Argent Mono m\u00e9tallis\u00e9",
        "Assistance de maintient de trajectoire",
        "Bacs de portes avant",
        "Banquette AR rabattable",
        "Banquette arri\u00e8re 3 places",
        "Boite \u00e0 gants ferm\u00e9e",
        "Boucliers AV et AR couleur caisse",
        "Buses de lave-glace chauffantes",
        "Cam\u00e9ra vue panoramique 360\u00b0",
        "Capteur de pluie",
        "Ceintures avant ajustables en hauteur",
        "Clim automatique bi-zones",
        "Commandes du syst\u00e8me audio au volant",
        "Commandes vocales",
        "Compte tours",
        "Contr\u00f4le de Traction",
        "Contr\u00f4le \u00e9lect. de la pression des pneus",
        "D\u00e9marrage sans cl\u00e9",
        "D\u00e9tecteur d'obstacles de proximit\u00e9 avant",
        "Dispositif freinage automatique",
        "EBD",
        "Eclairage au sol",
        "Eclairage d'ambiance",
        "Ecran multifonction couleur",
        "Ecran tactile",
        "ESP",
        "Essuie-glace arri\u00e8re",
        "Feux arri\u00e8re \u00e0 LED",
        "Feux de jour \u00e0 LED",
        "Filtre \u00e0 Pollen",
        "Fonction MP3",
        "GPS Cartographique",
        "Hayon arri\u00e8re",
        "Interface Media",
        "Jantes Alu",
        "Lampe de coffre",
        "Lampes de lecture \u00e0 l'arri\u00e8re",
        "Lampes de lecture \u00e0 l'avant",
        "Limiteur de vitesse",
        "Lunette AR d\u00e9givrante",
        "Lunette arri\u00e8re teint\u00e9e",
        "Miroir de courtoisie conducteur \u00e9clair\u00e9",
        "Miroir de courtoisie passager \u00e9clair\u00e9",
        "Pare-brise chauffant",
        "Pare-brise thermique",
        "Phares avant LED",
        "Poign\u00e9es ton carrosserie",
        "Porte lat\u00e9rale arri\u00e8re droite",
        "Porte lat\u00e9rale arri\u00e8re gauche",
        "Prise 12V",
        "Prise USB",
        "Radar de stationnement AR",
        "Radar de stationnement AV",
        "Radio",
        "Radio num\u00e9rique DAB",
        "Reconnaissance panneaux de signalisation",
        "R\u00e9gulateur de vitesse adaptatif",
        "R\u00e9troviseur int\u00e9rieur \u00e9lectrochrome",
        "R\u00e9troviseurs d\u00e9givrants",
        "R\u00e9troviseurs \u00e9lectriques",
        "R\u00e9troviseurs ext. index\u00e9s \u00e0 la marche AR",
        "R\u00e9troviseurs rabattables \u00e9lectriquement",
        "Services connect\u00e9s",
        "Si\u00e8ge conducteur chauffant",
        "Si\u00e8ge conducteur r\u00e9glable en hauteur",
        "Si\u00e8ge passager chauffant",
        "Si\u00e8ge passager r\u00e9glable en hauteur",
        "Syst\u00e8me d'assistance au stationnement",
        "Syst\u00e8me d'assistance au stationnement AR",
        "Syst\u00e8me d'\u00e9clairage intelligent \u00e0 LED",
        "Syst\u00e8me de d\u00e9tection de somnolence",
        "Syst\u00e8me de pr\u00e9vention des collisions",
        "Tablette cache bagages",
        "T\u00e9moin de bouclage des ceintures AV",
        "Tissu Palladium-Soul Gris",
        "Troisi\u00e8me ceinture de s\u00e9curit\u00e9",
        "Verrouillage centralis\u00e9 \u00e0 distance",
        "Verrouillage centralis\u00e9 des portes",
        "Vitres arri\u00e8re teint\u00e9es",
        "Vitres lat\u00e9rales fixes sur rang 2",
        "Volant chauffant",
        "Volant multifonction",
        "2 Portes lat\u00e9rales coulissantes",
        "9 Haut parleurs",
        "ABS",
        "Accoudoir central AV avec rangement",
        "AFIL",
        "Aide au freinage d'urgence",
        "Airbag conducteur",
        "Airbag passager d\u00e9connectable",
        "Airbags lat\u00e9raux avant",
        "Airbags rideaux",
        "Allumage des phares automatique",
        "Antid\u00e9marrage \u00e9lectronique",
        "Antipatinage",
        "Appel d'Urgence Localis\u00e9",
        "Argent Mono m\u00e9tallis\u00e9",
        "Assistance de maintient de trajectoire",
        "Bacs de portes avant",
        "Banquette AR rabattable",
        "Banquette arri\u00e8re 3 places",
        "Boite \u00e0 gants ferm\u00e9e",
        "Boucliers AV et AR couleur caisse",
        "Buses de lave-glace chauffantes",
        "Cam\u00e9ra vue panoramique 360\u00b0",
        "Capteur de pluie",
        "Ceintures avant ajustables en hauteur",
        "Clim automatique bi-zones",
        "Commandes du syst\u00e8me audio au volant",
        "Commandes vocales",
        "Compte tours",
        "Contr\u00f4le de Traction",
        "Contr\u00f4le \u00e9lect. de la pression des pneus",
        "D\u00e9marrage sans cl\u00e9",
        "D\u00e9tecteur d'obstacles de proximit\u00e9 avant",
        "Dispositif freinage automatique",
        "EBD",
        "Eclairage au sol",
        "Eclairage d'ambiance",
        "Ecran multifonction couleur",
        "Ecran tactile",
        "ESP",
        "Essuie-glace arri\u00e8re",
        "Feux arri\u00e8re \u00e0 LED",
        "Feux de jour \u00e0 LED",
        "Filtre \u00e0 Pollen",
        "Fonction MP3",
        "GPS Cartographique",
        "Hayon arri\u00e8re",
        "Interface Media",
        "Jantes Alu",
        "Lampe de coffre",
        "Lampes de lecture \u00e0 l'arri\u00e8re",
        "Lampes de lecture \u00e0 l'avant",
        "Limiteur de vitesse",
        "Lunette AR d\u00e9givrante",
        "Lunette arri\u00e8re teint\u00e9e",
        "Miroir de courtoisie conducteur \u00e9clair\u00e9",
        "Miroir de courtoisie passager \u00e9clair\u00e9",
        "Pare-brise chauffant",
        "Pare-brise thermique",
        "Phares avant LED",
        "Poign\u00e9es ton carrosserie",
        "Porte lat\u00e9rale arri\u00e8re droite",
        "Porte lat\u00e9rale arri\u00e8re gauche",
        "Prise 12V",
        "Prise USB",
        "Radar de stationnement AR",
        "Radar de stationnement AV",
        "Radio",
        "Radio num\u00e9rique DAB",
        "Reconnaissance panneaux de signalisation",
        "R\u00e9gulateur de vitesse adaptatif",
        "R\u00e9troviseur int\u00e9rieur \u00e9lectrochrome",
        "R\u00e9troviseurs d\u00e9givrants",
        "R\u00e9troviseurs \u00e9lectriques",
        "R\u00e9troviseurs ext. index\u00e9s \u00e0 la marche AR",
        "R\u00e9troviseurs rabattables \u00e9lectriquement",
        "Services connect\u00e9s",
        "Si\u00e8ge conducteur chauffant",
        "Si\u00e8ge conducteur r\u00e9glable en hauteur",
        "Si\u00e8ge passager chauffant",
        "Si\u00e8ge passager r\u00e9glable en hauteur",
        "Syst\u00e8me d'assistance au stationnement",
        "Syst\u00e8me d'assistance au stationnement AR",
        "Syst\u00e8me d'\u00e9clairage intelligent \u00e0 LED",
        "Syst\u00e8me de d\u00e9tection de somnolence",
        "Syst\u00e8me de pr\u00e9vention des collisions",
        "Tablette cache bagages",
        "T\u00e9moin de bouclage des ceintures AV",
        "Tissu Palladium-Soul Gris",
        "Troisi\u00e8me ceinture de s\u00e9curit\u00e9",
        "Verrouillage centralis\u00e9 \u00e0 distance",
        "Verrouillage centralis\u00e9 des portes",
        "Vitres arri\u00e8re teint\u00e9es",
        "Vitres lat\u00e9rales fixes sur rang 2",
        "Volant chauffant",
        "Volant multifonction"
    ]
}