{
    "marque": "PEUGEOT",
    "modele": "RIFTER",
    "couleur": "Gris Acier (M)",
    "kilometrage": "5 000 Km",
    "boite_de_vitesse": "Automatique",
    "annee": "2023",
    "prix_ttc": "32 590 \u20ac",
    "puissance_fiscale": "4 CV",
    "type_vehicule": "Monospace",
    "carburant": "Electrique",
    "portes": "4 portes",
    "places": "5 places",
    "ville": "SAINT-MAUR (36250)",
    "garantie": "Spoticar-Premium 12 Mois",
    "mise_en_circulation": "30/06/2023",
    "reference": "5344-4712-20 (ggdb)",
    "equipements": [],
    "liste_equipements_serie": [
        "4 Haut parleurs",
        "ABS",
        "AFIL",
        "Aide au d\u00e9marrage en c\u00f4te",
        "Aide au freinage d'urgence",
        "Airbag conducteur",
        "Airbag passager",
        "Airbag passager d\u00e9connectable",
        "Airbags lat\u00e9raux avant",
        "Airbags rideaux AV et AR",
        "Allumage des phares automatique",
        "Antipatinage",
        "Banquette 1/3-2/3",
        "Banquette AR rabattable",
        "Banquette arri\u00e8re 3 places",
        "Blanc (O)",
        "Boite \u00e0 gants ferm\u00e9e",
        "C\u00e2ble de recharge Wallbox 7,4kW",
        "Chargeur embarqu\u00e9 7kW (AC) / 100kW (DC) ",
        "Clim manuelle",
        "D\u00e9tecteur de sous-gonflage",
        "Ecran tactile",
        "Enjoliveurs",
        "ESP",
        "Feux de jour",
        "Fixations Isofix aux places arri\u00e8res",
        "Fonction MP3",
        "Freinage automatique d'urgence",
        "Frein stationnement \u00e9lectrique",
        "Kit mains-libres Bluetooth",
        "Limiteur de vitesse",
        "Ordinateur de bord",
        "Phares halog\u00e8nes",
        "Porte lat\u00e9rale arri\u00e8re droite",
        "Prise 12V",
        "Prise Jack",
        "Prise USB",
        "Radio num\u00e9rique DAB",
        "Reconnaissance panneaux de signalisation",
        "R\u00e9gulateur de vitesse",
        "R\u00e9partiteur \u00e9lectronique de freinage",
        "R\u00e9troviseurs d\u00e9givrants",
        "R\u00e9troviseurs \u00e9lectriques",
        "Si\u00e8ge conducteur r\u00e9glable en hauteur",
        "Syst\u00e8me de pr\u00e9vention des collisions",
        "Syst\u00e8me de r\u00e9cup\u00e9ration \u00e9nergie freinage",
        "Tablette cache bagages",
        "T\u00e9moin de bouclage des ceintures AV",
        "Tissu Curitriba triton",
        "Verrouillage centralis\u00e9 \u00e0 distance",
        "Verrouillage centralis\u00e9 des portes",
        "Vitres arri\u00e8re teint\u00e9es",
        "Volant r\u00e9glable en profondeur et hauteur",
        "4 Haut parleurs",
        "ABS",
        "AFIL",
        "Aide au d\u00e9marrage en c\u00f4te",
        "Aide au freinage d'urgence",
        "Airbag conducteur",
        "Airbag passager",
        "Airbag passager d\u00e9connectable",
        "Airbags lat\u00e9raux avant",
        "Airbags rideaux AV et AR",
        "Allumage des phares automatique",
        "Antipatinage",
        "Banquette 1/3-2/3",
        "Banquette AR rabattable",
        "Banquette arri\u00e8re 3 places",
        "Blanc (O)",
        "Boite \u00e0 gants ferm\u00e9e",
        "C\u00e2ble de recharge Wallbox 7,4kW",
        "Chargeur embarqu\u00e9 7kW (AC) / 100kW (DC) ",
        "Clim manuelle",
        "D\u00e9tecteur de sous-gonflage",
        "Ecran tactile",
        "Enjoliveurs",
        "ESP",
        "Feux de jour",
        "Fixations Isofix aux places arri\u00e8res",
        "Fonction MP3",
        "Freinage automatique d'urgence",
        "Frein stationnement \u00e9lectrique",
        "Kit mains-libres Bluetooth",
        "Limiteur de vitesse",
        "Ordinateur de bord",
        "Phares halog\u00e8nes",
        "Porte lat\u00e9rale arri\u00e8re droite",
        "Prise 12V",
        "Prise Jack",
        "Prise USB",
        "Radio num\u00e9rique DAB",
        "Reconnaissance panneaux de signalisation",
        "R\u00e9gulateur de vitesse",
        "R\u00e9partiteur \u00e9lectronique de freinage",
        "R\u00e9troviseurs d\u00e9givrants",
        "R\u00e9troviseurs \u00e9lectriques",
        "Si\u00e8ge conducteur r\u00e9glable en hauteur",
        "Syst\u00e8me de pr\u00e9vention des collisions",
        "Syst\u00e8me de r\u00e9cup\u00e9ration \u00e9nergie freinage",
        "Tablette cache bagages",
        "T\u00e9moin de bouclage des ceintures AV",
        "Tissu Curitriba triton",
        "Verrouillage centralis\u00e9 \u00e0 distance",
        "Verrouillage centralis\u00e9 des portes",
        "Vitres arri\u00e8re teint\u00e9es",
        "Volant r\u00e9glable en profondeur et hauteur"
    ]
}