{
    "marque": "FORD",
    "modele": "EXPLORER",
    "couleur": "Gris Iconic m\u00e9tallis\u00e9",
    "kilometrage": "17 500 Km",
    "boite_de_vitesse": "Automatique",
    "annee": "2023",
    "prix_ttc": "72 900 \u20ac",
    "puissance_fiscale": "25 CV",
    "type_vehicule": "SUV",
    "carburant": "Hybride rechargeable",
    "portes": "5 portes",
    "places": "7 places",
    "ville": "VITRY-SUR-SEINE (94400)",
    "garantie": "Constructeur",
    "mise_en_circulation": "30/03/2023",
    "reference": "1506-9049-46 (safi)",
    "equipements": [
        "radar_recul",
        "gps",
        "bluetooth",
        "clim_auto",
        "regulateur_vitesse",
        "toit_ouvrant",
        "inte_cuir",
        "feux_led",
        "isofix",
        "jantes_alliage",
        "radar_recul",
        "gps",
        "bluetooth",
        "clim_auto",
        "regulateur_vitesse",
        "toit_ouvrant",
        "inte_cuir",
        "feux_led",
        "isofix",
        "jantes_alliage"
    ],
    "liste_equipements_serie": [
        "14 Haut parleurs",
        "ABS",
        "Accoudoir central AV avec rangement",
        "AFIL",
        "Aide au d\u00e9marrage en c\u00f4te",
        "Airbag conducteur",
        "Airbag genoux",
        "Airbag passager d\u00e9connectable",
        "Airbags lat\u00e9raux avant",
        "Airbags rideaux",
        "Alarme p\u00e9rim\u00e9trique",
        "Antid\u00e9marrage \u00e9lectronique",
        "Antipatinage",
        "Bacs de portes avant",
        "Banquette AR rabattable",
        "Banquette coulissante",
        "Barres de toit",
        "Blanc Oxford",
        "Boite \u00e0 gants ferm\u00e9e",
        "Cam\u00e9ra vue panoramique 360\u00b0",
        "Capteur de luminosit\u00e9",
        "Capteur de pluie",
        "Ceintures avant ajustables en hauteur",
        "Clim automatique bi-zones",
        "Commandes du syst\u00e8me audio au volant",
        "Commandes vocales",
        "Contr\u00f4le \u00e9lect. de la pression des pneus",
        "Contr\u00f4le optimal du roulis",
        "D\u00e9marrage sans cl\u00e9",
        "Eclairage au sol",
        "Eclairage d'ambiance",
        "Ecran multifonction couleur",
        "Ecran tactile",
        "ESP",
        "Feux arri\u00e8re \u00e0 LED",
        "Feux de jour",
        "Filtre \u00e0 Pollen",
        "Fixations Isofix aux places arri\u00e8res",
        "Freinage automatique d'urgence",
        "GPS Cartographique",
        "Interface Media",
        "Jantes Alu",
        "Kit mains-libres Bluetooth",
        "Limiteur de vitesse",
        "Lunette arri\u00e8re surteint\u00e9e",
        "Mode de conduite",
        "Ordinateur de bord",
        "Palettes changement vitesses au volant",
        "Pare-brise chauffant",
        "Phares antibrouillard",
        "Phares avant LED",
        "Plancher de coffre mobile",
        "Porte-gobelets arri\u00e8re",
        "Porte-gobelets avant",
        "Prise 12V",
        "Prise 220V",
        "Prise USB",
        "Radar de stationnement AR",
        "Radar de stationnement AV",
        "Radio",
        "Radio num\u00e9rique DAB",
        "R\u00e9gulateur de vitesse adaptatif",
        "R\u00e9troviseur int\u00e9rieur \u00e9lectrochrome",
        "R\u00e9troviseurs d\u00e9givrants",
        "R\u00e9troviseurs \u00e9lectriques",
        "R\u00e9troviseurs ext\u00e9rieurs \u00e0 m\u00e9moire",
        "R\u00e9troviseurs rabattables \u00e9lectriquement",
        "Sellerie Cuir Noir avec spq rouges",
        "Si\u00e8ge conducteur \u00e0 m\u00e9moire",
        "Si\u00e8ge conducteur avec r\u00e9glage lombaire",
        "Si\u00e8ge conducteur chauffant",
        "Si\u00e8ge conducteur \u00e9lectrique",
        "Si\u00e8ge conducteur r\u00e9glable en hauteur",
        "Si\u00e8ge passager \u00e0 r\u00e9glages \u00e9lectriques",
        "Si\u00e8ge passager avec r\u00e9glage lombaire",
        "Si\u00e8ge passager chauffant",
        "Si\u00e8ge passager r\u00e9glable en hauteur",
        "Si\u00e8ges arri\u00e8re chauffants",
        "Si\u00e8ges avant \u00e0 ventilation active",
        "Si\u00e8ges avant massants",
        "Sortie d'\u00e9chappement chrom\u00e9e",
        "Suspensions Sport",
        "Syst\u00e8me avanc\u00e9 de d\u00e9tection d'obstacles",
        "Syst\u00e8me d'acc\u00e8s sans cl\u00e9",
        "Syst\u00e8me d'alerte de v\u00e9hicule en approche",
        "Syst\u00e8me d'assistance au stationnement",
        "Syst\u00e8me d'\u00e9clairage intelligent",
        "Syst\u00e8me de contr\u00f4le des angles morts",
        "Syst\u00e8me de d\u00e9tection de somnolence",
        "Syst\u00e8me de mesure de place disponible",
        "Syst\u00e8me de pr\u00e9vention des collisions",
        "Syst\u00e8me de s\u00e9curit\u00e9 post-collisions",
        "Syst\u00e8me Hi-Fi Surround",
        "TMC",
        "Toit ouvrant \u00e9lectrique panoramique",
        "Velum rang 1",
        "Velum rang 2",
        "Verrouillage centralis\u00e9 \u00e0 distance",
        "Vitres arri\u00e8re \u00e9lectriques",
        "Vitres arri\u00e8re surteint\u00e9es",
        "Vitres avant \u00e9lectriques",
        "Volant chauffant",
        "Volant cuir",
        "Volant multifonction",
        "Volant r\u00e9glable en hauteur",
        "Volant sport",
        "14 Haut parleurs",
        "ABS",
        "Accoudoir central AV avec rangement",
        "AFIL",
        "Aide au d\u00e9marrage en c\u00f4te",
        "Airbag conducteur",
        "Airbag genoux",
        "Airbag passager d\u00e9connectable",
        "Airbags lat\u00e9raux avant",
        "Airbags rideaux",
        "Alarme p\u00e9rim\u00e9trique",
        "Antid\u00e9marrage \u00e9lectronique",
        "Antipatinage",
        "Bacs de portes avant",
        "Banquette AR rabattable",
        "Banquette coulissante",
        "Barres de toit",
        "Blanc Oxford",
        "Boite \u00e0 gants ferm\u00e9e",
        "Cam\u00e9ra vue panoramique 360\u00b0",
        "Capteur de luminosit\u00e9",
        "Capteur de pluie",
        "Ceintures avant ajustables en hauteur",
        "Clim automatique bi-zones",
        "Commandes du syst\u00e8me audio au volant",
        "Commandes vocales",
        "Contr\u00f4le \u00e9lect. de la pression des pneus",
        "Contr\u00f4le optimal du roulis",
        "D\u00e9marrage sans cl\u00e9",
        "Eclairage au sol",
        "Eclairage d'ambiance",
        "Ecran multifonction couleur",
        "Ecran tactile",
        "ESP",
        "Feux arri\u00e8re \u00e0 LED",
        "Feux de jour",
        "Filtre \u00e0 Pollen",
        "Fixations Isofix aux places arri\u00e8res",
        "Freinage automatique d'urgence",
        "GPS Cartographique",
        "Interface Media",
        "Jantes Alu",
        "Kit mains-libres Bluetooth",
        "Limiteur de vitesse",
        "Lunette arri\u00e8re surteint\u00e9e",
        "Mode de conduite",
        "Ordinateur de bord",
        "Palettes changement vitesses au volant",
        "Pare-brise chauffant",
        "Phares antibrouillard",
        "Phares avant LED",
        "Plancher de coffre mobile",
        "Porte-gobelets arri\u00e8re",
        "Porte-gobelets avant",
        "Prise 12V",
        "Prise 220V",
        "Prise USB",
        "Radar de stationnement AR",
        "Radar de stationnement AV",
        "Radio",
        "Radio num\u00e9rique DAB",
        "R\u00e9gulateur de vitesse adaptatif",
        "R\u00e9troviseur int\u00e9rieur \u00e9lectrochrome",
        "R\u00e9troviseurs d\u00e9givrants",
        "R\u00e9troviseurs \u00e9lectriques",
        "R\u00e9troviseurs ext\u00e9rieurs \u00e0 m\u00e9moire",
        "R\u00e9troviseurs rabattables \u00e9lectriquement",
        "Sellerie Cuir Noir avec spq rouges",
        "Si\u00e8ge conducteur \u00e0 m\u00e9moire",
        "Si\u00e8ge conducteur avec r\u00e9glage lombaire",
        "Si\u00e8ge conducteur chauffant",
        "Si\u00e8ge conducteur \u00e9lectrique",
        "Si\u00e8ge conducteur r\u00e9glable en hauteur",
        "Si\u00e8ge passager \u00e0 r\u00e9glages \u00e9lectriques",
        "Si\u00e8ge passager avec r\u00e9glage lombaire",
        "Si\u00e8ge passager chauffant",
        "Si\u00e8ge passager r\u00e9glable en hauteur",
        "Si\u00e8ges arri\u00e8re chauffants",
        "Si\u00e8ges avant \u00e0 ventilation active",
        "Si\u00e8ges avant massants",
        "Sortie d'\u00e9chappement chrom\u00e9e",
        "Suspensions Sport",
        "Syst\u00e8me avanc\u00e9 de d\u00e9tection d'obstacles",
        "Syst\u00e8me d'acc\u00e8s sans cl\u00e9",
        "Syst\u00e8me d'alerte de v\u00e9hicule en approche",
        "Syst\u00e8me d'assistance au stationnement",
        "Syst\u00e8me d'\u00e9clairage intelligent",
        "Syst\u00e8me de contr\u00f4le des angles morts",
        "Syst\u00e8me de d\u00e9tection de somnolence",
        "Syst\u00e8me de mesure de place disponible",
        "Syst\u00e8me de pr\u00e9vention des collisions",
        "Syst\u00e8me de s\u00e9curit\u00e9 post-collisions",
        "Syst\u00e8me Hi-Fi Surround",
        "TMC",
        "Toit ouvrant \u00e9lectrique panoramique",
        "Velum rang 1",
        "Velum rang 2",
        "Verrouillage centralis\u00e9 \u00e0 distance",
        "Vitres arri\u00e8re \u00e9lectriques",
        "Vitres arri\u00e8re surteint\u00e9es",
        "Vitres avant \u00e9lectriques",
        "Volant chauffant",
        "Volant cuir",
        "Volant multifonction",
        "Volant r\u00e9glable en hauteur",
        "Volant sport"
    ]
}