{
    "marque": "RENAULT",
    "modele": "TRAFIC",
    "couleur": "Blanc Glacier",
    "kilometrage": "4 624 Km",
    "boite_de_vitesse": "Manuelle",
    "annee": "2023",
    "prix_ttc": "29 299 \u20ac",
    "puissance_fiscale": "7 CV",
    "type_vehicule": "Utilitaire",
    "carburant": "Diesel",
    "portes": "1 portes",
    "places": "3 places",
    "ville": "BEAURAINS (62217)",
    "garantie": "Garantie OR 12 mois",
    "mise_en_circulation": "16/06/2023",
    "reference": "1798-1489-45 (dd62c1)",
    "equipements": [],
    "liste_equipements_serie": [
        "ABS",
        "Aide au d\u00e9marrage en c\u00f4te",
        "Aide au freinage d'urgence",
        "Airbag conducteur",
        "Antid\u00e9marrage \u00e9lectronique",
        "Assistance de maintient de trajectoire",
        "Bacs de portes avant",
        "Banquette AV 2 places monobloc",
        "Capteur de luminosit\u00e9",
        "Cloison modulable",
        "Cloison pleine",
        "Contr\u00f4le de Traction Intelligent",
        "Double portes arri\u00e8re de chargement",
        "EBD",
        "Enjoliveurs",
        "ESP",
        "Feux de jour \u00e0 LED",
        "Filtre \u00e0 particules",
        "Habillage lat\u00e9ral mi-hauteur espace chgt",
        "Kit mains-libres Bluetooth",
        "Lampe de coffre",
        "Limiteur de vitesse",
        "Phares avant LED",
        "Porte lat\u00e9rale arri\u00e8re droite",
        "Porte lat\u00e9rale arri\u00e8re gauche",
        "Prise 12V",
        "Prise USB",
        "Radar de stationnement AR",
        "Radio",
        "Radio num\u00e9rique DAB",
        "R\u00e9gulateur de vitesse",
        "R\u00e9partiteur \u00e9lectronique de freinage",
        "R\u00e9troviseurs \u00e9lectriques",
        "T\u00e9moin de bouclage des ceintures AV",
        "Verrouillage centralis\u00e9 \u00e0 distance",
        "Verrouillage centralis\u00e9 des portes",
        "Vitres avant \u00e9lectriques",
        "Vitres teint\u00e9es",
        "ABS",
        "Aide au d\u00e9marrage en c\u00f4te",
        "Aide au freinage d'urgence",
        "Airbag conducteur",
        "Antid\u00e9marrage \u00e9lectronique",
        "Assistance de maintient de trajectoire",
        "Bacs de portes avant",
        "Banquette AV 2 places monobloc",
        "Capteur de luminosit\u00e9",
        "Cloison modulable",
        "Cloison pleine",
        "Contr\u00f4le de Traction Intelligent",
        "Double portes arri\u00e8re de chargement",
        "EBD",
        "Enjoliveurs",
        "ESP",
        "Feux de jour \u00e0 LED",
        "Filtre \u00e0 particules",
        "Habillage lat\u00e9ral mi-hauteur espace chgt",
        "Kit mains-libres Bluetooth",
        "Lampe de coffre",
        "Limiteur de vitesse",
        "Phares avant LED",
        "Porte lat\u00e9rale arri\u00e8re droite",
        "Porte lat\u00e9rale arri\u00e8re gauche",
        "Prise 12V",
        "Prise USB",
        "Radar de stationnement AR",
        "Radio",
        "Radio num\u00e9rique DAB",
        "R\u00e9gulateur de vitesse",
        "R\u00e9partiteur \u00e9lectronique de freinage",
        "R\u00e9troviseurs \u00e9lectriques",
        "T\u00e9moin de bouclage des ceintures AV",
        "Verrouillage centralis\u00e9 \u00e0 distance",
        "Verrouillage centralis\u00e9 des portes",
        "Vitres avant \u00e9lectriques",
        "Vitres teint\u00e9es"
    ]
}