{
    "marque": "MERCEDES",
    "modele": "EQC",
    "couleur": "Argent\u00e9",
    "kilometrage": "11 908 Km",
    "boite_de_vitesse": "Automatique",
    "annee": "2021",
    "prix_ttc": "59 900 \u20ac",
    "puissance_fiscale": "11 CV",
    "type_vehicule": "SUV",
    "carburant": "Electrique",
    "portes": "5 portes",
    "places": "5 places",
    "ville": "POITIERS (86000)",
    "garantie": "Mercedes-Benz VP Certified 24 mois",
    "mise_en_circulation": "21/12/2021",
    "reference": "3421-0008-45 (th86)",
    "equipements": [
        "cam_recul",
        "radar_recul",
        "gps",
        "tete_haute",
        "bluetooth",
        "clim_auto",
        "toit_ouvrant",
        "feux_led",
        "jantes_alliage",
        "cam_recul",
        "radar_recul",
        "gps",
        "tete_haute",
        "bluetooth",
        "clim_auto",
        "toit_ouvrant",
        "feux_led",
        "jantes_alliage"
    ],
    "liste_equipements_serie": [
        "13 Haut parleurs",
        "ABS",
        "Accoudoir arri\u00e8re",
        "Accoudoir central AV avec rangement",
        "Affichage t\u00eate haute",
        "Airbag conducteur",
        "Airbag genoux",
        "Alarme antivol",
        "Alarme volum\u00e9trique",
        "Antid\u00e9marrage \u00e9lectronique",
        "Antipatinage",
        "Appel d'Urgence Localis\u00e9",
        "Argent high-tech",
        "Argent high-tech",
        "Argent high-tech",
        "Assistance de maintient de trajectoire",
        "Bacs de portes arri\u00e8re",
        "Bacs de portes avant",
        "Banquette AR 3 places 1/3-2/3",
        "Banquette AR rabattable",
        "Becquet arri\u00e8re",
        "Boite \u00e0 gants ferm\u00e9e",
        "Cam\u00e9ra de recul",
        "Cam\u00e9ra vue panoramique 360\u00b0",
        "Capteur de pluie",
        "Chauffage auxiliaire",
        "Clim automatique bi-zones",
        "Coffre assist\u00e9 \u00e9lectriquement",
        "Colonne de direction \u00e9lectrique",
        "Commande du comportement dynamique",
        "Commandes vocales",
        "Contr\u00f4le \u00e9lect. de la pression des pneus",
        "D\u00e9marrage sans cl\u00e9",
        "EBD",
        "Eclairage au sol",
        "Eclairage d'ambiance",
        "Ecran multifonction couleur",
        "Ecran tactile",
        "ESP",
        "Essuie-glace arri\u00e8re",
        "Feux de freinage d'urgence",
        "Feux de jour \u00e0 LED",
        "Filtre \u00e0 Pollen",
        "Fonction MP3",
        "Freinage automatique d'urgence",
        "GPS Cartographique",
        "Indicateur de limitation de vitesse",
        "Interface Media",
        "Jantes Alu",
        "Kit mains-libres Bluetooth",
        "Limiteur de vitesse",
        "Lunette arri\u00e8re surteint\u00e9e",
        "Ouverture du coffre mains-libres",
        "P\u00e9dalier sport",
        "Phares avant LED",
        "Phares de route adaptatifs",
        "Poches d'aumoni\u00e8res",
        "Porte-gobelets avant",
        "Prise 12V",
        "Prise auxiliaire de connexion audio",
        "Prise USB",
        "Radar de stationnement AR",
        "Radar de stationnement AV",
        "Radio",
        "Radio num\u00e9rique DAB",
        "Reconnaissance panneaux de signalisation",
        "R\u00e9gulateur de couple d'inertie",
        "R\u00e9troviseur int\u00e9rieur \u00e9lectrochrome",
        "R\u00e9troviseurs \u00e9lectriques",
        "R\u00e9troviseurs ext. index\u00e9s \u00e0 la marche AR",
        "R\u00e9troviseurs ext\u00e9rieurs \u00e9lectrochromes",
        "R\u00e9troviseurs rabattables \u00e9lectriquement",
        "Services connect\u00e9s",
        "Si\u00e8ge cond. avec r\u00e9glage lombaire \u00e9lectr",
        "Si\u00e8ge conducteur \u00e0 m\u00e9moire",
        "Si\u00e8ge conducteur chauffant",
        "Si\u00e8ge conducteur \u00e9lectrique",
        "Si\u00e8ge conducteur r\u00e9glable en hauteur",
        "Si\u00e8ge passager \u00e0 m\u00e9moire",
        "Si\u00e8ge passager \u00e0 r\u00e9glages \u00e9lectriques",
        "Si\u00e8ge passager avec r\u00e9glage lombaire",
        "Si\u00e8ge passager chauffant",
        "Si\u00e8ge passager r\u00e9glable en hauteur",
        "Si\u00e8ges avant sport",
        "Similicuir ARTICO/mic DINAMICA noir/bleu",
        "Syst\u00e8me avanc\u00e9 de d\u00e9tection d'obstacles",
        "Syst\u00e8me d'acc\u00e8s sans cl\u00e9",
        "Syst\u00e8me d'assistance au stationnement",
        "Syst\u00e8me d'\u00e9clairage intelligent",
        "Syst\u00e8me de contr\u00f4le des angles morts",
        "Syst\u00e8me de mesure de place disponible",
        "Syst\u00e8me de pr\u00e9vention des collisions",
        "Syst\u00e8me de pr\u00e9vention des collisions AR",
        "Syst\u00e8me Hi-Fi Surround",
        "Tablette cache bagages",
        "T\u00e9moin de bouclage des ceintures AV",
        "Temp\u00e9rature ext\u00e9rieure",
        "TMC",
        "Toit ouvrant \u00e9lectrique",
        "Troisi\u00e8me ceinture de s\u00e9curit\u00e9",
        "Velum rang 1",
        "Vitres arri\u00e8re surteint\u00e9es",
        "Volant cuir",
        "Volant multifonction",
        "Volant sport",
        "13 Haut parleurs",
        "ABS",
        "Accoudoir arri\u00e8re",
        "Accoudoir central AV avec rangement",
        "Affichage t\u00eate haute",
        "Airbag conducteur",
        "Airbag genoux",
        "Alarme antivol",
        "Alarme volum\u00e9trique",
        "Antid\u00e9marrage \u00e9lectronique",
        "Antipatinage",
        "Appel d'Urgence Localis\u00e9",
        "Argent high-tech",
        "Argent high-tech",
        "Argent high-tech",
        "Assistance de maintient de trajectoire",
        "Bacs de portes arri\u00e8re",
        "Bacs de portes avant",
        "Banquette AR 3 places 1/3-2/3",
        "Banquette AR rabattable",
        "Becquet arri\u00e8re",
        "Boite \u00e0 gants ferm\u00e9e",
        "Cam\u00e9ra de recul",
        "Cam\u00e9ra vue panoramique 360\u00b0",
        "Capteur de pluie",
        "Chauffage auxiliaire",
        "Clim automatique bi-zones",
        "Coffre assist\u00e9 \u00e9lectriquement",
        "Colonne de direction \u00e9lectrique",
        "Commande du comportement dynamique",
        "Commandes vocales",
        "Contr\u00f4le \u00e9lect. de la pression des pneus",
        "D\u00e9marrage sans cl\u00e9",
        "EBD",
        "Eclairage au sol",
        "Eclairage d'ambiance",
        "Ecran multifonction couleur",
        "Ecran tactile",
        "ESP",
        "Essuie-glace arri\u00e8re",
        "Feux de freinage d'urgence",
        "Feux de jour \u00e0 LED",
        "Filtre \u00e0 Pollen",
        "Fonction MP3",
        "Freinage automatique d'urgence",
        "GPS Cartographique",
        "Indicateur de limitation de vitesse",
        "Interface Media",
        "Jantes Alu",
        "Kit mains-libres Bluetooth",
        "Limiteur de vitesse",
        "Lunette arri\u00e8re surteint\u00e9e",
        "Ouverture du coffre mains-libres",
        "P\u00e9dalier sport",
        "Phares avant LED",
        "Phares de route adaptatifs",
        "Poches d'aumoni\u00e8res",
        "Porte-gobelets avant",
        "Prise 12V",
        "Prise auxiliaire de connexion audio",
        "Prise USB",
        "Radar de stationnement AR",
        "Radar de stationnement AV",
        "Radio",
        "Radio num\u00e9rique DAB",
        "Reconnaissance panneaux de signalisation",
        "R\u00e9gulateur de couple d'inertie",
        "R\u00e9troviseur int\u00e9rieur \u00e9lectrochrome",
        "R\u00e9troviseurs \u00e9lectriques",
        "R\u00e9troviseurs ext. index\u00e9s \u00e0 la marche AR",
        "R\u00e9troviseurs ext\u00e9rieurs \u00e9lectrochromes",
        "R\u00e9troviseurs rabattables \u00e9lectriquement",
        "Services connect\u00e9s",
        "Si\u00e8ge cond. avec r\u00e9glage lombaire \u00e9lectr",
        "Si\u00e8ge conducteur \u00e0 m\u00e9moire",
        "Si\u00e8ge conducteur chauffant",
        "Si\u00e8ge conducteur \u00e9lectrique",
        "Si\u00e8ge conducteur r\u00e9glable en hauteur",
        "Si\u00e8ge passager \u00e0 m\u00e9moire",
        "Si\u00e8ge passager \u00e0 r\u00e9glages \u00e9lectriques",
        "Si\u00e8ge passager avec r\u00e9glage lombaire",
        "Si\u00e8ge passager chauffant",
        "Si\u00e8ge passager r\u00e9glable en hauteur",
        "Si\u00e8ges avant sport",
        "Similicuir ARTICO/mic DINAMICA noir/bleu",
        "Syst\u00e8me avanc\u00e9 de d\u00e9tection d'obstacles",
        "Syst\u00e8me d'acc\u00e8s sans cl\u00e9",
        "Syst\u00e8me d'assistance au stationnement",
        "Syst\u00e8me d'\u00e9clairage intelligent",
        "Syst\u00e8me de contr\u00f4le des angles morts",
        "Syst\u00e8me de mesure de place disponible",
        "Syst\u00e8me de pr\u00e9vention des collisions",
        "Syst\u00e8me de pr\u00e9vention des collisions AR",
        "Syst\u00e8me Hi-Fi Surround",
        "Tablette cache bagages",
        "T\u00e9moin de bouclage des ceintures AV",
        "Temp\u00e9rature ext\u00e9rieure",
        "TMC",
        "Toit ouvrant \u00e9lectrique",
        "Troisi\u00e8me ceinture de s\u00e9curit\u00e9",
        "Velum rang 1",
        "Vitres arri\u00e8re surteint\u00e9es",
        "Volant cuir",
        "Volant multifonction",
        "Volant sport"
    ]
}