{
    "marque": "OPEL",
    "modele": "MOKKA",
    "couleur": "Rouge Kosmos/Toit Noir m\u00e9tal",
    "kilometrage": "9 251 Km",
    "boite_de_vitesse": "Manuelle",
    "annee": "2023",
    "prix_ttc": "19 990 \u20ac",
    "puissance_fiscale": "5 CV",
    "type_vehicule": "SUV",
    "carburant": "Essence",
    "portes": "5 portes",
    "places": "5 places",
    "ville": "VESOUL (70000)",
    "garantie": "Garantie OR 12 mois",
    "mise_en_circulation": "30/03/2023",
    "reference": "2082-9281-25 (re70c1)",
    "equipements": [
        "cam_recul",
        "radar_recul",
        "bluetooth",
        "clim_auto",
        "regulateur_vitesse",
        "feux_led",
        "isofix",
        "jantes_alliage",
        "cam_recul",
        "radar_recul",
        "bluetooth",
        "clim_auto",
        "regulateur_vitesse",
        "feux_led",
        "isofix",
        "jantes_alliage"
    ],
    "liste_equipements_serie": [
        "6 Haut parleurs",
        "ABS",
        "Accoudoir central AV",
        "AFIL",
        "Aide au d\u00e9marrage en c\u00f4te",
        "Airbag conducteur",
        "Airbag passager",
        "Airbag passager d\u00e9connectable",
        "Airbags lat\u00e9raux avant",
        "Airbags rideaux",
        "Antid\u00e9marrage \u00e9lectronique",
        "Appui-t\u00eate conducteur r\u00e9glable hauteur",
        "Appui-t\u00eate passager r\u00e9glable en hauteur",
        "Arr\u00eat et red\u00e9marrage auto. du moteur",
        "Assistance de maintien de trajectoire",
        "Bacs de portes arri\u00e8re",
        "Bacs de portes avant",
        "Cam\u00e9ra de recul",
        "Capteur de luminosit\u00e9",
        "Capteur de pluie",
        "Clim automatique",
        "Compte tours",
        "D\u00e9tecteur de sous-gonflage",
        "EBD",
        "Eclairage d'ambiance",
        "Ecran multifonction couleur",
        "Ecran tactile",
        "ESP",
        "Essuie-glace arri\u00e8re",
        "Feux arri\u00e8re \u00e0 LED",
        "Feux de jour \u00e0 LED",
        "Filtre \u00e0 Pollen",
        "Fixations Isofix aux places arri\u00e8res",
        "Fonction MP3",
        "Interface Media",
        "Jantes Alu",
        "Kit mains-libres Bluetooth",
        "Lampes de lecture \u00e0 l'avant",
        "Levier vitesse cuir",
        "Limiteur de vitesse",
        "Lunette arri\u00e8re",
        "Miroir de courtoisie passager",
        "Ordinateur de bord",
        "Phares avant LED",
        "Plancher de coffre mobile",
        "Porte-gobelets avant",
        "Prise USB",
        "Radar de stationnement AR",
        "Radio",
        "Radio num\u00e9rique DAB",
        "Reconnaissance panneaux de signalisation",
        "R\u00e9gulateur de vitesse",
        "R\u00e9troviseur int\u00e9rieur \u00e9lectrochrome",
        "R\u00e9troviseurs d\u00e9givrants",
        "R\u00e9troviseurs \u00e9lectriques",
        "Si\u00e8ge conducteur r\u00e9glable en hauteur",
        "Si\u00e8ge passager r\u00e9glable en hauteur",
        "Syst\u00e8me avanc\u00e9 de d\u00e9tection d'obstacles",
        "Syst\u00e8me d'\u00e9clairage intelligent",
        "Syst\u00e8me de d\u00e9tection de somnolence",
        "Syst\u00e8me de pr\u00e9vention des collisions",
        "Tissu/TEP Revolution Gris Birdie",
        "Troisi\u00e8me ceinture de s\u00e9curit\u00e9",
        "Vert Ikone m\u00e9tallis\u00e9",
        "Vitres arri\u00e8re \u00e9lectriques",
        "Vitres avant \u00e9lectriques",
        "Volant cuir",
        "Volant multifonction",
        "Volant sport",
        "6 Haut parleurs",
        "ABS",
        "Accoudoir central AV",
        "AFIL",
        "Aide au d\u00e9marrage en c\u00f4te",
        "Airbag conducteur",
        "Airbag passager",
        "Airbag passager d\u00e9connectable",
        "Airbags lat\u00e9raux avant",
        "Airbags rideaux",
        "Antid\u00e9marrage \u00e9lectronique",
        "Appui-t\u00eate conducteur r\u00e9glable hauteur",
        "Appui-t\u00eate passager r\u00e9glable en hauteur",
        "Arr\u00eat et red\u00e9marrage auto. du moteur",
        "Assistance de maintien de trajectoire",
        "Bacs de portes arri\u00e8re",
        "Bacs de portes avant",
        "Cam\u00e9ra de recul",
        "Capteur de luminosit\u00e9",
        "Capteur de pluie",
        "Clim automatique",
        "Compte tours",
        "D\u00e9tecteur de sous-gonflage",
        "EBD",
        "Eclairage d'ambiance",
        "Ecran multifonction couleur",
        "Ecran tactile",
        "ESP",
        "Essuie-glace arri\u00e8re",
        "Feux arri\u00e8re \u00e0 LED",
        "Feux de jour \u00e0 LED",
        "Filtre \u00e0 Pollen",
        "Fixations Isofix aux places arri\u00e8res",
        "Fonction MP3",
        "Interface Media",
        "Jantes Alu",
        "Kit mains-libres Bluetooth",
        "Lampes de lecture \u00e0 l'avant",
        "Levier vitesse cuir",
        "Limiteur de vitesse",
        "Lunette arri\u00e8re",
        "Miroir de courtoisie passager",
        "Ordinateur de bord",
        "Phares avant LED",
        "Plancher de coffre mobile",
        "Porte-gobelets avant",
        "Prise USB",
        "Radar de stationnement AR",
        "Radio",
        "Radio num\u00e9rique DAB",
        "Reconnaissance panneaux de signalisation",
        "R\u00e9gulateur de vitesse",
        "R\u00e9troviseur int\u00e9rieur \u00e9lectrochrome",
        "R\u00e9troviseurs d\u00e9givrants",
        "R\u00e9troviseurs \u00e9lectriques",
        "Si\u00e8ge conducteur r\u00e9glable en hauteur",
        "Si\u00e8ge passager r\u00e9glable en hauteur",
        "Syst\u00e8me avanc\u00e9 de d\u00e9tection d'obstacles",
        "Syst\u00e8me d'\u00e9clairage intelligent",
        "Syst\u00e8me de d\u00e9tection de somnolence",
        "Syst\u00e8me de pr\u00e9vention des collisions",
        "Tissu/TEP Revolution Gris Birdie",
        "Troisi\u00e8me ceinture de s\u00e9curit\u00e9",
        "Vert Ikone m\u00e9tallis\u00e9",
        "Vitres arri\u00e8re \u00e9lectriques",
        "Vitres avant \u00e9lectriques",
        "Volant cuir",
        "Volant multifonction",
        "Volant sport"
    ]
}