{
    "marque": "VOLKSWAGEN",
    "modele": "TAIGO",
    "couleur": "Rouge Roi m\u00e9tallis\u00e9e",
    "kilometrage": "11 185 Km",
    "boite_de_vitesse": "Automatique",
    "annee": "2023",
    "prix_ttc": "29 999 \u20ac",
    "puissance_fiscale": "8 CV",
    "type_vehicule": "SUV",
    "carburant": "Essence",
    "portes": "5 portes",
    "places": "5 places",
    "ville": "CH\u00c2TEAU-THIERRY (02400)",
    "garantie": "Garantie Performance jusqu'au 5\u00e8me anniversaire",
    "mise_en_circulation": "14/04/2023",
    "reference": "2432-0531-68 (gpra)",
    "equipements": [
        "cam_recul",
        "radar_recul",
        "gps",
        "bluetooth",
        "clim_auto",
        "regulateur_vitesse",
        "feux_led",
        "isofix",
        "jantes_alliage",
        "cam_recul",
        "radar_recul",
        "gps",
        "bluetooth",
        "clim_auto",
        "regulateur_vitesse",
        "feux_led",
        "isofix",
        "jantes_alliage"
    ],
    "liste_equipements_serie": [
        "6 Haut parleurs",
        "ABS",
        "Accoudoir central AV avec rangement",
        "AFIL",
        "Aide au d\u00e9marrage en c\u00f4te",
        "Aide au freinage d'urgence",
        "Airbag conducteur",
        "Airbag passager d\u00e9connectable",
        "Airbags lat\u00e9raux avant",
        "Airbags rideaux",
        "Airbags rideaux AR",
        "Alarme d'oubli d'extinction des feux",
        "Antid\u00e9marrage \u00e9lectronique",
        "Antipatinage",
        "Appel d'Urgence Localis\u00e9",
        "Arr\u00eat et red\u00e9marrage auto. du moteur",
        "Assistance de maintien de trajectoire",
        "Bacs de portes arri\u00e8re",
        "Bacs de portes avant",
        "Banquette 1/3-2/3",
        "Banquette AR rabattable",
        "Banquette arri\u00e8re 3 places",
        "Barres de toit",
        "Becquet arri\u00e8re",
        "Boite \u00e0 gants ferm\u00e9e",
        "Boucliers AV et AR couleur caisse",
        "Cam\u00e9ra de recul",
        "Capteur de luminosit\u00e9",
        "Capteur de pluie",
        "Ceintures avant ajustables en hauteur",
        "Clim automatique bi-zones",
        "Commandes du syst\u00e8me audio au volant",
        "Contr\u00f4le de couple en courbe",
        "D\u00e9marrage sans cl\u00e9",
        "D\u00e9tecteur de sous-gonflage",
        "EBD",
        "Eclairage d'ambiance",
        "Eclairage statique d'intersection",
        "Ecran multifonction couleur",
        "Ecran tactile",
        "ESP",
        "Feux de jour \u00e0 LED",
        "Feux de route automatiques",
        "Filtre \u00e0 particules",
        "Filtre \u00e0 Pollen",
        "Fixation Isofix si\u00e8ge passager avant",
        "Fixations Isofix aux places arri\u00e8res",
        "Follow me home",
        "Fonction appel d'urgence",
        "Freinage automatique d'urgence",
        "GPS Cartographique",
        "Gris Ascot",
        "Guidage pour manoeuvre de stationnement",
        "Interface Media",
        "Jantes Alu",
        "Kit mains-libres Bluetooth",
        "Lampe de coffre",
        "Lampes de lecture \u00e0 l'arri\u00e8re",
        "Lampes de lecture \u00e0 l'avant",
        "Limiteur de vitesse",
        "Lunette arri\u00e8re surteint\u00e9e",
        "Miroir de courtoisie conducteur",
        "Miroir de courtoisie passager",
        "Ordinateur de bord",
        "Palettes changement vitesses au volant",
        "Phares antibrouillard",
        "Phares avant LED",
        "Poign\u00e9es ton carrosserie",
        "Pommeau de levier vitesse en cuir",
        "Porte-gobelets avant",
        "Prise USB",
        "Radar de stationnement AR",
        "Radar de stationnement AV",
        "Radio",
        "Radio num\u00e9rique DAB",
        "R\u00e9gulateur de vitesse adaptatif",
        "R\u00e9p\u00e9titeurs de clignotant dans r\u00e9tro ext",
        "R\u00e9troviseur int\u00e9rieur \u00e9lectrochrome",
        "R\u00e9troviseurs d\u00e9givrants",
        "R\u00e9troviseurs \u00e9lectriques",
        "R\u00e9troviseurs rabattables \u00e9lectriquement",
        "Services connect\u00e9s",
        "Si\u00e8ge conducteur avec r\u00e9glage lombaire",
        "Si\u00e8ge conducteur r\u00e9glable en hauteur",
        "Si\u00e8ge passager avec r\u00e9glage lombaire",
        "Si\u00e8ge passager r\u00e9glable en hauteur",
        "Syst. r\u00e9cup\u00e9ration \u00e9nergie d\u00e9c\u00e9l\u00e9ration",
        "Syst\u00e8me anti-\u00e9blouissement",
        "Syst\u00e8me d'acc\u00e8s sans cl\u00e9",
        "Syst\u00e8me d'\u00e9clairage intelligent",
        "Syst\u00e8me de d\u00e9tection de somnolence",
        "Tablette cache bagages",
        "T\u00e9moin de bouclage des ceintures AV",
        "Temp\u00e9rature ext\u00e9rieure",
        "Tissu 'ArtVelours' Noir Titane",
        "TMC",
        "Verrouillage centralis\u00e9 \u00e0 distance",
        "Verrouillage centralis\u00e9 des portes",
        "Vitres arri\u00e8re \u00e9lectriques",
        "Vitres arri\u00e8re surteint\u00e9es",
        "Vitres avant \u00e9lectriques",
        "Volant cuir",
        "Volant multifonction",
        "6 Haut parleurs",
        "ABS",
        "Accoudoir central AV avec rangement",
        "AFIL",
        "Aide au d\u00e9marrage en c\u00f4te",
        "Aide au freinage d'urgence",
        "Airbag conducteur",
        "Airbag passager d\u00e9connectable",
        "Airbags lat\u00e9raux avant",
        "Airbags rideaux",
        "Airbags rideaux AR",
        "Alarme d'oubli d'extinction des feux",
        "Antid\u00e9marrage \u00e9lectronique",
        "Antipatinage",
        "Appel d'Urgence Localis\u00e9",
        "Arr\u00eat et red\u00e9marrage auto. du moteur",
        "Assistance de maintien de trajectoire",
        "Bacs de portes arri\u00e8re",
        "Bacs de portes avant",
        "Banquette 1/3-2/3",
        "Banquette AR rabattable",
        "Banquette arri\u00e8re 3 places",
        "Barres de toit",
        "Becquet arri\u00e8re",
        "Boite \u00e0 gants ferm\u00e9e",
        "Boucliers AV et AR couleur caisse",
        "Cam\u00e9ra de recul",
        "Capteur de luminosit\u00e9",
        "Capteur de pluie",
        "Ceintures avant ajustables en hauteur",
        "Clim automatique bi-zones",
        "Commandes du syst\u00e8me audio au volant",
        "Contr\u00f4le de couple en courbe",
        "D\u00e9marrage sans cl\u00e9",
        "D\u00e9tecteur de sous-gonflage",
        "EBD",
        "Eclairage d'ambiance",
        "Eclairage statique d'intersection",
        "Ecran multifonction couleur",
        "Ecran tactile",
        "ESP",
        "Feux de jour \u00e0 LED",
        "Feux de route automatiques",
        "Filtre \u00e0 particules",
        "Filtre \u00e0 Pollen",
        "Fixation Isofix si\u00e8ge passager avant",
        "Fixations Isofix aux places arri\u00e8res",
        "Follow me home",
        "Fonction appel d'urgence",
        "Freinage automatique d'urgence",
        "GPS Cartographique",
        "Gris Ascot",
        "Guidage pour manoeuvre de stationnement",
        "Interface Media",
        "Jantes Alu",
        "Kit mains-libres Bluetooth",
        "Lampe de coffre",
        "Lampes de lecture \u00e0 l'arri\u00e8re",
        "Lampes de lecture \u00e0 l'avant",
        "Limiteur de vitesse",
        "Lunette arri\u00e8re surteint\u00e9e",
        "Miroir de courtoisie conducteur",
        "Miroir de courtoisie passager",
        "Ordinateur de bord",
        "Palettes changement vitesses au volant",
        "Phares antibrouillard",
        "Phares avant LED",
        "Poign\u00e9es ton carrosserie",
        "Pommeau de levier vitesse en cuir",
        "Porte-gobelets avant",
        "Prise USB",
        "Radar de stationnement AR",
        "Radar de stationnement AV",
        "Radio",
        "Radio num\u00e9rique DAB",
        "R\u00e9gulateur de vitesse adaptatif",
        "R\u00e9p\u00e9titeurs de clignotant dans r\u00e9tro ext",
        "R\u00e9troviseur int\u00e9rieur \u00e9lectrochrome",
        "R\u00e9troviseurs d\u00e9givrants",
        "R\u00e9troviseurs \u00e9lectriques",
        "R\u00e9troviseurs rabattables \u00e9lectriquement",
        "Services connect\u00e9s",
        "Si\u00e8ge conducteur avec r\u00e9glage lombaire",
        "Si\u00e8ge conducteur r\u00e9glable en hauteur",
        "Si\u00e8ge passager avec r\u00e9glage lombaire",
        "Si\u00e8ge passager r\u00e9glable en hauteur",
        "Syst. r\u00e9cup\u00e9ration \u00e9nergie d\u00e9c\u00e9l\u00e9ration",
        "Syst\u00e8me anti-\u00e9blouissement",
        "Syst\u00e8me d'acc\u00e8s sans cl\u00e9",
        "Syst\u00e8me d'\u00e9clairage intelligent",
        "Syst\u00e8me de d\u00e9tection de somnolence",
        "Tablette cache bagages",
        "T\u00e9moin de bouclage des ceintures AV",
        "Temp\u00e9rature ext\u00e9rieure",
        "Tissu 'ArtVelours' Noir Titane",
        "TMC",
        "Verrouillage centralis\u00e9 \u00e0 distance",
        "Verrouillage centralis\u00e9 des portes",
        "Vitres arri\u00e8re \u00e9lectriques",
        "Vitres arri\u00e8re surteint\u00e9es",
        "Vitres avant \u00e9lectriques",
        "Volant cuir",
        "Volant multifonction"
    ]
}