{
    "marque": "AUDI",
    "modele": "E-TRON SPORTBACK",
    "couleur": "Noir Mythic",
    "kilometrage": "12 592 Km",
    "boite_de_vitesse": "Automatique",
    "annee": "2021",
    "prix_ttc": "58 499 \u20ac",
    "puissance_fiscale": "12 CV",
    "type_vehicule": "SUV",
    "carburant": "Electrique",
    "portes": "5 portes",
    "places": "5 places",
    "ville": "POITIERS (86000)",
    "garantie": "Audi Occasion plus ? Garantie Flex 24 mois",
    "mise_en_circulation": "28/12/2021",
    "reference": "4700-1396-90 (au86c1)",
    "equipements": [
        "cam_recul",
        "radar_recul",
        "gps",
        "bluetooth",
        "clim_auto",
        "regulateur_vitesse",
        "feux_led",
        "isofix",
        "jantes_alliage",
        "cam_recul",
        "radar_recul",
        "gps",
        "bluetooth",
        "clim_auto",
        "regulateur_vitesse",
        "feux_led",
        "isofix",
        "jantes_alliage"
    ],
    "liste_equipements_serie": [
        "10 Haut parleurs",
        "ABS",
        "Accoudoir arri\u00e8re",
        "Accoudoir central AV avec rangement",
        "AFIL",
        "Airbag conducteur",
        "Airbag passager d\u00e9connectable",
        "Airbags lat\u00e9raux avant",
        "Airbags rideaux",
        "Antid\u00e9marrage \u00e9lectronique",
        "Antipatinage",
        "Appel d'Urgence Localis\u00e9",
        "Appui-t\u00eate conducteur r\u00e9glable hauteur",
        "Appui-t\u00eate passager r\u00e9glable en hauteur",
        "Assistance de maintient de trajectoire",
        "Bacs de portes avant",
        "Borne Wi-Fi",
        "Buses de lave-glace chauffantes",
        "Cam\u00e9ra de recul",
        "Ceinture de vitrage chrom\u00e9e",
        "Ceintures avant ajustables en hauteur",
        "Clim automatique bi-zones",
        "Coffre assist\u00e9 \u00e9lectriquement",
        "Coffre avec fermeture \u00e0 distance",
        "Commande du comportement dynamique",
        "Commandes du syst\u00e8me audio au volant",
        "Commandes vocales",
        "Compte tours",
        "Correcteur d'assiette",
        "D\u00e9marrage sans cl\u00e9",
        "EBD",
        "Eclairage au sol",
        "Ecran multifonction couleur",
        "ESP",
        "Essuie-glace arri\u00e8re",
        "Feux de freinage d'urgence",
        "Filets de coffre",
        "Filtre \u00e0 Pollen",
        "Fixation Isofix si\u00e8ge passager avant",
        "Fixations Isofix aux places arri\u00e8res",
        "Fonction MP3",
        "Freinage automatique d'urgence",
        "GPS Cartographique",
        "Inserts de porte m\u00e9tal",
        "Inserts de tableau de bord m\u00e9tal",
        "Interface Media",
        "Jantes Alu",
        "Kit mains-libres Bluetooth",
        "Lecteur carte SD",
        "Limiteur de vitesse",
        "Lunette AR d\u00e9givrante",
        "Lunette arri\u00e8re teint\u00e9e",
        "Ordinateur de bord",
        "Ouverture du coffre mains-libres",
        "Phares avant LED",
        "Porte-gobelets arri\u00e8re",
        "Porte-gobelets avant",
        "Prise 12V",
        "Prise USB",
        "Radar de stationnement AR",
        "Radar de stationnement AV",
        "Radio",
        "Radio num\u00e9rique DAB",
        "R\u00e9gulateur de vitesse",
        "R\u00e9p\u00e9titeurs de clignotant dans r\u00e9tro ext",
        "R\u00e9troviseur int\u00e9rieur \u00e9lectrochrome",
        "R\u00e9troviseurs d\u00e9givrants",
        "R\u00e9troviseurs \u00e9lectriques",
        "R\u00e9troviseurs ext\u00e9rieurs \u00e0 m\u00e9moire",
        "R\u00e9troviseurs ext\u00e9rieurs \u00e9lectrochromes",
        "R\u00e9troviseurs rabattables \u00e9lectriquement",
        "Services connect\u00e9s",
        "Si\u00e8ge conducteur \u00e0 m\u00e9moire",
        "Si\u00e8ge conducteur \u00e9lectrique",
        "Si\u00e8ge conducteur r\u00e9glable en hauteur",
        "Si\u00e8ge passager \u00e0 r\u00e9glages \u00e9lectriques",
        "Si\u00e8ge passager r\u00e9glable en hauteur",
        "Si\u00e8ges avant sport",
        "Syst\u00e8me d'acc\u00e8s sans cl\u00e9",
        "Syst\u00e8me de pr\u00e9vention des collisions",
        "Temp\u00e9rature ext\u00e9rieure",
        "TMC",
        "Verrouillage centralis\u00e9 \u00e0 distance",
        "Verrouillage centralis\u00e9 des portes",
        "Vitres arri\u00e8re \u00e9lectriques",
        "Vitres arri\u00e8re surteint\u00e9es",
        "Vitres arri\u00e8re teint\u00e9es",
        "Vitres avant \u00e9lectriques",
        "Volant cuir",
        "Volant multifonction",
        "Volant sport",
        "Volume automatique de la radio",
        "10 Haut parleurs",
        "ABS",
        "Accoudoir arri\u00e8re",
        "Accoudoir central AV avec rangement",
        "AFIL",
        "Airbag conducteur",
        "Airbag passager d\u00e9connectable",
        "Airbags lat\u00e9raux avant",
        "Airbags rideaux",
        "Antid\u00e9marrage \u00e9lectronique",
        "Antipatinage",
        "Appel d'Urgence Localis\u00e9",
        "Appui-t\u00eate conducteur r\u00e9glable hauteur",
        "Appui-t\u00eate passager r\u00e9glable en hauteur",
        "Assistance de maintient de trajectoire",
        "Bacs de portes avant",
        "Borne Wi-Fi",
        "Buses de lave-glace chauffantes",
        "Cam\u00e9ra de recul",
        "Ceinture de vitrage chrom\u00e9e",
        "Ceintures avant ajustables en hauteur",
        "Clim automatique bi-zones",
        "Coffre assist\u00e9 \u00e9lectriquement",
        "Coffre avec fermeture \u00e0 distance",
        "Commande du comportement dynamique",
        "Commandes du syst\u00e8me audio au volant",
        "Commandes vocales",
        "Compte tours",
        "Correcteur d'assiette",
        "D\u00e9marrage sans cl\u00e9",
        "EBD",
        "Eclairage au sol",
        "Ecran multifonction couleur",
        "ESP",
        "Essuie-glace arri\u00e8re",
        "Feux de freinage d'urgence",
        "Filets de coffre",
        "Filtre \u00e0 Pollen",
        "Fixation Isofix si\u00e8ge passager avant",
        "Fixations Isofix aux places arri\u00e8res",
        "Fonction MP3",
        "Freinage automatique d'urgence",
        "GPS Cartographique",
        "Inserts de porte m\u00e9tal",
        "Inserts de tableau de bord m\u00e9tal",
        "Interface Media",
        "Jantes Alu",
        "Kit mains-libres Bluetooth",
        "Lecteur carte SD",
        "Limiteur de vitesse",
        "Lunette AR d\u00e9givrante",
        "Lunette arri\u00e8re teint\u00e9e",
        "Ordinateur de bord",
        "Ouverture du coffre mains-libres",
        "Phares avant LED",
        "Porte-gobelets arri\u00e8re",
        "Porte-gobelets avant",
        "Prise 12V",
        "Prise USB",
        "Radar de stationnement AR",
        "Radar de stationnement AV",
        "Radio",
        "Radio num\u00e9rique DAB",
        "R\u00e9gulateur de vitesse",
        "R\u00e9p\u00e9titeurs de clignotant dans r\u00e9tro ext",
        "R\u00e9troviseur int\u00e9rieur \u00e9lectrochrome",
        "R\u00e9troviseurs d\u00e9givrants",
        "R\u00e9troviseurs \u00e9lectriques",
        "R\u00e9troviseurs ext\u00e9rieurs \u00e0 m\u00e9moire",
        "R\u00e9troviseurs ext\u00e9rieurs \u00e9lectrochromes",
        "R\u00e9troviseurs rabattables \u00e9lectriquement",
        "Services connect\u00e9s",
        "Si\u00e8ge conducteur \u00e0 m\u00e9moire",
        "Si\u00e8ge conducteur \u00e9lectrique",
        "Si\u00e8ge conducteur r\u00e9glable en hauteur",
        "Si\u00e8ge passager \u00e0 r\u00e9glages \u00e9lectriques",
        "Si\u00e8ge passager r\u00e9glable en hauteur",
        "Si\u00e8ges avant sport",
        "Syst\u00e8me d'acc\u00e8s sans cl\u00e9",
        "Syst\u00e8me de pr\u00e9vention des collisions",
        "Temp\u00e9rature ext\u00e9rieure",
        "TMC",
        "Verrouillage centralis\u00e9 \u00e0 distance",
        "Verrouillage centralis\u00e9 des portes",
        "Vitres arri\u00e8re \u00e9lectriques",
        "Vitres arri\u00e8re surteint\u00e9es",
        "Vitres arri\u00e8re teint\u00e9es",
        "Vitres avant \u00e9lectriques",
        "Volant cuir",
        "Volant multifonction",
        "Volant sport",
        "Volume automatique de la radio"
    ]
}