{
    "marque": "KIA",
    "modele": "STONIC",
    "couleur": "Noir",
    "kilometrage": "71 000 Km",
    "boite_de_vitesse": "Manuelle",
    "annee": "2018",
    "prix_ttc": "13 999 \u20ac",
    "puissance_fiscale": "6 CV",
    "type_vehicule": "SUV",
    "carburant": "Essence",
    "portes": "5 portes",
    "places": "5 places",
    "ville": "VILLEMOMBLE (93250)",
    "garantie": "12 mois pi\u00e8ces et main d'oeuvre",
    "mise_en_circulation": "21/08/2018",
    "reference": "2865-5371-84 (re93c2)",
    "equipements": [
        "cam_recul",
        "radar_recul",
        "gps",
        "bluetooth",
        "clim_auto",
        "regulateur_vitesse",
        "isofix",
        "jantes_alliage",
        "cam_recul",
        "radar_recul",
        "gps",
        "bluetooth",
        "clim_auto",
        "regulateur_vitesse",
        "isofix",
        "jantes_alliage"
    ],
    "liste_equipements_serie": [
        "6 Haut parleurs",
        "ABS",
        "Accoudoir central AV avec rangement",
        "Aide au d\u00e9marrage en c\u00f4te",
        "Airbag conducteur",
        "Airbag passager d\u00e9connectable",
        "Airbags lat\u00e9raux avant",
        "Airbags rideaux AV et AR",
        "Appui-t\u00eate conducteur r\u00e9glable hauteur",
        "Appui-t\u00eate passager r\u00e9glable en hauteur",
        "Arr\u00eat et red\u00e9marrage auto. du moteur",
        "Banquette 60/40",
        "Banquette AR rabattable",
        "Barres de toit",
        "Boucliers AV et AR couleur caisse",
        "Cam\u00e9ra de recul",
        "Capteur de luminosit\u00e9",
        "Capteur de pluie",
        "Ceinture de vitrage chrom\u00e9e",
        "Ceintures avant ajustables en hauteur",
        "Clim automatique",
        "Commandes du syst\u00e8me audio au volant",
        "Commandes vocales",
        "Compte tours",
        "D\u00e9tecteur de sous-gonflage",
        "Eclairage statique d'intersection",
        "Ecran couleur",
        "Ecran tactile",
        "ESP",
        "Essuie-glace arri\u00e8re",
        "Fermeture automatique anti-car jacking",
        "Feux arri\u00e8re \u00e0 LED",
        "Feux de freinage d'urgence",
        "Feux de jour \u00e0 LED",
        "Fonction MP3",
        "GPS Cartographique",
        "Guidage pour manoeuvre de stationnement",
        "Interface Media",
        "Jantes Alu",
        "Kit mains-libres Bluetooth",
        "Lampe de coffre",
        "Levier vitesse cuir",
        "Limiteur de vitesse",
        "Lunette AR d\u00e9givrante",
        "Lunette arri\u00e8re surteint\u00e9e",
        "Miroir de courtoisie conducteur \u00e9clair\u00e9",
        "Miroir de courtoisie passager \u00e9clair\u00e9",
        "Ordinateur de bord",
        "P\u00e9dalier sport",
        "Phares antibrouillard",
        "Phares halog\u00e8nes",
        "Poches d'aumoni\u00e8res",
        "Poign\u00e9es ton carrosserie",
        "Porte-gobelets avant",
        "Pr\u00e9paration Isofix",
        "Prise 12V",
        "Prise auxiliaire de connexion audio",
        "Prise USB",
        "Radar de stationnement AR",
        "Radio",
        "Radio num\u00e9rique DAB",
        "R\u00e9gulateur de vitesse",
        "R\u00e9partiteur \u00e9lectronique de freinage",
        "R\u00e9p\u00e9titeurs de clignotant dans r\u00e9tro ext",
        "R\u00e9troviseur int\u00e9rieur jour/nuit",
        "R\u00e9troviseurs d\u00e9givrants",
        "R\u00e9troviseurs \u00e9lectriques",
        "R\u00e9troviseurs rabattables \u00e9lectriquement",
        "Si\u00e8ge conducteur r\u00e9glable en hauteur",
        "Tablette cache bagages",
        "Troisi\u00e8me ceinture de s\u00e9curit\u00e9",
        "Verrouillage centralis\u00e9 \u00e0 distance",
        "Vitres arri\u00e8re \u00e9lectriques",
        "Vitres arri\u00e8re surteint\u00e9es",
        "Vitres avant \u00e9lectriques",
        "Vitres teint\u00e9es",
        "Volant cuir",
        "Volant r\u00e9glable en profondeur et hauteur",
        "Volant sport",
        "6 Haut parleurs",
        "ABS",
        "Accoudoir central AV avec rangement",
        "Aide au d\u00e9marrage en c\u00f4te",
        "Airbag conducteur",
        "Airbag passager d\u00e9connectable",
        "Airbags lat\u00e9raux avant",
        "Airbags rideaux AV et AR",
        "Appui-t\u00eate conducteur r\u00e9glable hauteur",
        "Appui-t\u00eate passager r\u00e9glable en hauteur",
        "Arr\u00eat et red\u00e9marrage auto. du moteur",
        "Banquette 60/40",
        "Banquette AR rabattable",
        "Barres de toit",
        "Boucliers AV et AR couleur caisse",
        "Cam\u00e9ra de recul",
        "Capteur de luminosit\u00e9",
        "Capteur de pluie",
        "Ceinture de vitrage chrom\u00e9e",
        "Ceintures avant ajustables en hauteur",
        "Clim automatique",
        "Commandes du syst\u00e8me audio au volant",
        "Commandes vocales",
        "Compte tours",
        "D\u00e9tecteur de sous-gonflage",
        "Eclairage statique d'intersection",
        "Ecran couleur",
        "Ecran tactile",
        "ESP",
        "Essuie-glace arri\u00e8re",
        "Fermeture automatique anti-car jacking",
        "Feux arri\u00e8re \u00e0 LED",
        "Feux de freinage d'urgence",
        "Feux de jour \u00e0 LED",
        "Fonction MP3",
        "GPS Cartographique",
        "Guidage pour manoeuvre de stationnement",
        "Interface Media",
        "Jantes Alu",
        "Kit mains-libres Bluetooth",
        "Lampe de coffre",
        "Levier vitesse cuir",
        "Limiteur de vitesse",
        "Lunette AR d\u00e9givrante",
        "Lunette arri\u00e8re surteint\u00e9e",
        "Miroir de courtoisie conducteur \u00e9clair\u00e9",
        "Miroir de courtoisie passager \u00e9clair\u00e9",
        "Ordinateur de bord",
        "P\u00e9dalier sport",
        "Phares antibrouillard",
        "Phares halog\u00e8nes",
        "Poches d'aumoni\u00e8res",
        "Poign\u00e9es ton carrosserie",
        "Porte-gobelets avant",
        "Pr\u00e9paration Isofix",
        "Prise 12V",
        "Prise auxiliaire de connexion audio",
        "Prise USB",
        "Radar de stationnement AR",
        "Radio",
        "Radio num\u00e9rique DAB",
        "R\u00e9gulateur de vitesse",
        "R\u00e9partiteur \u00e9lectronique de freinage",
        "R\u00e9p\u00e9titeurs de clignotant dans r\u00e9tro ext",
        "R\u00e9troviseur int\u00e9rieur jour/nuit",
        "R\u00e9troviseurs d\u00e9givrants",
        "R\u00e9troviseurs \u00e9lectriques",
        "R\u00e9troviseurs rabattables \u00e9lectriquement",
        "Si\u00e8ge conducteur r\u00e9glable en hauteur",
        "Tablette cache bagages",
        "Troisi\u00e8me ceinture de s\u00e9curit\u00e9",
        "Verrouillage centralis\u00e9 \u00e0 distance",
        "Vitres arri\u00e8re \u00e9lectriques",
        "Vitres arri\u00e8re surteint\u00e9es",
        "Vitres avant \u00e9lectriques",
        "Vitres teint\u00e9es",
        "Volant cuir",
        "Volant r\u00e9glable en profondeur et hauteur",
        "Volant sport"
    ]
}