{
    "marque": "CITROEN",
    "modele": "AMI",
    "couleur": "Bleu",
    "kilometrage": "3 000 Km",
    "boite_de_vitesse": "Automatique",
    "annee": "2023",
    "prix_ttc": "8 800 \u20ac",
    "puissance_fiscale": "1 CV",
    "type_vehicule": "-",
    "carburant": "Electrique",
    "portes": "2 portes",
    "places": "-",
    "ville": "CHALON-SUR-SA\u00d4NE (71103)",
    "garantie": "Spoticar-Premium 12 Mois",
    "mise_en_circulation": "29/12/2023",
    "reference": "3217-3535-90 (be10)",
    "equipements": [],
    "liste_equipements_serie": []
}