{
    "marque": "PEUGEOT",
    "modele": "208",
    "couleur": "Gris clair",
    "kilometrage": "40 771 Km",
    "boite_de_vitesse": "Automatique",
    "annee": "2015",
    "prix_ttc": "13 299 \u20ac",
    "puissance_fiscale": "5 CV",
    "type_vehicule": "Berline",
    "carburant": "Essence",
    "portes": "5 portes",
    "places": "5 places",
    "ville": "BAYONNE (64100)",
    "garantie": "Confort AUTOSPHERE 12 mois",
    "mise_en_circulation": "15/06/2015",
    "reference": "7244-3309-40 (dul2)",
    "equipements": [],
    "liste_equipements_serie": [
        "ABS",
        "Accoudoir central avant",
        "Aide au freinage d'urgence",
        "Airbag conducteur",
        "Airbag passager d\u00e9connectable",
        "Airbags lat\u00e9raux avant",
        "Airbags rideaux AV et AR",
        "Antid\u00e9marrage \u00e9lectronique",
        "Antipatinage",
        "Arr\u00eat et red\u00e9marrage auto. du moteur",
        "Bacs de portes avant",
        "Banquette 1/3-2/3",
        "Banquette AR rabattable",
        "Banquette arri\u00e8re 3 places",
        "Boite \u00e0 gants ferm\u00e9e",
        "Boucliers AV et AR couleur caisse",
        "Calandre chrom\u00e9e",
        "Ceinture de vitrage chrom\u00e9e",
        "Clim automatique bi-zones",
        "Compte tours",
        "D\u00e9tecteur de sous-gonflage indirect",
        "EBD",
        "Eclairage statique d'intersection",
        "Ecran tactile avec fonct. Mirror Screen",
        "ESP",
        "Essuie-glace arri\u00e8re",
        "Feux arri\u00e8re \u00e0 LED",
        "Feux de freinage d'urgence",
        "Feux de jour \u00e0 LED",
        "Filtre \u00e0 Pollen",
        "Jantes Alu",
        "Kit anti-crevaison",
        "Lampe de coffre",
        "Limiteur de vitesse",
        "Miroir de courtoisie conducteur \u00e9clair\u00e9",
        "Miroir de courtoisie passager \u00e9clair\u00e9",
        "Navigation",
        "Ordinateur de bord",
        "Ouverture des vitres s\u00e9quentielle",
        "Pack visibilit\u00e9",
        "Phares additionnels en virage",
        "Phares halog\u00e8nes",
        "Poches d'aumoni\u00e8res",
        "Pr\u00e9paration Isofix",
        "Prise 12V",
        "Proj. antibrouillard avec enj. chrom\u00e9s",
        "Radar de stationnement AR",
        "R\u00e9gulateur de vitesse",
        "R\u00e9p\u00e9titeurs de clignotant dans r\u00e9tro ext",
        "R\u00e9troviseurs d\u00e9givrants",
        "R\u00e9troviseurs \u00e9lectriques",
        "R\u00e9troviseurs ext. index\u00e9s \u00e0 la marche AR",
        "R\u00e9troviseurs rabattables automatique",
        "R\u00e9troviseurs rabattables \u00e9lectriquement",
        "Si\u00e8ges avant sport",
        "Si\u00e8ges AV r\u00e9glables en hauteur",
        "Tablette cache bagages",
        "Temp\u00e9rature ext\u00e9rieure",
        "Troisi\u00e8me ceinture de s\u00e9curit\u00e9",
        "Verrouillage auto. des portes en roulant",
        "Verrouillage centralis\u00e9 \u00e0 distance",
        "Vitrage arri\u00e8re surteint\u00e9",
        "Vitres arri\u00e8re \u00e9lectriques",
        "Vitres teint\u00e9es",
        "Volant cuir",
        "Volant r\u00e9glable en profondeur et hauteur",
        "ABS",
        "Accoudoir central avant",
        "Aide au freinage d'urgence",
        "Airbag conducteur",
        "Airbag passager d\u00e9connectable",
        "Airbags lat\u00e9raux avant",
        "Airbags rideaux AV et AR",
        "Antid\u00e9marrage \u00e9lectronique",
        "Antipatinage",
        "Arr\u00eat et red\u00e9marrage auto. du moteur",
        "Bacs de portes avant",
        "Banquette 1/3-2/3",
        "Banquette AR rabattable",
        "Banquette arri\u00e8re 3 places",
        "Boite \u00e0 gants ferm\u00e9e",
        "Boucliers AV et AR couleur caisse",
        "Calandre chrom\u00e9e",
        "Ceinture de vitrage chrom\u00e9e",
        "Clim automatique bi-zones",
        "Compte tours",
        "D\u00e9tecteur de sous-gonflage indirect",
        "EBD",
        "Eclairage statique d'intersection",
        "Ecran tactile avec fonct. Mirror Screen",
        "ESP",
        "Essuie-glace arri\u00e8re",
        "Feux arri\u00e8re \u00e0 LED",
        "Feux de freinage d'urgence",
        "Feux de jour \u00e0 LED",
        "Filtre \u00e0 Pollen",
        "Jantes Alu",
        "Kit anti-crevaison",
        "Lampe de coffre",
        "Limiteur de vitesse",
        "Miroir de courtoisie conducteur \u00e9clair\u00e9",
        "Miroir de courtoisie passager \u00e9clair\u00e9",
        "Navigation",
        "Ordinateur de bord",
        "Ouverture des vitres s\u00e9quentielle",
        "Pack visibilit\u00e9",
        "Phares additionnels en virage",
        "Phares halog\u00e8nes",
        "Poches d'aumoni\u00e8res",
        "Pr\u00e9paration Isofix",
        "Prise 12V",
        "Proj. antibrouillard avec enj. chrom\u00e9s",
        "Radar de stationnement AR",
        "R\u00e9gulateur de vitesse",
        "R\u00e9p\u00e9titeurs de clignotant dans r\u00e9tro ext",
        "R\u00e9troviseurs d\u00e9givrants",
        "R\u00e9troviseurs \u00e9lectriques",
        "R\u00e9troviseurs ext. index\u00e9s \u00e0 la marche AR",
        "R\u00e9troviseurs rabattables automatique",
        "R\u00e9troviseurs rabattables \u00e9lectriquement",
        "Si\u00e8ges avant sport",
        "Si\u00e8ges AV r\u00e9glables en hauteur",
        "Tablette cache bagages",
        "Temp\u00e9rature ext\u00e9rieure",
        "Troisi\u00e8me ceinture de s\u00e9curit\u00e9",
        "Verrouillage auto. des portes en roulant",
        "Verrouillage centralis\u00e9 \u00e0 distance",
        "Vitrage arri\u00e8re surteint\u00e9",
        "Vitres arri\u00e8re \u00e9lectriques",
        "Vitres teint\u00e9es",
        "Volant cuir",
        "Volant r\u00e9glable en profondeur et hauteur"
    ]
}