{
    "marque": "AUDI",
    "modele": "Q2",
    "couleur": "Blanc",
    "kilometrage": "56 295 Km",
    "boite_de_vitesse": "Automatique",
    "annee": "2020",
    "prix_ttc": "27 590 \u20ac",
    "puissance_fiscale": "8 CV",
    "type_vehicule": "SUV",
    "carburant": "Essence",
    "portes": "5 portes",
    "places": "5 places",
    "ville": "CHAMPAGNE-AU-MONT-D'OR (69410)",
    "garantie": "Label Toyota Occasions 24 mois IC",
    "mise_en_circulation": "13/11/2020",
    "reference": "2724-0959-90 (siv7)",
    "equipements": [],
    "liste_equipements_serie": []
}