{
    "marque": "SKODA",
    "modele": "OCTAVIA COMBI",
    "couleur": "Noire",
    "kilometrage": "63 898 Km",
    "boite_de_vitesse": "Automatique",
    "annee": "2021",
    "prix_ttc": "26 499 \u20ac",
    "puissance_fiscale": "8 CV",
    "type_vehicule": "Break",
    "carburant": "Diesel",
    "portes": "5 portes",
    "places": "5 places",
    "ville": "THONON-LES-BAINS (74200)",
    "garantie": "12 mois pi\u00e8ces et main d'oeuvre",
    "mise_en_circulation": "17/12/2021",
    "reference": "1654-6165-53 (re74c2)",
    "equipements": [
        "cam_recul",
        "radar_recul",
        "gps",
        "bluetooth",
        "clim_auto",
        "regulateur_vitesse",
        "feux_led",
        "isofix",
        "jantes_alliage",
        "cam_recul",
        "radar_recul",
        "gps",
        "bluetooth",
        "clim_auto",
        "regulateur_vitesse",
        "feux_led",
        "isofix",
        "jantes_alliage"
    ],
    "liste_equipements_serie": [
        "8 Haut parleurs",
        "ABS",
        "Accoudoir central AR avec trappe \u00e0 skis",
        "Accoudoir central AV",
        "AFIL",
        "Aide au d\u00e9marrage en c\u00f4te",
        "Aide au freinage d'urgence",
        "Airbag conducteur",
        "Airbag passager d\u00e9connectable",
        "Airbags frontaux",
        "Airbags genoux conducteur et passager",
        "Airbags lat\u00e9raux avant",
        "Airbags rideaux",
        "Airbags rideaux AR",
        "Alarme d'oubli d'extinction des feux",
        "Antid\u00e9marrage \u00e9lectronique",
        "Antipatinage",
        "Appui-t\u00eate conducteur r\u00e9glable hauteur",
        "Appui-t\u00eate passager r\u00e9glable en hauteur",
        "Arr\u00eat et red\u00e9marrage auto. du moteur",
        "Assistance de maintien de trajectoire",
        "Bacs de portes arri\u00e8re",
        "Bacs de portes avant",
        "Banquette 1/3-2/3",
        "Banquette AR rabattable",
        "Banquette arri\u00e8re 3 places",
        "Bleu Energie",
        "Blocage \u00e9lectronique du diff\u00e9rentiel",
        "Boite \u00e0 gants ferm\u00e9e",
        "Calandre chrom\u00e9e",
        "Cam\u00e9ra de recul",
        "Capteur de luminosit\u00e9",
        "Capteur de pluie",
        "Ceintures avant ajustables en hauteur",
        "Clim automatique bi-zones",
        "Commandes du syst\u00e8me audio au volant",
        "Commandes vocales",
        "Compte tours",
        "Contr\u00f4le de couple en courbe",
        "Contr\u00f4le de freinage en courbe",
        "Contr\u00f4le \u00e9lect. de la pression des pneus",
        "Contr\u00f4le electronique de stabilit\u00e9",
        "D\u00e9marrage sans cl\u00e9",
        "Disque dur multim\u00e9dia",
        "EBD",
        "Ecran multifonction couleur",
        "Ecran tactile",
        "ESP",
        "Essuie-glace arri\u00e8re",
        "Feux arri\u00e8re \u00e0 LED",
        "Feux de jour \u00e0 LED",
        "Filtre \u00e0 particules",
        "Fixation Isofix si\u00e8ge passager avant",
        "Fixations Isofix aux places arri\u00e8res",
        "Fonction appel d'urgence",
        "Freinage automatique d'urgence",
        "GPS Cartographique",
        "Inserts de porte m\u00e9tal",
        "Interface Media",
        "Jantes Alu",
        "Kit mains-libres Bluetooth",
        "Lampe de coffre",
        "Lampes de lecture \u00e0 l'arri\u00e8re",
        "Lampes de lecture \u00e0 l'avant",
        "Limiteur de vitesse",
        "Lunette AR d\u00e9givrante",
        "Miroir de courtoisie conducteur",
        "Miroir de courtoisie passager",
        "Palettes changement vitesses au volant",
        "Phares avant LED",
        "Poches d'aumoni\u00e8res",
        "Poign\u00e9es ton carrosserie",
        "Pommeau de levier vitesse en cuir",
        "Porte-gobelets arri\u00e8re",
        "Porte-gobelets avant",
        "Prise 12V",
        "Prise \u00e9lectrique pour attelage",
        "Prise USB",
        "Radar de stationnement AR",
        "Radar de stationnement AV",
        "Radio",
        "Radio num\u00e9rique DAB",
        "R\u00e9gulateur de couple d'inertie",
        "R\u00e9gulateur de vitesse adaptatif",
        "R\u00e9p\u00e9titeurs de clignotant dans r\u00e9tro ext",
        "R\u00e9troviseur int\u00e9rieur \u00e9lectrochrome",
        "R\u00e9troviseurs d\u00e9givrants",
        "R\u00e9troviseurs \u00e9lectriques",
        "R\u00e9troviseurs rabattables \u00e9lectriquement",
        "Services connect\u00e9s",
        "Si\u00e8ge conducteur avec r\u00e9glage lombaire",
        "Si\u00e8ge conducteur r\u00e9glable en hauteur",
        "Si\u00e8ge passager avec r\u00e9glage lombaire",
        "Si\u00e8ge passager r\u00e9glable en hauteur",
        "Syst\u00e8me avanc\u00e9 de d\u00e9tection d'obstacles",
        "Syst\u00e8me d'acc\u00e8s sans cl\u00e9",
        "Syst\u00e8me de pr\u00e9vention des collisions",
        "Syst\u00e8me de pr\u00e9vention des \u00e9carts",
        "T\u00e9moin de bouclage des ceintures AV",
        "Tissu Ambition/Business Noir",
        "Troisi\u00e8me ceinture de s\u00e9curit\u00e9",
        "Verrouillage centralis\u00e9 \u00e0 distance",
        "Verrouillage centralis\u00e9 des portes",
        "Vitres arri\u00e8re \u00e9lectriques",
        "Vitres avant \u00e9lectriques",
        "Volant chauffant",
        "Volant cuir",
        "Volant multifonction",
        "Volant r\u00e9glable en profondeur et hauteur",
        "8 Haut parleurs",
        "ABS",
        "Accoudoir central AR avec trappe \u00e0 skis",
        "Accoudoir central AV",
        "AFIL",
        "Aide au d\u00e9marrage en c\u00f4te",
        "Aide au freinage d'urgence",
        "Airbag conducteur",
        "Airbag passager d\u00e9connectable",
        "Airbags frontaux",
        "Airbags genoux conducteur et passager",
        "Airbags lat\u00e9raux avant",
        "Airbags rideaux",
        "Airbags rideaux AR",
        "Alarme d'oubli d'extinction des feux",
        "Antid\u00e9marrage \u00e9lectronique",
        "Antipatinage",
        "Appui-t\u00eate conducteur r\u00e9glable hauteur",
        "Appui-t\u00eate passager r\u00e9glable en hauteur",
        "Arr\u00eat et red\u00e9marrage auto. du moteur",
        "Assistance de maintien de trajectoire",
        "Bacs de portes arri\u00e8re",
        "Bacs de portes avant",
        "Banquette 1/3-2/3",
        "Banquette AR rabattable",
        "Banquette arri\u00e8re 3 places",
        "Bleu Energie",
        "Blocage \u00e9lectronique du diff\u00e9rentiel",
        "Boite \u00e0 gants ferm\u00e9e",
        "Calandre chrom\u00e9e",
        "Cam\u00e9ra de recul",
        "Capteur de luminosit\u00e9",
        "Capteur de pluie",
        "Ceintures avant ajustables en hauteur",
        "Clim automatique bi-zones",
        "Commandes du syst\u00e8me audio au volant",
        "Commandes vocales",
        "Compte tours",
        "Contr\u00f4le de couple en courbe",
        "Contr\u00f4le de freinage en courbe",
        "Contr\u00f4le \u00e9lect. de la pression des pneus",
        "Contr\u00f4le electronique de stabilit\u00e9",
        "D\u00e9marrage sans cl\u00e9",
        "Disque dur multim\u00e9dia",
        "EBD",
        "Ecran multifonction couleur",
        "Ecran tactile",
        "ESP",
        "Essuie-glace arri\u00e8re",
        "Feux arri\u00e8re \u00e0 LED",
        "Feux de jour \u00e0 LED",
        "Filtre \u00e0 particules",
        "Fixation Isofix si\u00e8ge passager avant",
        "Fixations Isofix aux places arri\u00e8res",
        "Fonction appel d'urgence",
        "Freinage automatique d'urgence",
        "GPS Cartographique",
        "Inserts de porte m\u00e9tal",
        "Interface Media",
        "Jantes Alu",
        "Kit mains-libres Bluetooth",
        "Lampe de coffre",
        "Lampes de lecture \u00e0 l'arri\u00e8re",
        "Lampes de lecture \u00e0 l'avant",
        "Limiteur de vitesse",
        "Lunette AR d\u00e9givrante",
        "Miroir de courtoisie conducteur",
        "Miroir de courtoisie passager",
        "Palettes changement vitesses au volant",
        "Phares avant LED",
        "Poches d'aumoni\u00e8res",
        "Poign\u00e9es ton carrosserie",
        "Pommeau de levier vitesse en cuir",
        "Porte-gobelets arri\u00e8re",
        "Porte-gobelets avant",
        "Prise 12V",
        "Prise \u00e9lectrique pour attelage",
        "Prise USB",
        "Radar de stationnement AR",
        "Radar de stationnement AV",
        "Radio",
        "Radio num\u00e9rique DAB",
        "R\u00e9gulateur de couple d'inertie",
        "R\u00e9gulateur de vitesse adaptatif",
        "R\u00e9p\u00e9titeurs de clignotant dans r\u00e9tro ext",
        "R\u00e9troviseur int\u00e9rieur \u00e9lectrochrome",
        "R\u00e9troviseurs d\u00e9givrants",
        "R\u00e9troviseurs \u00e9lectriques",
        "R\u00e9troviseurs rabattables \u00e9lectriquement",
        "Services connect\u00e9s",
        "Si\u00e8ge conducteur avec r\u00e9glage lombaire",
        "Si\u00e8ge conducteur r\u00e9glable en hauteur",
        "Si\u00e8ge passager avec r\u00e9glage lombaire",
        "Si\u00e8ge passager r\u00e9glable en hauteur",
        "Syst\u00e8me avanc\u00e9 de d\u00e9tection d'obstacles",
        "Syst\u00e8me d'acc\u00e8s sans cl\u00e9",
        "Syst\u00e8me de pr\u00e9vention des collisions",
        "Syst\u00e8me de pr\u00e9vention des \u00e9carts",
        "T\u00e9moin de bouclage des ceintures AV",
        "Tissu Ambition/Business Noir",
        "Troisi\u00e8me ceinture de s\u00e9curit\u00e9",
        "Verrouillage centralis\u00e9 \u00e0 distance",
        "Verrouillage centralis\u00e9 des portes",
        "Vitres arri\u00e8re \u00e9lectriques",
        "Vitres avant \u00e9lectriques",
        "Volant chauffant",
        "Volant cuir",
        "Volant multifonction",
        "Volant r\u00e9glable en profondeur et hauteur"
    ]
}