{
    "marque": "MERCEDES",
    "modele": "CLASSE A",
    "couleur": "Argent iridium m\u00e9tallis\u00e9",
    "kilometrage": "70 914 Km",
    "boite_de_vitesse": "Automatique",
    "annee": "2020",
    "prix_ttc": "28 990 \u20ac",
    "puissance_fiscale": "8 CV",
    "type_vehicule": "Berline",
    "carburant": "Hybride rechargeable",
    "portes": "5 portes",
    "places": "5 places",
    "ville": "REIMS (51100)",
    "garantie": "Mercedes-Benz VP Certified 24 mois",
    "mise_en_circulation": "23/12/2020",
    "reference": "4144-7534-58 (mb51c3)",
    "equipements": [
        "cam_recul",
        "bluetooth",
        "clim_auto",
        "regulateur_vitesse",
        "feux_led",
        "isofix",
        "jantes_alliage",
        "cam_recul",
        "bluetooth",
        "clim_auto",
        "regulateur_vitesse",
        "feux_led",
        "isofix",
        "jantes_alliage"
    ],
    "liste_equipements_serie": [
        "ABS",
        "Accoudoir central AV avec rangement",
        "AFIL",
        "Aide au d\u00e9marrage en c\u00f4te",
        "Aide au freinage d'urgence",
        "Airbag conducteur",
        "Airbag genoux",
        "Airbag passager",
        "Airbag passager d\u00e9connectable",
        "Airbags lat\u00e9raux avant",
        "Airbags rideaux AV et AR",
        "Antid\u00e9marrage \u00e9lectronique",
        "Antipatinage",
        "Appel d'Assistance Localis\u00e9",
        "Appel d'Urgence Localis\u00e9",
        "Arr\u00eat et red\u00e9marrage auto. du moteur",
        "Assistance de maintient de trajectoire",
        "Bacs de portes arri\u00e8re",
        "Bacs de portes avant",
        "Banquette 40/20/40",
        "Banquette AR rabattable",
        "Banquette arri\u00e8re 3 places",
        "BAS",
        "Boite \u00e0 gants ferm\u00e9e",
        "Boucliers AV et AR couleur caisse",
        "Cam\u00e9ra de recul",
        "Capteur de luminosit\u00e9",
        "Capteur de pluie",
        "Clim automatique",
        "Commande du comportement dynamique",
        "Commande Mode ECO",
        "Commandes du syst\u00e8me audio au volant",
        "Commandes vocales",
        "Compte tours",
        "Contr\u00f4le \u00e9lect. de la pression des pneus",
        "D\u00e9marrage sans cl\u00e9",
        "D\u00e9tecteur de sous-gonflage",
        "Direction assist\u00e9e asservie \u00e0 la vitesse",
        "EBD",
        "Ecran LCD",
        "Ecran multifonction couleur",
        "Ecran tactile",
        "ESP",
        "Essuie-glace arri\u00e8re",
        "Feux arri\u00e8re \u00e0 LED",
        "Feux de freinage d'urgence",
        "Feux de jour \u00e0 LED",
        "Feux de position \u00e0 LED",
        "Filtre \u00e0 particules",
        "Filtre \u00e0 Pollen",
        "Freinage automatique d'urgence",
        "Frein stationnement \u00e9lectrique",
        "Indicateur de limitation de vitesse",
        "Jantes Alu",
        "Kit mains-libres Bluetooth",
        "Lampe de coffre",
        "Lampes de lecture \u00e0 l'arri\u00e8re",
        "Lampes de lecture \u00e0 l'avant",
        "Limiteur de vitesse",
        "Miroir de courtoisie conducteur \u00e9clair\u00e9",
        "Miroir de courtoisie passager \u00e9clair\u00e9",
        "Navigateur Internet",
        "Ordinateur de bord",
        "Ouverture des vitres s\u00e9quentielle",
        "Phares avant LED",
        "Poches d'aumoni\u00e8res",
        "Poign\u00e9es ton carrosserie",
        "Porte-gobelets arri\u00e8re",
        "Porte-gobelets avant",
        "Pr\u00e9paration Isofix",
        "Prise 12V",
        "Prise auxiliaire de connexion audio",
        "Prise Jack",
        "Prise USB",
        "Radio num\u00e9rique DAB",
        "Reconnaissance panneaux de signalisation",
        "R\u00e9gulateur de vitesse",
        "R\u00e9p\u00e9titeurs de clignotant dans r\u00e9tro ext",
        "R\u00e9troviseurs d\u00e9givrants",
        "R\u00e9troviseurs \u00e9lectriques",
        "Si\u00e8ge conducteur r\u00e9glable en hauteur",
        "Si\u00e8ge passager r\u00e9glable en hauteur",
        "Syst\u00e8me de d\u00e9tection de somnolence",
        "Syst\u00e8me de pr\u00e9vention des collisions",
        "Tablette cache bagages",
        "T\u00e9moin de bouclage des ceintures AV",
        "Temp\u00e9rature ext\u00e9rieure",
        "Tissu/similicuir ARTICO Noir",
        "TMC",
        "Troisi\u00e8me ceinture de s\u00e9curit\u00e9",
        "Verrouillage auto. des portes en roulant",
        "Verrouillage centralis\u00e9 \u00e0 distance",
        "Vitres arri\u00e8re \u00e9lectriques",
        "Vitres avant \u00e9lectriques",
        "Vitres teint\u00e9es",
        "Volant cuir",
        "Volant multifonction",
        "Volant r\u00e9glable en profondeur et hauteur",
        "Volant sport",
        "ABS",
        "Accoudoir central AV avec rangement",
        "AFIL",
        "Aide au d\u00e9marrage en c\u00f4te",
        "Aide au freinage d'urgence",
        "Airbag conducteur",
        "Airbag genoux",
        "Airbag passager",
        "Airbag passager d\u00e9connectable",
        "Airbags lat\u00e9raux avant",
        "Airbags rideaux AV et AR",
        "Antid\u00e9marrage \u00e9lectronique",
        "Antipatinage",
        "Appel d'Assistance Localis\u00e9",
        "Appel d'Urgence Localis\u00e9",
        "Arr\u00eat et red\u00e9marrage auto. du moteur",
        "Assistance de maintient de trajectoire",
        "Bacs de portes arri\u00e8re",
        "Bacs de portes avant",
        "Banquette 40/20/40",
        "Banquette AR rabattable",
        "Banquette arri\u00e8re 3 places",
        "BAS",
        "Boite \u00e0 gants ferm\u00e9e",
        "Boucliers AV et AR couleur caisse",
        "Cam\u00e9ra de recul",
        "Capteur de luminosit\u00e9",
        "Capteur de pluie",
        "Clim automatique",
        "Commande du comportement dynamique",
        "Commande Mode ECO",
        "Commandes du syst\u00e8me audio au volant",
        "Commandes vocales",
        "Compte tours",
        "Contr\u00f4le \u00e9lect. de la pression des pneus",
        "D\u00e9marrage sans cl\u00e9",
        "D\u00e9tecteur de sous-gonflage",
        "Direction assist\u00e9e asservie \u00e0 la vitesse",
        "EBD",
        "Ecran LCD",
        "Ecran multifonction couleur",
        "Ecran tactile",
        "ESP",
        "Essuie-glace arri\u00e8re",
        "Feux arri\u00e8re \u00e0 LED",
        "Feux de freinage d'urgence",
        "Feux de jour \u00e0 LED",
        "Feux de position \u00e0 LED",
        "Filtre \u00e0 particules",
        "Filtre \u00e0 Pollen",
        "Freinage automatique d'urgence",
        "Frein stationnement \u00e9lectrique",
        "Indicateur de limitation de vitesse",
        "Jantes Alu",
        "Kit mains-libres Bluetooth",
        "Lampe de coffre",
        "Lampes de lecture \u00e0 l'arri\u00e8re",
        "Lampes de lecture \u00e0 l'avant",
        "Limiteur de vitesse",
        "Miroir de courtoisie conducteur \u00e9clair\u00e9",
        "Miroir de courtoisie passager \u00e9clair\u00e9",
        "Navigateur Internet",
        "Ordinateur de bord",
        "Ouverture des vitres s\u00e9quentielle",
        "Phares avant LED",
        "Poches d'aumoni\u00e8res",
        "Poign\u00e9es ton carrosserie",
        "Porte-gobelets arri\u00e8re",
        "Porte-gobelets avant",
        "Pr\u00e9paration Isofix",
        "Prise 12V",
        "Prise auxiliaire de connexion audio",
        "Prise Jack",
        "Prise USB",
        "Radio num\u00e9rique DAB",
        "Reconnaissance panneaux de signalisation",
        "R\u00e9gulateur de vitesse",
        "R\u00e9p\u00e9titeurs de clignotant dans r\u00e9tro ext",
        "R\u00e9troviseurs d\u00e9givrants",
        "R\u00e9troviseurs \u00e9lectriques",
        "Si\u00e8ge conducteur r\u00e9glable en hauteur",
        "Si\u00e8ge passager r\u00e9glable en hauteur",
        "Syst\u00e8me de d\u00e9tection de somnolence",
        "Syst\u00e8me de pr\u00e9vention des collisions",
        "Tablette cache bagages",
        "T\u00e9moin de bouclage des ceintures AV",
        "Temp\u00e9rature ext\u00e9rieure",
        "Tissu/similicuir ARTICO Noir",
        "TMC",
        "Troisi\u00e8me ceinture de s\u00e9curit\u00e9",
        "Verrouillage auto. des portes en roulant",
        "Verrouillage centralis\u00e9 \u00e0 distance",
        "Vitres arri\u00e8re \u00e9lectriques",
        "Vitres avant \u00e9lectriques",
        "Vitres teint\u00e9es",
        "Volant cuir",
        "Volant multifonction",
        "Volant r\u00e9glable en profondeur et hauteur",
        "Volant sport"
    ]
}