{
    "marque": "TOYOTA",
    "modele": "PROACE CITY VERSO",
    "couleur": "Gris Platinium m\u00e9tallis\u00e9",
    "kilometrage": "9 845 Km",
    "boite_de_vitesse": "Automatique",
    "annee": "2023",
    "prix_ttc": "28 299 \u20ac",
    "puissance_fiscale": "7 CV",
    "type_vehicule": "Monospace",
    "carburant": "Diesel",
    "portes": "5 portes",
    "places": "5 places",
    "ville": "V\u00c9NISSIEUX (69200)",
    "garantie": "Label Toyota Occasions 36 mois TFR",
    "mise_en_circulation": "19/06/2023",
    "reference": "3230-0096-92 (siv6)",
    "equipements": [],
    "liste_equipements_serie": [
        "1 Porte lat\u00e9rale coulissante",
        "2 \u00e8me Porte lat\u00e9rale coulissante",
        "ABS",
        "AFIL",
        "Aide au d\u00e9marrage en c\u00f4te",
        "Aide au freinage d'urgence",
        "Airbag conducteur",
        "Airbag passager",
        "Airbags lat\u00e9raux avant",
        "Airbags rideaux",
        "Airbags rideaux AR",
        "Appel d'Urgence Localis\u00e9",
        "Banquette AR 3 places 1/3-2/3",
        "Banquette AR rabattable",
        "Blanc Banquise opaque",
        "Boite \u00e0 gants ferm\u00e9e",
        "Boucliers AV et AR couleur caisse",
        "Capteur de luminosit\u00e9",
        "Clim manuelle",
        "Compte tours",
        "D\u00e9tecteur de sous-gonflage",
        "EBD",
        "Ecran couleur",
        "Enjoliveurs",
        "ESP",
        "Essuie-glace arri\u00e8re",
        "Filtre \u00e0 particules",
        "Filtre \u00e0 Pollen",
        "Fixations Isofix aux places arri\u00e8res",
        "Freinage automatique d'urgence",
        "Kit mains-libres Bluetooth",
        "Lampes de lecture \u00e0 l'avant",
        "Limiteur de vitesse",
        "Lunette AR d\u00e9givrante",
        "Lunette arri\u00e8re teint\u00e9e",
        "Ordinateur de bord",
        "Phares halog\u00e8nes",
        "Poign\u00e9es ton carrosserie",
        "Prise auxiliaire de connexion audio",
        "Prise USB",
        "Radio",
        "Radio num\u00e9rique DAB",
        "Reconnaissance panneaux de signalisation",
        "R\u00e9gulateur de vitesse",
        "R\u00e9troviseurs d\u00e9givrants",
        "R\u00e9troviseurs \u00e9lectriques",
        "R\u00e9troviseurs rabattables",
        "Si\u00e8ge conducteur r\u00e9glable en hauteur",
        "Si\u00e8ges arri\u00e8re escamotables (2/3 rang)",
        "Syst\u00e8me de d\u00e9tection de somnolence",
        "Syst\u00e8me de pr\u00e9vention des collisions",
        "Tablette cache bagages",
        "Tissu Toyota Manhattan",
        "Troisi\u00e8me ceinture de s\u00e9curit\u00e9",
        "Verrouillage centralis\u00e9 \u00e0 distance",
        "Vitres arri\u00e8re teint\u00e9es",
        "Vitres entrebaillantes sur rang 2",
        "1 Porte lat\u00e9rale coulissante",
        "2 \u00e8me Porte lat\u00e9rale coulissante",
        "ABS",
        "AFIL",
        "Aide au d\u00e9marrage en c\u00f4te",
        "Aide au freinage d'urgence",
        "Airbag conducteur",
        "Airbag passager",
        "Airbags lat\u00e9raux avant",
        "Airbags rideaux",
        "Airbags rideaux AR",
        "Appel d'Urgence Localis\u00e9",
        "Banquette AR 3 places 1/3-2/3",
        "Banquette AR rabattable",
        "Blanc Banquise opaque",
        "Boite \u00e0 gants ferm\u00e9e",
        "Boucliers AV et AR couleur caisse",
        "Capteur de luminosit\u00e9",
        "Clim manuelle",
        "Compte tours",
        "D\u00e9tecteur de sous-gonflage",
        "EBD",
        "Ecran couleur",
        "Enjoliveurs",
        "ESP",
        "Essuie-glace arri\u00e8re",
        "Filtre \u00e0 particules",
        "Filtre \u00e0 Pollen",
        "Fixations Isofix aux places arri\u00e8res",
        "Freinage automatique d'urgence",
        "Kit mains-libres Bluetooth",
        "Lampes de lecture \u00e0 l'avant",
        "Limiteur de vitesse",
        "Lunette AR d\u00e9givrante",
        "Lunette arri\u00e8re teint\u00e9e",
        "Ordinateur de bord",
        "Phares halog\u00e8nes",
        "Poign\u00e9es ton carrosserie",
        "Prise auxiliaire de connexion audio",
        "Prise USB",
        "Radio",
        "Radio num\u00e9rique DAB",
        "Reconnaissance panneaux de signalisation",
        "R\u00e9gulateur de vitesse",
        "R\u00e9troviseurs d\u00e9givrants",
        "R\u00e9troviseurs \u00e9lectriques",
        "R\u00e9troviseurs rabattables",
        "Si\u00e8ge conducteur r\u00e9glable en hauteur",
        "Si\u00e8ges arri\u00e8re escamotables (2/3 rang)",
        "Syst\u00e8me de d\u00e9tection de somnolence",
        "Syst\u00e8me de pr\u00e9vention des collisions",
        "Tablette cache bagages",
        "Tissu Toyota Manhattan",
        "Troisi\u00e8me ceinture de s\u00e9curit\u00e9",
        "Verrouillage centralis\u00e9 \u00e0 distance",
        "Vitres arri\u00e8re teint\u00e9es",
        "Vitres entrebaillantes sur rang 2"
    ]
}