{
    "marque": "MERCEDES",
    "modele": "CLA",
    "couleur": "Noir cosmos m\u00e9tallis\u00e9",
    "kilometrage": "62 668 Km",
    "boite_de_vitesse": "Automatique",
    "annee": "2019",
    "prix_ttc": "33 990 \u20ac",
    "puissance_fiscale": "7 CV",
    "type_vehicule": "Berline",
    "carburant": "Diesel",
    "portes": "4 portes",
    "places": "5 places",
    "ville": "REIMS (51100)",
    "garantie": "Mercedes-Benz VP Certified 24 mois",
    "mise_en_circulation": "20/12/2019",
    "reference": "1651-4392-20 (mb51c3)",
    "equipements": [
        "cam_recul",
        "radar_recul",
        "gps",
        "bluetooth",
        "clim_auto",
        "regulateur_vitesse",
        "feux_led",
        "jantes_alliage",
        "cam_recul",
        "radar_recul",
        "gps",
        "bluetooth",
        "clim_auto",
        "regulateur_vitesse",
        "feux_led",
        "jantes_alliage"
    ],
    "liste_equipements_serie": [
        "ABS",
        "Accoudoir central AV avec rangement",
        "AFIL",
        "Aide au d\u00e9marrage en c\u00f4te",
        "Airbag conducteur",
        "Airbag genoux",
        "Airbag passager d\u00e9connectable",
        "Airbags lat\u00e9raux avant",
        "Airbags rideaux AV et AR",
        "Appel d'Urgence Localis\u00e9",
        "Arr\u00eat et red\u00e9marrage auto. du moteur",
        "Banquette 40/20/40",
        "Banquette AR rabattable",
        "Banquette arri\u00e8re 3 places",
        "BAS",
        "Boite \u00e0 gants ferm\u00e9e",
        "Borne Wi-Fi",
        "Calandre chrom\u00e9e",
        "Cam\u00e9ra de recul",
        "Capteur de luminosit\u00e9",
        "Capteur de pluie",
        "Clim automatique bi-zones",
        "Commande du comportement dynamique",
        "Commandes vocales",
        "Compte tours",
        "Contr\u00f4le \u00e9lect. de la pression des pneus",
        "D\u00e9marrage sans cl\u00e9",
        "EBD",
        "Echappement \u00e0 double sortie",
        "Eclairage d'ambiance",
        "Ecran multifonction couleur",
        "Ecran tactile",
        "ESP",
        "Feux de jour \u00e0 LED",
        "Filtre \u00e0 Pollen",
        "Freinage automatique d'urgence",
        "GPS Cartographique",
        "Inserts de porte m\u00e9tal",
        "Inserts de tableau de bord m\u00e9tal",
        "Jantes Alu",
        "Kit mains-libres Bluetooth",
        "Lampe de coffre",
        "Lampes de lecture \u00e0 l'arri\u00e8re",
        "Lampes de lecture \u00e0 l'avant",
        "Limiteur de vitesse",
        "Lunette arri\u00e8re surteint\u00e9e",
        "Miroir de courtoisie conducteur \u00e9clair\u00e9",
        "Miroir de courtoisie passager \u00e9clair\u00e9",
        "Ordinateur de bord",
        "Palettes changement vitesses au volant",
        "P\u00e9dalier sport",
        "Phares avant LED",
        "Poches d'aumoni\u00e8res",
        "Porte-gobelets avant",
        "Prise 12V",
        "Prise USB",
        "Radar de stationnement AR",
        "Radio",
        "Radio num\u00e9rique DAB",
        "Reconnaissance panneaux de signalisation",
        "R\u00e9gulateur de vitesse",
        "R\u00e9troviseurs d\u00e9givrants",
        "R\u00e9troviseurs \u00e9lectriques",
        "R\u00e9troviseurs ext\u00e9rieurs \u00e9lectrochromes",
        "R\u00e9troviseurs rabattables \u00e9lectriquement",
        "Services connect\u00e9s",
        "Si\u00e8ge conducteur r\u00e9glable en hauteur",
        "Si\u00e8ge passager r\u00e9glable en hauteur",
        "Si\u00e8ges avant sport",
        "Stations de webradio",
        "Syst\u00e8me de d\u00e9tection de somnolence",
        "Syst\u00e8me de pr\u00e9vention des collisions",
        "Syst\u00e8me de s\u00e9curit\u00e9 post-collisions",
        "Verrouillage centralis\u00e9 \u00e0 distance",
        "Vitres arri\u00e8re \u00e9lectriques",
        "Vitres arri\u00e8re surteint\u00e9es",
        "Vitres avant \u00e9lectriques",
        "Volant cuir",
        "Volant multifonction",
        "Volant r\u00e9glable en profondeur et hauteur",
        "Volant sport",
        "ABS",
        "Accoudoir central AV avec rangement",
        "AFIL",
        "Aide au d\u00e9marrage en c\u00f4te",
        "Airbag conducteur",
        "Airbag genoux",
        "Airbag passager d\u00e9connectable",
        "Airbags lat\u00e9raux avant",
        "Airbags rideaux AV et AR",
        "Appel d'Urgence Localis\u00e9",
        "Arr\u00eat et red\u00e9marrage auto. du moteur",
        "Banquette 40/20/40",
        "Banquette AR rabattable",
        "Banquette arri\u00e8re 3 places",
        "BAS",
        "Boite \u00e0 gants ferm\u00e9e",
        "Borne Wi-Fi",
        "Calandre chrom\u00e9e",
        "Cam\u00e9ra de recul",
        "Capteur de luminosit\u00e9",
        "Capteur de pluie",
        "Clim automatique bi-zones",
        "Commande du comportement dynamique",
        "Commandes vocales",
        "Compte tours",
        "Contr\u00f4le \u00e9lect. de la pression des pneus",
        "D\u00e9marrage sans cl\u00e9",
        "EBD",
        "Echappement \u00e0 double sortie",
        "Eclairage d'ambiance",
        "Ecran multifonction couleur",
        "Ecran tactile",
        "ESP",
        "Feux de jour \u00e0 LED",
        "Filtre \u00e0 Pollen",
        "Freinage automatique d'urgence",
        "GPS Cartographique",
        "Inserts de porte m\u00e9tal",
        "Inserts de tableau de bord m\u00e9tal",
        "Jantes Alu",
        "Kit mains-libres Bluetooth",
        "Lampe de coffre",
        "Lampes de lecture \u00e0 l'arri\u00e8re",
        "Lampes de lecture \u00e0 l'avant",
        "Limiteur de vitesse",
        "Lunette arri\u00e8re surteint\u00e9e",
        "Miroir de courtoisie conducteur \u00e9clair\u00e9",
        "Miroir de courtoisie passager \u00e9clair\u00e9",
        "Ordinateur de bord",
        "Palettes changement vitesses au volant",
        "P\u00e9dalier sport",
        "Phares avant LED",
        "Poches d'aumoni\u00e8res",
        "Porte-gobelets avant",
        "Prise 12V",
        "Prise USB",
        "Radar de stationnement AR",
        "Radio",
        "Radio num\u00e9rique DAB",
        "Reconnaissance panneaux de signalisation",
        "R\u00e9gulateur de vitesse",
        "R\u00e9troviseurs d\u00e9givrants",
        "R\u00e9troviseurs \u00e9lectriques",
        "R\u00e9troviseurs ext\u00e9rieurs \u00e9lectrochromes",
        "R\u00e9troviseurs rabattables \u00e9lectriquement",
        "Services connect\u00e9s",
        "Si\u00e8ge conducteur r\u00e9glable en hauteur",
        "Si\u00e8ge passager r\u00e9glable en hauteur",
        "Si\u00e8ges avant sport",
        "Stations de webradio",
        "Syst\u00e8me de d\u00e9tection de somnolence",
        "Syst\u00e8me de pr\u00e9vention des collisions",
        "Syst\u00e8me de s\u00e9curit\u00e9 post-collisions",
        "Verrouillage centralis\u00e9 \u00e0 distance",
        "Vitres arri\u00e8re \u00e9lectriques",
        "Vitres arri\u00e8re surteint\u00e9es",
        "Vitres avant \u00e9lectriques",
        "Volant cuir",
        "Volant multifonction",
        "Volant r\u00e9glable en profondeur et hauteur",
        "Volant sport"
    ]
}