{
    "marque": "BMW",
    "modele": "SERIE 1",
    "couleur": "BMW Individual Storm Bay m\u00e9tallis\u00e9",
    "kilometrage": "50 880 Km",
    "boite_de_vitesse": "Automatique",
    "annee": "2019",
    "prix_ttc": "41 499 \u20ac",
    "puissance_fiscale": "19 CV",
    "type_vehicule": "Berline",
    "carburant": "Essence",
    "portes": "5 portes",
    "places": "5 places",
    "ville": "M\u00c9RIGNAC (33700)",
    "garantie": "BPS 24 MOIS",
    "mise_en_circulation": "31/12/2019",
    "reference": "1722-0849-15 (bay1)",
    "equipements": [
        "cam_recul",
        "gps",
        "tete_haute",
        "bluetooth",
        "clim_auto",
        "regulateur_vitesse",
        "toit_ouvrant",
        "inte_cuir",
        "feux_led",
        "jantes_alliage",
        "cam_recul",
        "gps",
        "tete_haute",
        "bluetooth",
        "clim_auto",
        "regulateur_vitesse",
        "toit_ouvrant",
        "inte_cuir",
        "feux_led",
        "jantes_alliage"
    ],
    "liste_equipements_serie": [
        "ABS",
        "Accoudoir central AV avec rangement",
        "AFIL",
        "Aide au d\u00e9marrage en c\u00f4te",
        "Airbag conducteur",
        "Airbag passager d\u00e9connectable",
        "Airbags lat\u00e9raux AV et AR",
        "Airbags rideaux AV et AR",
        "Antid\u00e9marrage \u00e9lectronique",
        "Antipatinage",
        "Appel d'Urgence Localis\u00e9",
        "Arr\u00eat et red\u00e9marrage auto. du moteur",
        "Bacs de portes avant",
        "BAS",
        "Becquet arri\u00e8re",
        "Boite \u00e0 gants ferm\u00e9e",
        "Calandre chrom\u00e9e",
        "Cam\u00e9ra de recul",
        "Capteur de luminosit\u00e9",
        "Capteur de pluie",
        "Clim automatique",
        "Commandes du syst\u00e8me audio au volant",
        "Commandes vocales",
        "Compte tours",
        "Contr\u00f4le de freinage en courbe",
        "Contr\u00f4le de Traction",
        "Contr\u00f4le \u00e9lect. de la pression des pneus",
        "D\u00e9marrage sans cl\u00e9",
        "Diff\u00e9rentiel autobloquant",
        "Diffuseur AR noir",
        "Disque dur multim\u00e9dia",
        "EBD",
        "Echappement \u00e0 double sortie",
        "Eclairage au sol",
        "Eclairage d'ambiance",
        "Ecran multifonction couleur",
        "Ecran tactile",
        "ESP",
        "Feux arri\u00e8re \u00e0 LED",
        "Feux de jour \u00e0 LED",
        "Filtre \u00e0 Pollen",
        "Follow me home",
        "Fonction MP3",
        "GPS Cartographique",
        "Indicateur de limitation de vitesse",
        "Interface Media",
        "Jantes Alu",
        "Kit mains-libres Bluetooth",
        "Miroir de courtoisie conducteur \u00e9clair\u00e9",
        "Miroir de courtoisie passager \u00e9clair\u00e9",
        "Ordinateur de bord",
        "Palettes changement vitesses au volant",
        "Phares antibrouillard LED",
        "Phares avant LED",
        "Poches d'aumoni\u00e8res",
        "Porte-gobelets avant",
        "Prise 12V",
        "Prise USB",
        "Radio",
        "R\u00e9gulateur de vitesse",
        "R\u00e9troviseurs d\u00e9givrants",
        "R\u00e9troviseurs \u00e9lectriques",
        "R\u00e9troviseurs rabattables \u00e9lectriquement",
        "Services connect\u00e9s",
        "Si\u00e8ge conducteur r\u00e9glable en hauteur",
        "Si\u00e8ge passager r\u00e9glable en hauteur",
        "Si\u00e8ges avant sport",
        "Sortie d'\u00e9chappement chrom\u00e9e",
        "Suspensions Sport",
        "Syst\u00e8me d'assistance au stationnement",
        "Syst\u00e8me de mesure de place disponible",
        "Temp\u00e9rature ext\u00e9rieure",
        "TMC",
        "Verrouillage auto. des portes en roulant",
        "Verrouillage centralis\u00e9 \u00e0 distance",
        "Vitres arri\u00e8re \u00e9lectriques",
        "Vitres avant \u00e9lectriques",
        "Volant cuir",
        "Volant multifonction",
        "Volant r\u00e9glable en profondeur et hauteur",
        "Volant sport",
        "ABS",
        "Accoudoir central AV avec rangement",
        "AFIL",
        "Aide au d\u00e9marrage en c\u00f4te",
        "Airbag conducteur",
        "Airbag passager d\u00e9connectable",
        "Airbags lat\u00e9raux AV et AR",
        "Airbags rideaux AV et AR",
        "Antid\u00e9marrage \u00e9lectronique",
        "Antipatinage",
        "Appel d'Urgence Localis\u00e9",
        "Arr\u00eat et red\u00e9marrage auto. du moteur",
        "Bacs de portes avant",
        "BAS",
        "Becquet arri\u00e8re",
        "Boite \u00e0 gants ferm\u00e9e",
        "Calandre chrom\u00e9e",
        "Cam\u00e9ra de recul",
        "Capteur de luminosit\u00e9",
        "Capteur de pluie",
        "Clim automatique",
        "Commandes du syst\u00e8me audio au volant",
        "Commandes vocales",
        "Compte tours",
        "Contr\u00f4le de freinage en courbe",
        "Contr\u00f4le de Traction",
        "Contr\u00f4le \u00e9lect. de la pression des pneus",
        "D\u00e9marrage sans cl\u00e9",
        "Diff\u00e9rentiel autobloquant",
        "Diffuseur AR noir",
        "Disque dur multim\u00e9dia",
        "EBD",
        "Echappement \u00e0 double sortie",
        "Eclairage au sol",
        "Eclairage d'ambiance",
        "Ecran multifonction couleur",
        "Ecran tactile",
        "ESP",
        "Feux arri\u00e8re \u00e0 LED",
        "Feux de jour \u00e0 LED",
        "Filtre \u00e0 Pollen",
        "Follow me home",
        "Fonction MP3",
        "GPS Cartographique",
        "Indicateur de limitation de vitesse",
        "Interface Media",
        "Jantes Alu",
        "Kit mains-libres Bluetooth",
        "Miroir de courtoisie conducteur \u00e9clair\u00e9",
        "Miroir de courtoisie passager \u00e9clair\u00e9",
        "Ordinateur de bord",
        "Palettes changement vitesses au volant",
        "Phares antibrouillard LED",
        "Phares avant LED",
        "Poches d'aumoni\u00e8res",
        "Porte-gobelets avant",
        "Prise 12V",
        "Prise USB",
        "Radio",
        "R\u00e9gulateur de vitesse",
        "R\u00e9troviseurs d\u00e9givrants",
        "R\u00e9troviseurs \u00e9lectriques",
        "R\u00e9troviseurs rabattables \u00e9lectriquement",
        "Services connect\u00e9s",
        "Si\u00e8ge conducteur r\u00e9glable en hauteur",
        "Si\u00e8ge passager r\u00e9glable en hauteur",
        "Si\u00e8ges avant sport",
        "Sortie d'\u00e9chappement chrom\u00e9e",
        "Suspensions Sport",
        "Syst\u00e8me d'assistance au stationnement",
        "Syst\u00e8me de mesure de place disponible",
        "Temp\u00e9rature ext\u00e9rieure",
        "TMC",
        "Verrouillage auto. des portes en roulant",
        "Verrouillage centralis\u00e9 \u00e0 distance",
        "Vitres arri\u00e8re \u00e9lectriques",
        "Vitres avant \u00e9lectriques",
        "Volant cuir",
        "Volant multifonction",
        "Volant r\u00e9glable en profondeur et hauteur",
        "Volant sport"
    ]
}