{
    "marque": "CITROEN",
    "modele": "BERLINGO",
    "couleur": "Blanc",
    "kilometrage": "43 863 Km",
    "boite_de_vitesse": "Automatique",
    "annee": "2019",
    "prix_ttc": "12 974 \u20ac",
    "puissance_fiscale": "6 CV",
    "type_vehicule": "Utilitaire",
    "carburant": "Electrique",
    "portes": "3 portes",
    "places": "3 places",
    "ville": "CHARLEVILLE-M\u00c9ZI\u00c8RES (08000)",
    "garantie": "Spoticar-Premium 12 Mois",
    "mise_en_circulation": "26/07/2019",
    "reference": "1302-9219-36 (ct08c1)",
    "equipements": [],
    "liste_equipements_serie": [
        "2 Haut parleurs",
        "ABS",
        "Aide au d\u00e9marrage en c\u00f4te",
        "Aide au freinage d'urgence",
        "Airbag conducteur",
        "Antid\u00e9marrage \u00e9lectronique",
        "Antipatinage",
        "Bacs de portes avant",
        "Banquette 2 places",
        "Blanc Banquise",
        "Ceintures avant ajustables en hauteur",
        "Clim manuelle",
        "Cloison tubulaire conducteur",
        "Commandes du syst\u00e8me audio au volant",
        "Double portes arri\u00e8re de chargement",
        "EBD",
        "ESP",
        "Fonction MP3",
        "Kit Fumeur",
        "Kit mains-libres Bluetooth",
        "Lampe de coffre",
        "Lecteur CD",
        "Limiteur de vitesse",
        "Miroir de courtoisie passager",
        "Ordinateur de bord",
        "Ouverture des vitres s\u00e9quentielle",
        "Phares halog\u00e8nes",
        "Plancher plastique",
        "Porte-gobelets avant",
        "Prise 12V",
        "Prise USB",
        "Radio",
        "Rangement sous si\u00e8ge conducteur",
        "Rangement sous si\u00e8ge passager avant",
        "R\u00e9partiteur \u00e9lectronique de freinage",
        "R\u00e9troviseurs \u00e9lectriques",
        "Si\u00e8ge conducteur r\u00e9glable en hauteur",
        "Si\u00e8ge passager avec dossier repliable",
        "Temp\u00e9rature ext\u00e9rieure",
        "Tissu Curitiba Meltem",
        "Verrouillage centralis\u00e9 \u00e0 distance",
        "Verrouillage centralis\u00e9 des portes",
        "Vitres avant \u00e9lectriques",
        "Vitres teint\u00e9es",
        "Volant multifonction",
        "Volant r\u00e9glable en profondeur et hauteur",
        "2 Haut parleurs",
        "ABS",
        "Aide au d\u00e9marrage en c\u00f4te",
        "Aide au freinage d'urgence",
        "Airbag conducteur",
        "Antid\u00e9marrage \u00e9lectronique",
        "Antipatinage",
        "Bacs de portes avant",
        "Banquette 2 places",
        "Blanc Banquise",
        "Ceintures avant ajustables en hauteur",
        "Clim manuelle",
        "Cloison tubulaire conducteur",
        "Commandes du syst\u00e8me audio au volant",
        "Double portes arri\u00e8re de chargement",
        "EBD",
        "ESP",
        "Fonction MP3",
        "Kit Fumeur",
        "Kit mains-libres Bluetooth",
        "Lampe de coffre",
        "Lecteur CD",
        "Limiteur de vitesse",
        "Miroir de courtoisie passager",
        "Ordinateur de bord",
        "Ouverture des vitres s\u00e9quentielle",
        "Phares halog\u00e8nes",
        "Plancher plastique",
        "Porte-gobelets avant",
        "Prise 12V",
        "Prise USB",
        "Radio",
        "Rangement sous si\u00e8ge conducteur",
        "Rangement sous si\u00e8ge passager avant",
        "R\u00e9partiteur \u00e9lectronique de freinage",
        "R\u00e9troviseurs \u00e9lectriques",
        "Si\u00e8ge conducteur r\u00e9glable en hauteur",
        "Si\u00e8ge passager avec dossier repliable",
        "Temp\u00e9rature ext\u00e9rieure",
        "Tissu Curitiba Meltem",
        "Verrouillage centralis\u00e9 \u00e0 distance",
        "Verrouillage centralis\u00e9 des portes",
        "Vitres avant \u00e9lectriques",
        "Vitres teint\u00e9es",
        "Volant multifonction",
        "Volant r\u00e9glable en profondeur et hauteur"
    ]
}