{
    "marque": "CITROEN",
    "modele": "C3 AIRCROSS",
    "couleur": "Natural White (O)",
    "kilometrage": "70 620 Km",
    "boite_de_vitesse": "Automatique",
    "annee": "2021",
    "prix_ttc": "16 699 \u20ac",
    "puissance_fiscale": "6 CV",
    "type_vehicule": "SUV",
    "carburant": "Diesel",
    "portes": "5 portes",
    "places": "5 places",
    "ville": "CHAMPNIERS (16430)",
    "garantie": "Premium AUTOSPHERE 12 mois",
    "mise_en_circulation": "01/02/2021",
    "reference": "1354-6156-92 (dac)",
    "equipements": [],
    "liste_equipements_serie": [
        "6 Haut parleurs",
        "ABS",
        "AFIL",
        "Aide au d\u00e9marrage en c\u00f4te",
        "Aide au freinage d'urgence",
        "Airbag conducteur",
        "Airbag passager",
        "Airbag passager d\u00e9connectable",
        "Airbags lat\u00e9raux avant",
        "Airbags rideaux",
        "Allumage des phares automatique",
        "Antipatinage",
        "Arr\u00eat et red\u00e9marrage auto. du moteur",
        "Banquette 1/3-2/3",
        "Barres de toit",
        "Clim manuelle",
        "Commandes du syst\u00e8me audio au volant",
        "D\u00e9tecteur de sous-gonflage",
        "Eclairage statique d'intersection",
        "Enjoliveurs",
        "ESP",
        "Feux de freinage d'urgence",
        "Feux de jour \u00e0 LED",
        "Fixation Isofix si\u00e8ge passager avant",
        "Fixations Isofix aux places arri\u00e8res",
        "Follow me home",
        "Fonction MP3",
        "Interface Media",
        "Kit mains-libres Bluetooth",
        "Lampes de lecture \u00e0 l'avant",
        "Limiteur de vitesse",
        "Lunette arri\u00e8re teint\u00e9e",
        "Ordinateur de bord",
        "Ouverture des vitres s\u00e9quentielle",
        "Pack Color Black",
        "Phares antibrouillard",
        "Poign\u00e9es ton carrosserie",
        "Prise 12V",
        "Prise USB",
        "Radar de stationnement AR",
        "Radio num\u00e9rique DAB",
        "Reconnaissance panneaux de signalisation",
        "R\u00e9gulateur de vitesse",
        "R\u00e9partiteur \u00e9lectronique de freinage",
        "R\u00e9troviseurs d\u00e9givrants",
        "R\u00e9troviseurs \u00e9lectriques",
        "Rouge Pepper (M)",
        "Si\u00e8ge conducteur r\u00e9glable en hauteur",
        "Syst\u00e8me de d\u00e9tection de somnolence",
        "T\u00e9moin de bouclage des ceintures AV",
        "Tissu Mica Grey",
        "Verrouillage centralis\u00e9 \u00e0 distance",
        "Verrouillage centralis\u00e9 des portes",
        "Vitres arri\u00e8re \u00e9lectriques",
        "Vitres arri\u00e8re teint\u00e9es",
        "Vitres avant \u00e9lectriques",
        "Volant cuir",
        "Volant r\u00e9glable en profondeur et hauteur",
        "6 Haut parleurs",
        "ABS",
        "AFIL",
        "Aide au d\u00e9marrage en c\u00f4te",
        "Aide au freinage d'urgence",
        "Airbag conducteur",
        "Airbag passager",
        "Airbag passager d\u00e9connectable",
        "Airbags lat\u00e9raux avant",
        "Airbags rideaux",
        "Allumage des phares automatique",
        "Antipatinage",
        "Arr\u00eat et red\u00e9marrage auto. du moteur",
        "Banquette 1/3-2/3",
        "Barres de toit",
        "Clim manuelle",
        "Commandes du syst\u00e8me audio au volant",
        "D\u00e9tecteur de sous-gonflage",
        "Eclairage statique d'intersection",
        "Enjoliveurs",
        "ESP",
        "Feux de freinage d'urgence",
        "Feux de jour \u00e0 LED",
        "Fixation Isofix si\u00e8ge passager avant",
        "Fixations Isofix aux places arri\u00e8res",
        "Follow me home",
        "Fonction MP3",
        "Interface Media",
        "Kit mains-libres Bluetooth",
        "Lampes de lecture \u00e0 l'avant",
        "Limiteur de vitesse",
        "Lunette arri\u00e8re teint\u00e9e",
        "Ordinateur de bord",
        "Ouverture des vitres s\u00e9quentielle",
        "Pack Color Black",
        "Phares antibrouillard",
        "Poign\u00e9es ton carrosserie",
        "Prise 12V",
        "Prise USB",
        "Radar de stationnement AR",
        "Radio num\u00e9rique DAB",
        "Reconnaissance panneaux de signalisation",
        "R\u00e9gulateur de vitesse",
        "R\u00e9partiteur \u00e9lectronique de freinage",
        "R\u00e9troviseurs d\u00e9givrants",
        "R\u00e9troviseurs \u00e9lectriques",
        "Rouge Pepper (M)",
        "Si\u00e8ge conducteur r\u00e9glable en hauteur",
        "Syst\u00e8me de d\u00e9tection de somnolence",
        "T\u00e9moin de bouclage des ceintures AV",
        "Tissu Mica Grey",
        "Verrouillage centralis\u00e9 \u00e0 distance",
        "Verrouillage centralis\u00e9 des portes",
        "Vitres arri\u00e8re \u00e9lectriques",
        "Vitres arri\u00e8re teint\u00e9es",
        "Vitres avant \u00e9lectriques",
        "Volant cuir",
        "Volant r\u00e9glable en profondeur et hauteur"
    ]
}