{
    "marque": "PEUGEOT",
    "modele": "508",
    "couleur": "Gris Platinium",
    "kilometrage": "35 053 Km",
    "boite_de_vitesse": "Automatique",
    "annee": "2020",
    "prix_ttc": "26 499 \u20ac",
    "puissance_fiscale": "10 CV",
    "type_vehicule": "Berline",
    "carburant": "Essence",
    "portes": "4 portes",
    "places": "-",
    "ville": "SAINT-CYR-SUR-LOIRE (37540)",
    "garantie": "Spoticar-Premium 12 Mois",
    "mise_en_circulation": "28/08/2020",
    "reference": "4258-8406-13 (ggt)",
    "equipements": [],
    "liste_equipements_serie": [
        "2 prises USB passagers \u00e0 l'arri\u00e8re",
        "ABS",
        "Acc\u00e8s et d\u00e9marrage mains libres",
        "Accoudoir arri\u00e8re",
        "Accoudoir central AR avec trappe \u00e0 skis",
        "Accoudoir central AV",
        "Active Suspension Control",
        "AFIL",
        "Aide au d\u00e9marrage en c\u00f4te",
        "Aide au freinage d'urgence",
        "Airbag conducteur",
        "Airbag passager",
        "Airbag passager d\u00e9connectable",
        "Airbags lat\u00e9raux avant",
        "Airbags rideaux AV et AR",
        "Alarme p\u00e9rim\u00e9trique",
        "Alarme volum\u00e9trique",
        "Allumage des phares automatique",
        "Antid\u00e9marrage \u00e9lectronique",
        "Antipatinage",
        "Appuis-t\u00eate avant actifs",
        "Arr\u00eat et red\u00e9marrage auto. du moteur",
        "Bacs de portes arri\u00e8re",
        "Bacs de portes avant",
        "Banquette 1/3-2/3",
        "Banquette AR rabattable",
        "Banquette arri\u00e8re 3 places",
        "Boite \u00e0 gants ferm\u00e9e",
        "Boucliers AV et AR couleur caisse",
        "Calandre chrom\u00e9e",
        "Capteur de pluie",
        "Ceintures avant ajustables en hauteur",
        "Clim automatique bi-zones",
        "Compte tours",
        "Connect SOS & Assistance ",
        "D\u00e9marrage sans cl\u00e9",
        "D\u00e9tecteur de sous-gonflage",
        "Direction assist\u00e9e asservie \u00e0 la vitesse",
        "Dispositif freinage automatique",
        "Driver Sport Pack",
        "EBD",
        "Eclairage au sol",
        "Ecran multifonction couleur",
        "ESP",
        "Feux arri\u00e8re \u00e0 LED",
        "Feux de freinage d'urgence",
        "Feux de jour \u00e0 LED",
        "Feux de route automatiques",
        "Filtre \u00e0 Pollen",
        "Fixations Isofix aux places arri\u00e8res",
        "Follow me home",
        "Fonction DAB (Radio Num\u00e9rique Terrestre)",
        "Fonctions Mirror Screen",
        "Freinage automatique d'urgence",
        "Frein stationnement \u00e9lectrique automatiq",
        "Hayon arri\u00e8re",
        "i-Cockpit Amplify",
        "Inserts de porte carbone",
        "Inserts de tableau de bord carbone",
        "JA 18\" Hirone bi-ton diamant. + Kit d\u00e9pa",
        "Jantes Alu",
        "Kit Fumeur",
        "Lampe de coffre",
        "Lampes de lecture \u00e0 l'arri\u00e8re",
        "Lampes de lecture \u00e0 l'avant",
        "Limiteur de vitesse",
        "Lunette arri\u00e8re surteint\u00e9e",
        "Miroir de courtoisie conducteur \u00e9clair\u00e9",
        "Miroir de courtoisie passager \u00e9clair\u00e9",
        "Nav avec \u00e9cran tactile capacitif 10\" HD",
        "Ordinateur de bord",
        "Ouverture des vitres s\u00e9quentielle",
        "Pack City 1",
        "Pack Electrique \u00e0 m\u00e9moire & Massages",
        "Pack Si\u00e8ges semi-\u00e9lectrique AGR",
        "P\u00e9dalier sport",
        "Peugeot Full LED Technology",
        "Plafonnier central AV et AR \u00e0 LED",
        "Poches d'aumoni\u00e8res",
        "Pommeau de levier vitesse en cuir",
        "Porte-gobelets arri\u00e8re",
        "Porte-gobelets avant",
        "Prise USB",
        "Reconnaissance panneaux de signalisation",
        "R\u00e9gulateur de vitesse",
        "R\u00e9troviseur int\u00e9rieur \u00e9lectrochrome",
        "R\u00e9troviseurs d\u00e9givrants",
        "R\u00e9troviseurs \u00e9lectriques",
        "R\u00e9troviseurs ext\u00e9rieurs \u00e9lectrochromes",
        "R\u00e9troviseurs rabattables \u00e9lectriquement",
        "Sellerie Tissu 'Belomka' noir & TEP noir",
        "Si\u00e8ge conducteur r\u00e9glable en hauteur",
        "Si\u00e8ge passager r\u00e9glable en hauteur",
        "Si\u00e8ges AV  avec r\u00e9glage lombaire \u00e9lectr",
        "Si\u00e8ges rang 2 rabattables \u00e0 plat",
        "Syst\u00e8me d'acc\u00e8s sans cl\u00e9",
        "Syst\u00e8me d'\u00e9clairage intelligent",
        "Syst\u00e8me de contr\u00f4le des angles morts",
        "Syst\u00e8me de d\u00e9tection de somnolence",
        "Syst\u00e8me de pr\u00e9vention des collisions",
        "Syst\u00e8me de pr\u00e9vention des \u00e9carts",
        "Temp\u00e9rature ext\u00e9rieure",
        "Troisi\u00e8me ceinture de s\u00e9curit\u00e9",
        "Verrouillage auto. des portes en roulant",
        "Verrouillage centralis\u00e9 \u00e0 distance",
        "Verrouillage centralis\u00e9 des portes",
        "Vitres arri\u00e8re \u00e9lectriques",
        "Vitres arri\u00e8re et lunette surteint\u00e9es",
        "Vitres arri\u00e8re surteint\u00e9es",
        "Vitres avant \u00e9lectriques",
        "Vitres teint\u00e9es",
        "Volant cuir",
        "Volant r\u00e9glable en profondeur et hauteur",
        "2 prises USB passagers \u00e0 l'arri\u00e8re",
        "ABS",
        "Acc\u00e8s et d\u00e9marrage mains libres",
        "Accoudoir arri\u00e8re",
        "Accoudoir central AR avec trappe \u00e0 skis",
        "Accoudoir central AV",
        "Active Suspension Control",
        "AFIL",
        "Aide au d\u00e9marrage en c\u00f4te",
        "Aide au freinage d'urgence",
        "Airbag conducteur",
        "Airbag passager",
        "Airbag passager d\u00e9connectable",
        "Airbags lat\u00e9raux avant",
        "Airbags rideaux AV et AR",
        "Alarme p\u00e9rim\u00e9trique",
        "Alarme volum\u00e9trique",
        "Allumage des phares automatique",
        "Antid\u00e9marrage \u00e9lectronique",
        "Antipatinage",
        "Appuis-t\u00eate avant actifs",
        "Arr\u00eat et red\u00e9marrage auto. du moteur",
        "Bacs de portes arri\u00e8re",
        "Bacs de portes avant",
        "Banquette 1/3-2/3",
        "Banquette AR rabattable",
        "Banquette arri\u00e8re 3 places",
        "Boite \u00e0 gants ferm\u00e9e",
        "Boucliers AV et AR couleur caisse",
        "Calandre chrom\u00e9e",
        "Capteur de pluie",
        "Ceintures avant ajustables en hauteur",
        "Clim automatique bi-zones",
        "Compte tours",
        "Connect SOS & Assistance ",
        "D\u00e9marrage sans cl\u00e9",
        "D\u00e9tecteur de sous-gonflage",
        "Direction assist\u00e9e asservie \u00e0 la vitesse",
        "Dispositif freinage automatique",
        "Driver Sport Pack",
        "EBD",
        "Eclairage au sol",
        "Ecran multifonction couleur",
        "ESP",
        "Feux arri\u00e8re \u00e0 LED",
        "Feux de freinage d'urgence",
        "Feux de jour \u00e0 LED",
        "Feux de route automatiques",
        "Filtre \u00e0 Pollen",
        "Fixations Isofix aux places arri\u00e8res",
        "Follow me home",
        "Fonction DAB (Radio Num\u00e9rique Terrestre)",
        "Fonctions Mirror Screen",
        "Freinage automatique d'urgence",
        "Frein stationnement \u00e9lectrique automatiq",
        "Hayon arri\u00e8re",
        "i-Cockpit Amplify",
        "Inserts de porte carbone",
        "Inserts de tableau de bord carbone",
        "JA 18\" Hirone bi-ton diamant. + Kit d\u00e9pa",
        "Jantes Alu",
        "Kit Fumeur",
        "Lampe de coffre",
        "Lampes de lecture \u00e0 l'arri\u00e8re",
        "Lampes de lecture \u00e0 l'avant",
        "Limiteur de vitesse",
        "Lunette arri\u00e8re surteint\u00e9e",
        "Miroir de courtoisie conducteur \u00e9clair\u00e9",
        "Miroir de courtoisie passager \u00e9clair\u00e9",
        "Nav avec \u00e9cran tactile capacitif 10\" HD",
        "Ordinateur de bord",
        "Ouverture des vitres s\u00e9quentielle",
        "Pack City 1",
        "Pack Electrique \u00e0 m\u00e9moire & Massages",
        "Pack Si\u00e8ges semi-\u00e9lectrique AGR",
        "P\u00e9dalier sport",
        "Peugeot Full LED Technology",
        "Plafonnier central AV et AR \u00e0 LED",
        "Poches d'aumoni\u00e8res",
        "Pommeau de levier vitesse en cuir",
        "Porte-gobelets arri\u00e8re",
        "Porte-gobelets avant",
        "Prise USB",
        "Reconnaissance panneaux de signalisation",
        "R\u00e9gulateur de vitesse",
        "R\u00e9troviseur int\u00e9rieur \u00e9lectrochrome",
        "R\u00e9troviseurs d\u00e9givrants",
        "R\u00e9troviseurs \u00e9lectriques",
        "R\u00e9troviseurs ext\u00e9rieurs \u00e9lectrochromes",
        "R\u00e9troviseurs rabattables \u00e9lectriquement",
        "Sellerie Tissu 'Belomka' noir & TEP noir",
        "Si\u00e8ge conducteur r\u00e9glable en hauteur",
        "Si\u00e8ge passager r\u00e9glable en hauteur",
        "Si\u00e8ges AV  avec r\u00e9glage lombaire \u00e9lectr",
        "Si\u00e8ges rang 2 rabattables \u00e0 plat",
        "Syst\u00e8me d'acc\u00e8s sans cl\u00e9",
        "Syst\u00e8me d'\u00e9clairage intelligent",
        "Syst\u00e8me de contr\u00f4le des angles morts",
        "Syst\u00e8me de d\u00e9tection de somnolence",
        "Syst\u00e8me de pr\u00e9vention des collisions",
        "Syst\u00e8me de pr\u00e9vention des \u00e9carts",
        "Temp\u00e9rature ext\u00e9rieure",
        "Troisi\u00e8me ceinture de s\u00e9curit\u00e9",
        "Verrouillage auto. des portes en roulant",
        "Verrouillage centralis\u00e9 \u00e0 distance",
        "Verrouillage centralis\u00e9 des portes",
        "Vitres arri\u00e8re \u00e9lectriques",
        "Vitres arri\u00e8re et lunette surteint\u00e9es",
        "Vitres arri\u00e8re surteint\u00e9es",
        "Vitres avant \u00e9lectriques",
        "Vitres teint\u00e9es",
        "Volant cuir",
        "Volant r\u00e9glable en profondeur et hauteur"
    ]
}