{
    "marque": "RENAULT",
    "modele": "EXPRESS",
    "couleur": "Blanc Glacier",
    "kilometrage": "80 752 Km",
    "boite_de_vitesse": "Manuelle",
    "annee": "2021",
    "prix_ttc": "13 499 \u20ac",
    "puissance_fiscale": "5 CV",
    "type_vehicule": "Utilitaire",
    "carburant": "Diesel",
    "portes": "3 portes",
    "places": "2 places",
    "ville": "TROYES (10000)",
    "garantie": "12 mois pi\u00e8ces et main d'oeuvre",
    "mise_en_circulation": "29/12/2021",
    "reference": "2001-6693-85 (star)",
    "equipements": [],
    "liste_equipements_serie": [
        "1 Porte lat\u00e9rale coulissante",
        "ABS",
        "Aide au d\u00e9marrage en c\u00f4te",
        "Aide au freinage d'urgence",
        "Boite \u00e0 gants ferm\u00e9e",
        "Capteur de luminosit\u00e9",
        "Capteur de pluie",
        "Clim manuelle",
        "Cloison vitr\u00e9e",
        "Enjoliveurs",
        "ESP",
        "Limiteur de vitesse",
        "Ouverture des vitres s\u00e9quentielle",
        "Radio",
        "Radio num\u00e9rique DAB",
        "R\u00e9gulateur de vitesse",
        "R\u00e9partiteur \u00e9lectronique de freinage",
        "Si\u00e8ge conducteur r\u00e9glable en hauteur",
        "Tissu INTI Black structure",
        "Verrouillage centralis\u00e9 des portes",
        "Vitres avant \u00e9lectriques",
        "1 Porte lat\u00e9rale coulissante",
        "ABS",
        "Aide au d\u00e9marrage en c\u00f4te",
        "Aide au freinage d'urgence",
        "Boite \u00e0 gants ferm\u00e9e",
        "Capteur de luminosit\u00e9",
        "Capteur de pluie",
        "Clim manuelle",
        "Cloison vitr\u00e9e",
        "Enjoliveurs",
        "ESP",
        "Limiteur de vitesse",
        "Ouverture des vitres s\u00e9quentielle",
        "Radio",
        "Radio num\u00e9rique DAB",
        "R\u00e9gulateur de vitesse",
        "R\u00e9partiteur \u00e9lectronique de freinage",
        "Si\u00e8ge conducteur r\u00e9glable en hauteur",
        "Tissu INTI Black structure",
        "Verrouillage centralis\u00e9 des portes",
        "Vitres avant \u00e9lectriques"
    ]
}