{
    "marque": "DS",
    "modele": "DS 9",
    "couleur": "Cristal Pearl (N)",
    "kilometrage": "27 402 Km",
    "boite_de_vitesse": "Automatique",
    "annee": "2021",
    "prix_ttc": "46 999 \u20ac",
    "puissance_fiscale": "11 CV",
    "type_vehicule": "Berline",
    "carburant": "Hybride",
    "portes": "5 portes",
    "places": "5 places",
    "ville": "NIORT (79000)",
    "garantie": "Spoticar-Premium 12 Mois",
    "mise_en_circulation": "23/07/2021",
    "reference": "8046-3193-10 (nasa)",
    "equipements": [
        "cam_recul",
        "radar_recul",
        "gps",
        "clim_auto",
        "regulateur_vitesse",
        "inte_cuir",
        "feux_led",
        "isofix",
        "jantes_alliage",
        "cam_recul",
        "radar_recul",
        "gps",
        "clim_auto",
        "regulateur_vitesse",
        "inte_cuir",
        "feux_led",
        "isofix",
        "jantes_alliage"
    ],
    "liste_equipements_serie": [
        "8 Haut parleurs",
        "ABS",
        "Accoudoir arri\u00e8re",
        "Accoudoir central AR avec trappe \u00e0 skis",
        "Accoudoir central AV avec rangement",
        "AFIL",
        "Aide au d\u00e9marrage en c\u00f4te",
        "Aide au freinage d'urgence",
        "Airbag conducteur",
        "Airbag passager",
        "Airbag passager d\u00e9connectable",
        "Airbags lat\u00e9raux avant",
        "Airbags rideaux AV et AR",
        "Allumage des phares automatique",
        "Antipatinage",
        "Appel d'Assistance Localis\u00e9",
        "Appel d'Urgence Localis\u00e9",
        "Assistance de maintient de trajectoire",
        "Bacs de portes arri\u00e8re",
        "Bacs de portes avant",
        "Banquette 1/3-2/3",
        "Banquette AR rabattable",
        "Blanc Nacr\u00e9 (N)",
        "Boite \u00e0 gants \u00e9clair\u00e9e et r\u00e9frig\u00e9rable",
        "Boite \u00e0 gants ferm\u00e9e",
        "Cam\u00e9ra de recul",
        "Cam\u00e9ra vue panoramique 360\u00b0",
        "Capteur de pluie",
        "Ceinture de vitrage chrom\u00e9e",
        "Clim automatique bi-zones",
        "Commandes du syst\u00e8me audio au volant",
        "Commandes vocales",
        "Contr\u00f4le de Traction Intelligent",
        "Cuir Noir Basalte",
        "D\u00e9marrage sans cl\u00e9",
        "D\u00e9tecteur de sous-gonflage",
        "Dispositif freinage automatique",
        "Echappement \u00e0 double sortie",
        "Eclairage au sol",
        "Eclairage d'ambiance",
        "Ecran couleur",
        "Ecran multifonction couleur",
        "Ecran tactile",
        "ESP",
        "Feux arri\u00e8re \u00e0 LED",
        "Feux de freinage d'urgence",
        "Feux de jour \u00e0 LED",
        "Feux de route automatiques",
        "Fixation Isofix si\u00e8ge passager avant",
        "Fixations Isofix aux places arri\u00e8res",
        "Follow me home",
        "Freinage automatique d'urgence",
        "Frein stationnement \u00e9lectrique automatiq",
        "GPS Cartographique",
        "Guidage pour manoeuvre de stationnement",
        "Indicateur de limitation de vitesse",
        "Interface Media",
        "Jantes alliage 20\" MUNICH",
        "Limiteur de vitesse",
        "Lunette AR d\u00e9givrante",
        "Lunette arri\u00e8re surteint\u00e9e",
        "Miroir de courtoisie conducteur",
        "Miroir de courtoisie conducteur \u00e9clair\u00e9",
        "Miroir de courtoisie passager",
        "Miroir de courtoisie passager \u00e9clair\u00e9",
        "Montre B.R.M. R180",
        "Ordinateur de bord",
        "Ouverture des vitres s\u00e9quentielle",
        "Palettes changement vitesses au volant",
        "Pare-brise acoustique",
        "P\u00e9dalier sport",
        "Phares additionnels en virage",
        "Phares avant LED",
        "Phares de virages adaptatifs",
        "Phares directionnels",
        "Plafonnier central AV et AR \u00e0 LED",
        "Poches d'aumoni\u00e8res",
        "Poign\u00e9es ton carrosserie",
        "Prise 12V",
        "Prise USB",
        "Radar de distance",
        "Radar de stationnement AR",
        "Radar de stationnement AV",
        "Radio num\u00e9rique DAB",
        "Reconnaissance panneaux de signalisation",
        "R\u00e9gulateur de vitesse adaptatif",
        "R\u00e9gulateur de vitesse et de distance",
        "R\u00e9partiteur \u00e9lectronique de freinage",
        "R\u00e9troviseur int\u00e9rieur \u00e9lectrochrome",
        "R\u00e9troviseurs ext. index\u00e9s \u00e0 la marche AR",
        "R\u00e9troviseurs ext\u00e9rieurs \u00e9lectrochromes",
        "R\u00e9troviseurs rabattables \u00e9lectriquement",
        "Si\u00e8ge conducteur \u00e0 m\u00e9moire",
        "Si\u00e8ge conducteur avec r\u00e9glage lombaire",
        "Si\u00e8ge conducteur chauffant",
        "Si\u00e8ge conducteur \u00e9lectrique",
        "Si\u00e8ge conducteur r\u00e9glable en hauteur",
        "Si\u00e8ge passager \u00e0 r\u00e9glages \u00e9lectriques",
        "Si\u00e8ge passager avec r\u00e9glage lombaire",
        "Si\u00e8ge passager chauffant",
        "Si\u00e8ge passager r\u00e9glable en hauteur",
        "Si\u00e8ges avant \u00e0 ventilation active",
        "Si\u00e8ges avant massants",
        "Sortie d'\u00e9chappement chrom\u00e9e",
        "Syst\u00e8me d'acc\u00e8s sans cl\u00e9",
        "Syst\u00e8me d'\u00e9clairage intelligent",
        "Syst\u00e8me de contr\u00f4le des angles morts",
        "Syst\u00e8me de d\u00e9tection de somnolence",
        "Syst\u00e8me de pr\u00e9vention des collisions",
        "Syst\u00e8me de pr\u00e9vention des collisions AR",
        "T\u00e9moin de bouclage des ceintures AV",
        "Verrouillage auto. des portes en roulant",
        "Verrouillage centralis\u00e9 \u00e0 distance",
        "Verrouillage centralis\u00e9 des portes",
        "Vitrage lat\u00e9ral feuillet\u00e9",
        "Vitres arri\u00e8re \u00e9lectriques",
        "Vitres arri\u00e8re surteint\u00e9es",
        "Vitres avant \u00e9lectriques",
        "Vitres teint\u00e9es",
        "Volant cuir",
        "Volant multifonction",
        "Volant r\u00e9glable en profondeur et hauteur",
        "8 Haut parleurs",
        "ABS",
        "Accoudoir arri\u00e8re",
        "Accoudoir central AR avec trappe \u00e0 skis",
        "Accoudoir central AV avec rangement",
        "AFIL",
        "Aide au d\u00e9marrage en c\u00f4te",
        "Aide au freinage d'urgence",
        "Airbag conducteur",
        "Airbag passager",
        "Airbag passager d\u00e9connectable",
        "Airbags lat\u00e9raux avant",
        "Airbags rideaux AV et AR",
        "Allumage des phares automatique",
        "Antipatinage",
        "Appel d'Assistance Localis\u00e9",
        "Appel d'Urgence Localis\u00e9",
        "Assistance de maintient de trajectoire",
        "Bacs de portes arri\u00e8re",
        "Bacs de portes avant",
        "Banquette 1/3-2/3",
        "Banquette AR rabattable",
        "Blanc Nacr\u00e9 (N)",
        "Boite \u00e0 gants \u00e9clair\u00e9e et r\u00e9frig\u00e9rable",
        "Boite \u00e0 gants ferm\u00e9e",
        "Cam\u00e9ra de recul",
        "Cam\u00e9ra vue panoramique 360\u00b0",
        "Capteur de pluie",
        "Ceinture de vitrage chrom\u00e9e",
        "Clim automatique bi-zones",
        "Commandes du syst\u00e8me audio au volant",
        "Commandes vocales",
        "Contr\u00f4le de Traction Intelligent",
        "Cuir Noir Basalte",
        "D\u00e9marrage sans cl\u00e9",
        "D\u00e9tecteur de sous-gonflage",
        "Dispositif freinage automatique",
        "Echappement \u00e0 double sortie",
        "Eclairage au sol",
        "Eclairage d'ambiance",
        "Ecran couleur",
        "Ecran multifonction couleur",
        "Ecran tactile",
        "ESP",
        "Feux arri\u00e8re \u00e0 LED",
        "Feux de freinage d'urgence",
        "Feux de jour \u00e0 LED",
        "Feux de route automatiques",
        "Fixation Isofix si\u00e8ge passager avant",
        "Fixations Isofix aux places arri\u00e8res",
        "Follow me home",
        "Freinage automatique d'urgence",
        "Frein stationnement \u00e9lectrique automatiq",
        "GPS Cartographique",
        "Guidage pour manoeuvre de stationnement",
        "Indicateur de limitation de vitesse",
        "Interface Media",
        "Jantes alliage 20\" MUNICH",
        "Limiteur de vitesse",
        "Lunette AR d\u00e9givrante",
        "Lunette arri\u00e8re surteint\u00e9e",
        "Miroir de courtoisie conducteur",
        "Miroir de courtoisie conducteur \u00e9clair\u00e9",
        "Miroir de courtoisie passager",
        "Miroir de courtoisie passager \u00e9clair\u00e9",
        "Montre B.R.M. R180",
        "Ordinateur de bord",
        "Ouverture des vitres s\u00e9quentielle",
        "Palettes changement vitesses au volant",
        "Pare-brise acoustique",
        "P\u00e9dalier sport",
        "Phares additionnels en virage",
        "Phares avant LED",
        "Phares de virages adaptatifs",
        "Phares directionnels",
        "Plafonnier central AV et AR \u00e0 LED",
        "Poches d'aumoni\u00e8res",
        "Poign\u00e9es ton carrosserie",
        "Prise 12V",
        "Prise USB",
        "Radar de distance",
        "Radar de stationnement AR",
        "Radar de stationnement AV",
        "Radio num\u00e9rique DAB",
        "Reconnaissance panneaux de signalisation",
        "R\u00e9gulateur de vitesse adaptatif",
        "R\u00e9gulateur de vitesse et de distance",
        "R\u00e9partiteur \u00e9lectronique de freinage",
        "R\u00e9troviseur int\u00e9rieur \u00e9lectrochrome",
        "R\u00e9troviseurs ext. index\u00e9s \u00e0 la marche AR",
        "R\u00e9troviseurs ext\u00e9rieurs \u00e9lectrochromes",
        "R\u00e9troviseurs rabattables \u00e9lectriquement",
        "Si\u00e8ge conducteur \u00e0 m\u00e9moire",
        "Si\u00e8ge conducteur avec r\u00e9glage lombaire",
        "Si\u00e8ge conducteur chauffant",
        "Si\u00e8ge conducteur \u00e9lectrique",
        "Si\u00e8ge conducteur r\u00e9glable en hauteur",
        "Si\u00e8ge passager \u00e0 r\u00e9glages \u00e9lectriques",
        "Si\u00e8ge passager avec r\u00e9glage lombaire",
        "Si\u00e8ge passager chauffant",
        "Si\u00e8ge passager r\u00e9glable en hauteur",
        "Si\u00e8ges avant \u00e0 ventilation active",
        "Si\u00e8ges avant massants",
        "Sortie d'\u00e9chappement chrom\u00e9e",
        "Syst\u00e8me d'acc\u00e8s sans cl\u00e9",
        "Syst\u00e8me d'\u00e9clairage intelligent",
        "Syst\u00e8me de contr\u00f4le des angles morts",
        "Syst\u00e8me de d\u00e9tection de somnolence",
        "Syst\u00e8me de pr\u00e9vention des collisions",
        "Syst\u00e8me de pr\u00e9vention des collisions AR",
        "T\u00e9moin de bouclage des ceintures AV",
        "Verrouillage auto. des portes en roulant",
        "Verrouillage centralis\u00e9 \u00e0 distance",
        "Verrouillage centralis\u00e9 des portes",
        "Vitrage lat\u00e9ral feuillet\u00e9",
        "Vitres arri\u00e8re \u00e9lectriques",
        "Vitres arri\u00e8re surteint\u00e9es",
        "Vitres avant \u00e9lectriques",
        "Vitres teint\u00e9es",
        "Volant cuir",
        "Volant multifonction",
        "Volant r\u00e9glable en profondeur et hauteur"
    ]
}