{
    "marque": "CITROEN",
    "modele": "C3",
    "couleur": "Sable (N) - Rouge Aden",
    "kilometrage": "13 178 Km",
    "boite_de_vitesse": "Manuelle",
    "annee": "2021",
    "prix_ttc": "13 999 \u20ac",
    "puissance_fiscale": "4 CV",
    "type_vehicule": "Berline",
    "carburant": "Essence",
    "portes": "5 portes",
    "places": "5 places",
    "ville": "POITIERS (86000)",
    "garantie": "Spoticar-Premium 12 Mois",
    "mise_en_circulation": "29/01/2021",
    "reference": "1452-3552-03 (dap)",
    "equipements": [],
    "liste_equipements_serie": [
        "6 Haut parleurs",
        "ABS",
        "AFIL",
        "Aide au d\u00e9marrage en c\u00f4te",
        "Aide au freinage d'urgence",
        "Airbag conducteur",
        "Airbag passager",
        "Airbags lat\u00e9raux avant",
        "Airbags rideaux AV et AR",
        "Banquette 1/3-2/3",
        "Banquette AR rabattable",
        "Banquette arri\u00e8re 3 places",
        "Clim automatique",
        "D\u00e9tecteur de sous-gonflage",
        "Ecran multifonction couleur",
        "Ecran tactile",
        "Enjoliveurs",
        "ESP",
        "Feux de jour \u00e0 LED",
        "Fonction MP3",
        "Interface Media",
        "Kit mains-libres Bluetooth",
        "Limiteur de vitesse",
        "Ordinateur de bord",
        "Phares antibrouillard",
        "Poign\u00e9es ton carrosserie",
        "Prise USB",
        "Radio num\u00e9rique DAB",
        "Reconnaissance panneaux de signalisation",
        "R\u00e9gulateur de vitesse",
        "R\u00e9partiteur \u00e9lectronique de freinage",
        "R\u00e9troviseurs d\u00e9givrants",
        "R\u00e9troviseurs \u00e9lectriques",
        "R\u00e9troviseurs rabattables \u00e9lectriquement",
        "Si\u00e8ge conducteur r\u00e9glable en hauteur",
        "T\u00e9moin de bouclage des ceintures AV",
        "Tissu Mica Grey",
        "Verrouillage centralis\u00e9 \u00e0 distance",
        "Verrouillage centralis\u00e9 des portes",
        "Vitres avant \u00e9lectriques",
        "Volant r\u00e9glable en profondeur et hauteur",
        "6 Haut parleurs",
        "ABS",
        "AFIL",
        "Aide au d\u00e9marrage en c\u00f4te",
        "Aide au freinage d'urgence",
        "Airbag conducteur",
        "Airbag passager",
        "Airbags lat\u00e9raux avant",
        "Airbags rideaux AV et AR",
        "Banquette 1/3-2/3",
        "Banquette AR rabattable",
        "Banquette arri\u00e8re 3 places",
        "Clim automatique",
        "D\u00e9tecteur de sous-gonflage",
        "Ecran multifonction couleur",
        "Ecran tactile",
        "Enjoliveurs",
        "ESP",
        "Feux de jour \u00e0 LED",
        "Fonction MP3",
        "Interface Media",
        "Kit mains-libres Bluetooth",
        "Limiteur de vitesse",
        "Ordinateur de bord",
        "Phares antibrouillard",
        "Poign\u00e9es ton carrosserie",
        "Prise USB",
        "Radio num\u00e9rique DAB",
        "Reconnaissance panneaux de signalisation",
        "R\u00e9gulateur de vitesse",
        "R\u00e9partiteur \u00e9lectronique de freinage",
        "R\u00e9troviseurs d\u00e9givrants",
        "R\u00e9troviseurs \u00e9lectriques",
        "R\u00e9troviseurs rabattables \u00e9lectriquement",
        "Si\u00e8ge conducteur r\u00e9glable en hauteur",
        "T\u00e9moin de bouclage des ceintures AV",
        "Tissu Mica Grey",
        "Verrouillage centralis\u00e9 \u00e0 distance",
        "Verrouillage centralis\u00e9 des portes",
        "Vitres avant \u00e9lectriques",
        "Volant r\u00e9glable en profondeur et hauteur"
    ]
}