{
    "marque": "BMW",
    "modele": "X1",
    "couleur": "Mineralgrau",
    "kilometrage": "65 768 Km",
    "boite_de_vitesse": "Automatique",
    "annee": "2021",
    "prix_ttc": "28 490 \u20ac",
    "puissance_fiscale": "6 CV",
    "type_vehicule": "SUV",
    "carburant": "Diesel",
    "portes": "5 portes",
    "places": "5 places",
    "ville": "SECLIN (59113)",
    "garantie": "Premium AUTOSPHERE 12 mois",
    "mise_en_circulation": "07/06/2021",
    "reference": "2305-9535-15 (bm59c3)",
    "equipements": [
        "cam_recul",
        "radar_recul",
        "gps",
        "bluetooth",
        "clim_auto",
        "regulateur_vitesse",
        "toit_ouvrant",
        "inte_cuir",
        "feux_led",
        "isofix",
        "jantes_alliage",
        "cam_recul",
        "radar_recul",
        "gps",
        "bluetooth",
        "clim_auto",
        "regulateur_vitesse",
        "toit_ouvrant",
        "inte_cuir",
        "feux_led",
        "isofix",
        "jantes_alliage"
    ],
    "liste_equipements_serie": [
        "6 Haut parleurs",
        "ABS",
        "Accoudoir arri\u00e8re",
        "Accoudoir central AV avec rangement",
        "Aide au d\u00e9marrage en c\u00f4te",
        "Aide au freinage d'urgence",
        "Airbag conducteur",
        "Airbag passager d\u00e9connectable",
        "Airbags lat\u00e9raux avant",
        "Airbags rideaux AV et AR",
        "Antid\u00e9marrage \u00e9lectronique",
        "Antipatinage",
        "Appel d'Assistance Localis\u00e9",
        "Appel d'Urgence Localis\u00e9",
        "Arr\u00eat et red\u00e9marrage auto. du moteur",
        "Bacs de portes arri\u00e8re",
        "Bacs de portes avant",
        "Banquette 40/20/40",
        "Banquette AR rabattable",
        "Banquette arri\u00e8re 3 places",
        "Barres de toit",
        "Blocage \u00e9lectronique du diff\u00e9rentiel",
        "Boite \u00e0 gants \u00e9clair\u00e9e et r\u00e9frig\u00e9rable",
        "Boucliers AV et AR couleur caisse",
        "Buses de lave-glace chauffantes",
        "Cam\u00e9ra de recul",
        "Capteur de luminosit\u00e9",
        "Capteur de pluie",
        "Ceinture de vitrage chrom\u00e9e",
        "Clim automatique bi-zones",
        "Coffre assist\u00e9 \u00e9lectriquement",
        "Coffre avec fermeture \u00e0 distance",
        "Commandes du syst\u00e8me audio au volant",
        "Compte tours",
        "Contr\u00f4le \u00e9lect. de la pression des pneus",
        "D\u00e9marrage sans cl\u00e9",
        "EBD",
        "Eclairage au sol",
        "Eclairage d'ambiance",
        "Eclairage statique d'intersection",
        "Ecran multifonction couleur",
        "ESP",
        "Essuie-glace arri\u00e8re",
        "Feux arri\u00e8re \u00e0 LED",
        "Feux de freinage d'urgence",
        "Feux de jour \u00e0 LED",
        "Filets de coffre",
        "Filtre \u00e0 particules",
        "Fixations Isofix aux places arri\u00e8res",
        "Fonction MP3",
        "GPS Cartographique",
        "Jantes Alu",
        "Kit mains-libres Bluetooth",
        "Lampe de coffre",
        "Lampes de lecture \u00e0 l'arri\u00e8re",
        "Lampes de lecture \u00e0 l'avant",
        "Limiteur de vitesse",
        "Lunette AR d\u00e9givrante",
        "Lunette arri\u00e8re",
        "Miroir de courtoisie conducteur \u00e9clair\u00e9",
        "Miroir de courtoisie passager \u00e9clair\u00e9",
        "Ordinateur de bord",
        "Ouverture des vitres s\u00e9quentielle",
        "Phares antibrouillard directionnels",
        "Phares avant LED",
        "Poches d'aumoni\u00e8res",
        "Poign\u00e9es ton carrosserie",
        "Porte-gobelets arri\u00e8re",
        "Pr\u00e9paration Isofix",
        "Prise 12V",
        "Prise auxiliaire de connexion audio",
        "Prise iPod",
        "Prise USB",
        "Radar de stationnement AR",
        "Radar de stationnement AV",
        "Radio",
        "Radio num\u00e9rique DAB",
        "Rangement sous si\u00e8ge conducteur",
        "R\u00e9gulateur de vitesse",
        "R\u00e9p\u00e9titeurs de clignotant dans r\u00e9tro ext",
        "R\u00e9troviseurs d\u00e9givrants",
        "R\u00e9troviseurs \u00e9lectriques",
        "R\u00e9troviseurs ext\u00e9rieurs \u00e9lectrochromes",
        "R\u00e9troviseurs rabattables \u00e9lectriquement",
        "Schwarz",
        "Services connect\u00e9s",
        "Si\u00e8ge cond. avec r\u00e9glage lombaire \u00e9lectr",
        "Si\u00e8ge conducteur \u00e0 m\u00e9moire",
        "Si\u00e8ge conducteur chauffant",
        "Si\u00e8ge conducteur \u00e9lectrique",
        "Si\u00e8ge conducteur r\u00e9glable en hauteur",
        "Si\u00e8ge passager \u00e0 r\u00e9glages \u00e9lectriques",
        "Si\u00e8ge passager avec r\u00e9glage lombaire",
        "Si\u00e8ge passager chauffant",
        "Si\u00e8ge passager r\u00e9glable en hauteur",
        "Sortie d'\u00e9chappement chrom\u00e9e",
        "Stations de webradio",
        "Syst\u00e8me d'acc\u00e8s sans cl\u00e9",
        "Syst\u00e8me d'assistance au stationnement",
        "Syst\u00e8me de d\u00e9tection de somnolence",
        "Syst\u00e8me de mesure de place disponible",
        "Syst\u00e8me de pr\u00e9vention des collisions",
        "Tablette cache bagages",
        "Temp\u00e9rature ext\u00e9rieure",
        "Troisi\u00e8me ceinture de s\u00e9curit\u00e9",
        "Verrouillage auto. des portes en roulant",
        "Verrouillage centralis\u00e9 \u00e0 distance",
        "Verrouillage centralis\u00e9 des portes",
        "Vitres arri\u00e8re \u00e9lectriques",
        "Vitres avant \u00e9lectriques",
        "Vitres teint\u00e9es",
        "Volant cuir",
        "Volant multifonction",
        "Volant r\u00e9glable en profondeur et hauteur",
        "Volant sport",
        "6 Haut parleurs",
        "ABS",
        "Accoudoir arri\u00e8re",
        "Accoudoir central AV avec rangement",
        "Aide au d\u00e9marrage en c\u00f4te",
        "Aide au freinage d'urgence",
        "Airbag conducteur",
        "Airbag passager d\u00e9connectable",
        "Airbags lat\u00e9raux avant",
        "Airbags rideaux AV et AR",
        "Antid\u00e9marrage \u00e9lectronique",
        "Antipatinage",
        "Appel d'Assistance Localis\u00e9",
        "Appel d'Urgence Localis\u00e9",
        "Arr\u00eat et red\u00e9marrage auto. du moteur",
        "Bacs de portes arri\u00e8re",
        "Bacs de portes avant",
        "Banquette 40/20/40",
        "Banquette AR rabattable",
        "Banquette arri\u00e8re 3 places",
        "Barres de toit",
        "Blocage \u00e9lectronique du diff\u00e9rentiel",
        "Boite \u00e0 gants \u00e9clair\u00e9e et r\u00e9frig\u00e9rable",
        "Boucliers AV et AR couleur caisse",
        "Buses de lave-glace chauffantes",
        "Cam\u00e9ra de recul",
        "Capteur de luminosit\u00e9",
        "Capteur de pluie",
        "Ceinture de vitrage chrom\u00e9e",
        "Clim automatique bi-zones",
        "Coffre assist\u00e9 \u00e9lectriquement",
        "Coffre avec fermeture \u00e0 distance",
        "Commandes du syst\u00e8me audio au volant",
        "Compte tours",
        "Contr\u00f4le \u00e9lect. de la pression des pneus",
        "D\u00e9marrage sans cl\u00e9",
        "EBD",
        "Eclairage au sol",
        "Eclairage d'ambiance",
        "Eclairage statique d'intersection",
        "Ecran multifonction couleur",
        "ESP",
        "Essuie-glace arri\u00e8re",
        "Feux arri\u00e8re \u00e0 LED",
        "Feux de freinage d'urgence",
        "Feux de jour \u00e0 LED",
        "Filets de coffre",
        "Filtre \u00e0 particules",
        "Fixations Isofix aux places arri\u00e8res",
        "Fonction MP3",
        "GPS Cartographique",
        "Jantes Alu",
        "Kit mains-libres Bluetooth",
        "Lampe de coffre",
        "Lampes de lecture \u00e0 l'arri\u00e8re",
        "Lampes de lecture \u00e0 l'avant",
        "Limiteur de vitesse",
        "Lunette AR d\u00e9givrante",
        "Lunette arri\u00e8re",
        "Miroir de courtoisie conducteur \u00e9clair\u00e9",
        "Miroir de courtoisie passager \u00e9clair\u00e9",
        "Ordinateur de bord",
        "Ouverture des vitres s\u00e9quentielle",
        "Phares antibrouillard directionnels",
        "Phares avant LED",
        "Poches d'aumoni\u00e8res",
        "Poign\u00e9es ton carrosserie",
        "Porte-gobelets arri\u00e8re",
        "Pr\u00e9paration Isofix",
        "Prise 12V",
        "Prise auxiliaire de connexion audio",
        "Prise iPod",
        "Prise USB",
        "Radar de stationnement AR",
        "Radar de stationnement AV",
        "Radio",
        "Radio num\u00e9rique DAB",
        "Rangement sous si\u00e8ge conducteur",
        "R\u00e9gulateur de vitesse",
        "R\u00e9p\u00e9titeurs de clignotant dans r\u00e9tro ext",
        "R\u00e9troviseurs d\u00e9givrants",
        "R\u00e9troviseurs \u00e9lectriques",
        "R\u00e9troviseurs ext\u00e9rieurs \u00e9lectrochromes",
        "R\u00e9troviseurs rabattables \u00e9lectriquement",
        "Schwarz",
        "Services connect\u00e9s",
        "Si\u00e8ge cond. avec r\u00e9glage lombaire \u00e9lectr",
        "Si\u00e8ge conducteur \u00e0 m\u00e9moire",
        "Si\u00e8ge conducteur chauffant",
        "Si\u00e8ge conducteur \u00e9lectrique",
        "Si\u00e8ge conducteur r\u00e9glable en hauteur",
        "Si\u00e8ge passager \u00e0 r\u00e9glages \u00e9lectriques",
        "Si\u00e8ge passager avec r\u00e9glage lombaire",
        "Si\u00e8ge passager chauffant",
        "Si\u00e8ge passager r\u00e9glable en hauteur",
        "Sortie d'\u00e9chappement chrom\u00e9e",
        "Stations de webradio",
        "Syst\u00e8me d'acc\u00e8s sans cl\u00e9",
        "Syst\u00e8me d'assistance au stationnement",
        "Syst\u00e8me de d\u00e9tection de somnolence",
        "Syst\u00e8me de mesure de place disponible",
        "Syst\u00e8me de pr\u00e9vention des collisions",
        "Tablette cache bagages",
        "Temp\u00e9rature ext\u00e9rieure",
        "Troisi\u00e8me ceinture de s\u00e9curit\u00e9",
        "Verrouillage auto. des portes en roulant",
        "Verrouillage centralis\u00e9 \u00e0 distance",
        "Verrouillage centralis\u00e9 des portes",
        "Vitres arri\u00e8re \u00e9lectriques",
        "Vitres avant \u00e9lectriques",
        "Vitres teint\u00e9es",
        "Volant cuir",
        "Volant multifonction",
        "Volant r\u00e9glable en profondeur et hauteur",
        "Volant sport"
    ]
}