{
    "marque": "FIAT",
    "modele": "DUCATO",
    "couleur": "Blanc",
    "kilometrage": "88 500 Km",
    "boite_de_vitesse": "Manuelle",
    "annee": "2020",
    "prix_ttc": "19 999 \u20ac",
    "puissance_fiscale": "7 CV",
    "type_vehicule": "Utilitaire",
    "carburant": "Diesel",
    "portes": "4 portes",
    "places": "2 places",
    "ville": "TERVILLE (57180)",
    "garantie": "12 mois pi\u00e8ces et main d'oeuvre",
    "mise_en_circulation": "14/10/2020",
    "reference": "1702-7716-58 (gath)",
    "equipements": [],
    "liste_equipements_serie": [
        "1 Porte lat\u00e9rale coulissante",
        "ABS",
        "Accoudoir central AV",
        "Aide au d\u00e9marrage en c\u00f4te",
        "Airbag conducteur",
        "Antid\u00e9marrage \u00e9lectronique",
        "Bacs de portes avant",
        "BAS",
        "Boite \u00e0 gants ferm\u00e9e",
        "Ceintures avant ajustables en hauteur",
        "Cloison tubulaire conducteur",
        "Compte tours",
        "Double portes arri\u00e8re de chargement",
        "EBD",
        "ESP",
        "Filtre \u00e0 particules",
        "Lampe de coffre",
        "Marche-pieds arri\u00e8re",
        "Ordinateur de bord",
        "Ouverture des vitres s\u00e9quentielle",
        "Phares halog\u00e8nes",
        "Porte-gobelets avant",
        "Porte lat\u00e9rale arri\u00e8re droite",
        "Pr\u00e9-\u00e9quipement Radio",
        "Prise 12V",
        "Rangement sous si\u00e8ge conducteur",
        "R\u00e9p\u00e9titeurs de clignotant dans r\u00e9tro ext",
        "R\u00e9troviseurs ext\u00e9rieurs \u00e0 r\u00e9glage manuel",
        "Si\u00e8ge conduct  r\u00e9glable hauteur-lombaire",
        "Tissu cr\u00eape gris",
        "Verrouillage auto. des portes en roulant",
        "Verrouillage centralis\u00e9 \u00e0 distance",
        "Vitres avant \u00e9lectriques",
        "Volant r\u00e9glable en hauteur",
        "1 Porte lat\u00e9rale coulissante",
        "ABS",
        "Accoudoir central AV",
        "Aide au d\u00e9marrage en c\u00f4te",
        "Airbag conducteur",
        "Antid\u00e9marrage \u00e9lectronique",
        "Bacs de portes avant",
        "BAS",
        "Boite \u00e0 gants ferm\u00e9e",
        "Ceintures avant ajustables en hauteur",
        "Cloison tubulaire conducteur",
        "Compte tours",
        "Double portes arri\u00e8re de chargement",
        "EBD",
        "ESP",
        "Filtre \u00e0 particules",
        "Lampe de coffre",
        "Marche-pieds arri\u00e8re",
        "Ordinateur de bord",
        "Ouverture des vitres s\u00e9quentielle",
        "Phares halog\u00e8nes",
        "Porte-gobelets avant",
        "Porte lat\u00e9rale arri\u00e8re droite",
        "Pr\u00e9-\u00e9quipement Radio",
        "Prise 12V",
        "Rangement sous si\u00e8ge conducteur",
        "R\u00e9p\u00e9titeurs de clignotant dans r\u00e9tro ext",
        "R\u00e9troviseurs ext\u00e9rieurs \u00e0 r\u00e9glage manuel",
        "Si\u00e8ge conduct  r\u00e9glable hauteur-lombaire",
        "Tissu cr\u00eape gris",
        "Verrouillage auto. des portes en roulant",
        "Verrouillage centralis\u00e9 \u00e0 distance",
        "Vitres avant \u00e9lectriques",
        "Volant r\u00e9glable en hauteur"
    ]
}