{
    "marque": "PEUGEOT",
    "modele": "PARTNER TEPEE",
    "couleur": "Gris Artense",
    "kilometrage": "128 245 Km",
    "boite_de_vitesse": "Manuelle",
    "annee": "2018",
    "prix_ttc": "13 499 \u20ac",
    "puissance_fiscale": "5 CV",
    "type_vehicule": "Monospace",
    "carburant": "Diesel",
    "portes": "5 portes",
    "places": "5 places",
    "ville": "TROYES (10000)",
    "garantie": "12 mois pi\u00e8ces et main d'oeuvre",
    "mise_en_circulation": "27/06/2018",
    "reference": "2890-7899-50 (star)",
    "equipements": [],
    "liste_equipements_serie": [
        "2 Portes lat\u00e9rales coulissantes",
        "3 si\u00e8ges individuels en rang 2",
        "ABS",
        "Accoudoir central AV",
        "Aide au d\u00e9marrage en c\u00f4te",
        "Aide au freinage d'urgence",
        "Airbag conducteur",
        "Airbag passager d\u00e9connectable",
        "Airbags lat\u00e9raux avant",
        "Antid\u00e9marrage \u00e9lectronique",
        "Antipatinage",
        "Bacs de portes arri\u00e8re",
        "Bacs de portes avant",
        "Barres de toit longitudinales",
        "Boite \u00e0 gants ferm\u00e9e",
        "Cache-bagage rigide",
        "Ceintures avant ajustables en hauteur",
        "Compte tours",
        "D\u00e9tecteur de sous-gonflage indirect",
        "EBD",
        "Ecran tactile, Bluetooth + Mirror Screen",
        "Enjoliveurs",
        "ESP",
        "Essuie-glace arri\u00e8re",
        "Feux de freinage d'urgence",
        "Filtre \u00e0 particules",
        "Kit Fumeur",
        "Lampe de coffre",
        "Lampes de lecture \u00e0 l'avant",
        "Limiteur de vitesse",
        "Lunette arri\u00e8re ouvrante",
        "Miroir de courtoisie conducteur",
        "Miroir de courtoisie passager",
        "Pack Enfants",
        "Pack Look Int\u00e9gral",
        "Pack Plus",
        "Phares antibrouillard",
        "Phares halog\u00e8nes",
        "Poches d'aumoni\u00e8res",
        "Pommeau de levier de vitesse m\u00e9tal",
        "Porte-gobelets arri\u00e8re",
        "Porte-gobelets avant",
        "Pr\u00e9paration Isofix",
        "Prise 12V",
        "R\u00e9gulateur de vitesse",
        "Si\u00e8ge conducteur r\u00e9glable en hauteur",
        "Si\u00e8ge passager avec dossier repliable",
        "Si\u00e8ges rang 2 d\u00e9posables",
        "Si\u00e8ges rang 2 inclinables",
        "Si\u00e8ges rang 2 rabattables \u00e0 plat",
        "T\u00e9moin de bouclage des ceintures AV",
        "Troisi\u00e8me ceinture de s\u00e9curit\u00e9",
        "Verrouillage auto. des portes en roulant",
        "Vitres teint\u00e9es",
        "Volant r\u00e9glable en profondeur et hauteur",
        "2 Portes lat\u00e9rales coulissantes",
        "3 si\u00e8ges individuels en rang 2",
        "ABS",
        "Accoudoir central AV",
        "Aide au d\u00e9marrage en c\u00f4te",
        "Aide au freinage d'urgence",
        "Airbag conducteur",
        "Airbag passager d\u00e9connectable",
        "Airbags lat\u00e9raux avant",
        "Antid\u00e9marrage \u00e9lectronique",
        "Antipatinage",
        "Bacs de portes arri\u00e8re",
        "Bacs de portes avant",
        "Barres de toit longitudinales",
        "Boite \u00e0 gants ferm\u00e9e",
        "Cache-bagage rigide",
        "Ceintures avant ajustables en hauteur",
        "Compte tours",
        "D\u00e9tecteur de sous-gonflage indirect",
        "EBD",
        "Ecran tactile, Bluetooth + Mirror Screen",
        "Enjoliveurs",
        "ESP",
        "Essuie-glace arri\u00e8re",
        "Feux de freinage d'urgence",
        "Filtre \u00e0 particules",
        "Kit Fumeur",
        "Lampe de coffre",
        "Lampes de lecture \u00e0 l'avant",
        "Limiteur de vitesse",
        "Lunette arri\u00e8re ouvrante",
        "Miroir de courtoisie conducteur",
        "Miroir de courtoisie passager",
        "Pack Enfants",
        "Pack Look Int\u00e9gral",
        "Pack Plus",
        "Phares antibrouillard",
        "Phares halog\u00e8nes",
        "Poches d'aumoni\u00e8res",
        "Pommeau de levier de vitesse m\u00e9tal",
        "Porte-gobelets arri\u00e8re",
        "Porte-gobelets avant",
        "Pr\u00e9paration Isofix",
        "Prise 12V",
        "R\u00e9gulateur de vitesse",
        "Si\u00e8ge conducteur r\u00e9glable en hauteur",
        "Si\u00e8ge passager avec dossier repliable",
        "Si\u00e8ges rang 2 d\u00e9posables",
        "Si\u00e8ges rang 2 inclinables",
        "Si\u00e8ges rang 2 rabattables \u00e0 plat",
        "T\u00e9moin de bouclage des ceintures AV",
        "Troisi\u00e8me ceinture de s\u00e9curit\u00e9",
        "Verrouillage auto. des portes en roulant",
        "Vitres teint\u00e9es",
        "Volant r\u00e9glable en profondeur et hauteur"
    ]
}