{
    "marque": "AUDI",
    "modele": "A1 SPORTBACK",
    "couleur": "Noir brillant",
    "kilometrage": "69 261 Km",
    "boite_de_vitesse": "Manuelle",
    "annee": "2015",
    "prix_ttc": "14 789 \u20ac",
    "puissance_fiscale": "5 CV",
    "type_vehicule": "Berline",
    "carburant": "Essence",
    "portes": "5 portes",
    "places": "4 places",
    "ville": "NANTEUIL-LES-MEAUX (77100)",
    "garantie": "12 mois pi\u00e8ces et main d'oeuvre",
    "mise_en_circulation": "08/08/2015",
    "reference": "4172-4263-73 (re77c1)",
    "equipements": [
        "radar_recul",
        "gps",
        "bluetooth",
        "clim_auto",
        "regulateur_vitesse",
        "isofix",
        "jantes_alliage",
        "radar_recul",
        "gps",
        "bluetooth",
        "clim_auto",
        "regulateur_vitesse",
        "isofix",
        "jantes_alliage"
    ],
    "liste_equipements_serie": [
        "8 Haut parleurs",
        "ABS",
        "Accoudoir central AV",
        "Airbag conducteur",
        "Airbag passager",
        "Airbags lat\u00e9raux avant",
        "Airbags rideaux AV et AR",
        "Antid\u00e9marrage \u00e9lectronique",
        "Antipatinage",
        "Appui-t\u00eate conducteur r\u00e9glable hauteur",
        "Appui-t\u00eate passager r\u00e9glable en hauteur",
        "Arr\u00eat et red\u00e9marrage auto. du moteur",
        "Bacs de portes avant",
        "Banquette 1/3-2/3",
        "Banquette AR rabattable",
        "Boite \u00e0 gants ferm\u00e9e",
        "Buses de lave-glace chauffantes",
        "Capteur de luminosit\u00e9",
        "Capteur de pluie",
        "Chassis Sport",
        "Clim automatique",
        "Commandes du syst\u00e8me audio au volant",
        "Commandes vocales",
        "Contr\u00f4le \u00e9lect. de la pression des pneus",
        "D\u00e9marrage sans cl\u00e9",
        "EBD",
        "Ecran multifonction couleur",
        "ESP",
        "Feux arri\u00e8re \u00e0 LED",
        "Feux de jour \u00e0 LED",
        "Filtre \u00e0 Pollen",
        "Fixations Isofix aux places arri\u00e8res",
        "Fonction MP3",
        "GPS Cartographique",
        "Jantes Alu",
        "Kit mains-libres Bluetooth",
        "Lampe de coffre",
        "Lave-phares",
        "Lecteur carte SD",
        "Lecteur CD",
        "Lunette AR d\u00e9givrante",
        "Miroir de courtoisie conducteur",
        "Miroir de courtoisie passager",
        "Ordinateur de bord",
        "Ouverture des vitres s\u00e9quentielle",
        "Phares antibrouillard",
        "Phares bi-x\u00e9non",
        "Phares de route adaptatifs",
        "Pommeau de levier vitesse en cuir",
        "Porte-gobelets avant",
        "Pr\u00e9paration Isofix",
        "Prise 12V",
        "Prise auxiliaire de connexion audio",
        "Prise iPod",
        "Radar de stationnement AR",
        "Radar de stationnement AV",
        "Radio",
        "R\u00e9gulateur de vitesse",
        "R\u00e9troviseur int\u00e9rieur \u00e9lectrochrome",
        "R\u00e9troviseurs d\u00e9givrants",
        "R\u00e9troviseurs \u00e9lectriques",
        "R\u00e9troviseurs rabattables \u00e9lectriquement",
        "Si\u00e8ge conducteur avec r\u00e9glage lombaire",
        "Si\u00e8ge conducteur r\u00e9glable en hauteur",
        "Si\u00e8ge passager avec r\u00e9glage lombaire",
        "Si\u00e8ge passager r\u00e9glable en hauteur",
        "Si\u00e8ges avant sport",
        "Sortie d'\u00e9chappement chrom\u00e9e",
        "Syst\u00e8me d'acc\u00e8s sans cl\u00e9",
        "Verrouillage centralis\u00e9 \u00e0 distance",
        "Vitres avant \u00e9lectriques",
        "Volant cuir",
        "Volant multifonction",
        "Volant sport",
        "8 Haut parleurs",
        "ABS",
        "Accoudoir central AV",
        "Airbag conducteur",
        "Airbag passager",
        "Airbags lat\u00e9raux avant",
        "Airbags rideaux AV et AR",
        "Antid\u00e9marrage \u00e9lectronique",
        "Antipatinage",
        "Appui-t\u00eate conducteur r\u00e9glable hauteur",
        "Appui-t\u00eate passager r\u00e9glable en hauteur",
        "Arr\u00eat et red\u00e9marrage auto. du moteur",
        "Bacs de portes avant",
        "Banquette 1/3-2/3",
        "Banquette AR rabattable",
        "Boite \u00e0 gants ferm\u00e9e",
        "Buses de lave-glace chauffantes",
        "Capteur de luminosit\u00e9",
        "Capteur de pluie",
        "Chassis Sport",
        "Clim automatique",
        "Commandes du syst\u00e8me audio au volant",
        "Commandes vocales",
        "Contr\u00f4le \u00e9lect. de la pression des pneus",
        "D\u00e9marrage sans cl\u00e9",
        "EBD",
        "Ecran multifonction couleur",
        "ESP",
        "Feux arri\u00e8re \u00e0 LED",
        "Feux de jour \u00e0 LED",
        "Filtre \u00e0 Pollen",
        "Fixations Isofix aux places arri\u00e8res",
        "Fonction MP3",
        "GPS Cartographique",
        "Jantes Alu",
        "Kit mains-libres Bluetooth",
        "Lampe de coffre",
        "Lave-phares",
        "Lecteur carte SD",
        "Lecteur CD",
        "Lunette AR d\u00e9givrante",
        "Miroir de courtoisie conducteur",
        "Miroir de courtoisie passager",
        "Ordinateur de bord",
        "Ouverture des vitres s\u00e9quentielle",
        "Phares antibrouillard",
        "Phares bi-x\u00e9non",
        "Phares de route adaptatifs",
        "Pommeau de levier vitesse en cuir",
        "Porte-gobelets avant",
        "Pr\u00e9paration Isofix",
        "Prise 12V",
        "Prise auxiliaire de connexion audio",
        "Prise iPod",
        "Radar de stationnement AR",
        "Radar de stationnement AV",
        "Radio",
        "R\u00e9gulateur de vitesse",
        "R\u00e9troviseur int\u00e9rieur \u00e9lectrochrome",
        "R\u00e9troviseurs d\u00e9givrants",
        "R\u00e9troviseurs \u00e9lectriques",
        "R\u00e9troviseurs rabattables \u00e9lectriquement",
        "Si\u00e8ge conducteur avec r\u00e9glage lombaire",
        "Si\u00e8ge conducteur r\u00e9glable en hauteur",
        "Si\u00e8ge passager avec r\u00e9glage lombaire",
        "Si\u00e8ge passager r\u00e9glable en hauteur",
        "Si\u00e8ges avant sport",
        "Sortie d'\u00e9chappement chrom\u00e9e",
        "Syst\u00e8me d'acc\u00e8s sans cl\u00e9",
        "Verrouillage centralis\u00e9 \u00e0 distance",
        "Vitres avant \u00e9lectriques",
        "Volant cuir",
        "Volant multifonction",
        "Volant sport"
    ]
}