{
    "marque": "PEUGEOT",
    "modele": "EXPERT",
    "couleur": "Gris Artense",
    "kilometrage": "48 620 Km",
    "boite_de_vitesse": "Manuelle",
    "annee": "2021",
    "prix_ttc": "28 900 \u20ac",
    "puissance_fiscale": "7 CV",
    "type_vehicule": "Utilitaire",
    "carburant": "Diesel",
    "portes": "1 portes",
    "places": "6 places",
    "ville": "SEYSSINET PARISET (38170)",
    "garantie": "12 mois pi\u00e8ces et main d'oeuvre",
    "mise_en_circulation": "13/04/2021",
    "reference": "8414-0960-90 (mu38m7)",
    "equipements": [],
    "liste_equipements_serie": [
        "1 Porte lat\u00e9rale coulissante",
        "4 Haut parleurs",
        "ABS",
        "Accoudoir central AV",
        "Aide au d\u00e9marrage en c\u00f4te",
        "Aide au freinage d'urgence",
        "Airbag conducteur",
        "Airbag passager",
        "Airbag passager d\u00e9connectable",
        "Airbags lat\u00e9raux avant",
        "Antid\u00e9marrage \u00e9lectronique",
        "Antipatinage",
        "Appel d'Assistance Localis\u00e9",
        "Appel d'Urgence Localis\u00e9",
        "Appui-t\u00eate conducteur r\u00e9glable hauteur",
        "Appui-t\u00eate passager r\u00e9glable en hauteur",
        "Arr\u00eat et red\u00e9marrage auto. du moteur",
        "Bacs de portes avant",
        "Banquette arri\u00e8re 3 places fixe",
        "Banquette arri\u00e8re monobloc",
        "Banquette AV 2 places monobloc",
        "Boite \u00e0 gants \u00e9clair\u00e9e et r\u00e9frig\u00e9rable",
        "Boite \u00e0 gants ferm\u00e9e",
        "Capteur de luminosit\u00e9",
        "Capteur de pluie",
        "Ceintures avant ajustables en hauteur",
        "Clim manuelle",
        "Cloison vitr\u00e9e",
        "Compte tours",
        "Connect SOS",
        "Double portes arri\u00e8re de chargement",
        "ESP",
        "Feux de jour",
        "Filtre \u00e0 particules",
        "Filtre \u00e0 Pollen",
        "Fonction MP3",
        "Kit mains-libres Bluetooth",
        "Lampe de coffre",
        "Limiteur de vitesse",
        "Ordinateur de bord",
        "Ouverture des vitres s\u00e9quentielle",
        "Pare-brise acoustique",
        "Paroi s\u00e9paration",
        "Phares halog\u00e8nes",
        "Plancher m\u00e9tal",
        "Porte-gobelets avant",
        "Porte lat\u00e9rale arri\u00e8re droite",
        "Portes arri\u00e8re battantes",
        "Prise 12V",
        "Prise USB",
        "Radar de stationnement AR",
        "Radio",
        "Radio num\u00e9rique DAB",
        "Rangement sous si\u00e8ge passager avant",
        "R\u00e9gulateur de vitesse",
        "R\u00e9troviseur int\u00e9rieur \u00e9lectrochrome",
        "R\u00e9troviseurs d\u00e9givrants",
        "R\u00e9troviseurs \u00e9lectriques",
        "Si\u00e8ge conducteur avec r\u00e9glage lombaire",
        "Si\u00e8ge conducteur r\u00e9glable en hauteur",
        "T\u00e9moin de bouclage des ceintures AV",
        "Verrouillage auto. des portes en roulant",
        "Verrouillage centralis\u00e9 \u00e0 distance",
        "Verrouillage centralis\u00e9 des portes",
        "Vitres arri\u00e8re surteint\u00e9es",
        "Vitres avant \u00e9lectriques",
        "Vitres lat\u00e9rales fixes sur rang 2",
        "Vitres teint\u00e9es",
        "Volant r\u00e9glable en profondeur et hauteur",
        "1 Porte lat\u00e9rale coulissante",
        "4 Haut parleurs",
        "ABS",
        "Accoudoir central AV",
        "Aide au d\u00e9marrage en c\u00f4te",
        "Aide au freinage d'urgence",
        "Airbag conducteur",
        "Airbag passager",
        "Airbag passager d\u00e9connectable",
        "Airbags lat\u00e9raux avant",
        "Antid\u00e9marrage \u00e9lectronique",
        "Antipatinage",
        "Appel d'Assistance Localis\u00e9",
        "Appel d'Urgence Localis\u00e9",
        "Appui-t\u00eate conducteur r\u00e9glable hauteur",
        "Appui-t\u00eate passager r\u00e9glable en hauteur",
        "Arr\u00eat et red\u00e9marrage auto. du moteur",
        "Bacs de portes avant",
        "Banquette arri\u00e8re 3 places fixe",
        "Banquette arri\u00e8re monobloc",
        "Banquette AV 2 places monobloc",
        "Boite \u00e0 gants \u00e9clair\u00e9e et r\u00e9frig\u00e9rable",
        "Boite \u00e0 gants ferm\u00e9e",
        "Capteur de luminosit\u00e9",
        "Capteur de pluie",
        "Ceintures avant ajustables en hauteur",
        "Clim manuelle",
        "Cloison vitr\u00e9e",
        "Compte tours",
        "Connect SOS",
        "Double portes arri\u00e8re de chargement",
        "ESP",
        "Feux de jour",
        "Filtre \u00e0 particules",
        "Filtre \u00e0 Pollen",
        "Fonction MP3",
        "Kit mains-libres Bluetooth",
        "Lampe de coffre",
        "Limiteur de vitesse",
        "Ordinateur de bord",
        "Ouverture des vitres s\u00e9quentielle",
        "Pare-brise acoustique",
        "Paroi s\u00e9paration",
        "Phares halog\u00e8nes",
        "Plancher m\u00e9tal",
        "Porte-gobelets avant",
        "Porte lat\u00e9rale arri\u00e8re droite",
        "Portes arri\u00e8re battantes",
        "Prise 12V",
        "Prise USB",
        "Radar de stationnement AR",
        "Radio",
        "Radio num\u00e9rique DAB",
        "Rangement sous si\u00e8ge passager avant",
        "R\u00e9gulateur de vitesse",
        "R\u00e9troviseur int\u00e9rieur \u00e9lectrochrome",
        "R\u00e9troviseurs d\u00e9givrants",
        "R\u00e9troviseurs \u00e9lectriques",
        "Si\u00e8ge conducteur avec r\u00e9glage lombaire",
        "Si\u00e8ge conducteur r\u00e9glable en hauteur",
        "T\u00e9moin de bouclage des ceintures AV",
        "Verrouillage auto. des portes en roulant",
        "Verrouillage centralis\u00e9 \u00e0 distance",
        "Verrouillage centralis\u00e9 des portes",
        "Vitres arri\u00e8re surteint\u00e9es",
        "Vitres avant \u00e9lectriques",
        "Vitres lat\u00e9rales fixes sur rang 2",
        "Vitres teint\u00e9es",
        "Volant r\u00e9glable en profondeur et hauteur"
    ]
}