{
    "marque": "RENAULT",
    "modele": "CAPTUR",
    "couleur": "Bleu Iron/Noir Etoile",
    "kilometrage": "10 860 Km",
    "boite_de_vitesse": "Manuelle",
    "annee": "2023",
    "prix_ttc": "20 479 \u20ac",
    "puissance_fiscale": "5 CV",
    "type_vehicule": "SUV",
    "carburant": "Gpl",
    "portes": "5 portes",
    "places": "5 places",
    "ville": "VIENNE (38200)",
    "garantie": "12 mois pi\u00e8ces et main d'oeuvre",
    "mise_en_circulation": "29/06/2023",
    "reference": "2235-4863-66 (gdrr)",
    "equipements": [],
    "liste_equipements_serie": [
        "ABS",
        "Accoudoir central AV",
        "AFIL",
        "Aide au d\u00e9marrage en c\u00f4te",
        "Aide au freinage d'urgence",
        "Airbag conducteur",
        "Airbag passager",
        "Airbag passager d\u00e9connectable",
        "Airbags lat\u00e9raux avant",
        "Antid\u00e9marrage \u00e9lectronique",
        "Antipatinage",
        "Appel d'Urgence Localis\u00e9",
        "Arr\u00eat et red\u00e9marrage auto. du moteur",
        "Assistance de maintien de trajectoire",
        "Bacs de portes arri\u00e8re",
        "Bacs de portes avant",
        "Banquette 1/3-2/3",
        "Banquette AR rabattable",
        "Banquette arri\u00e8re 3 places",
        "Banquette coulissante",
        "Becquet arri\u00e8re",
        "Boite \u00e0 gants ferm\u00e9e",
        "Boucliers AV et AR couleur caisse",
        "Capteur de luminosit\u00e9",
        "Ceintures avant ajustables en hauteur",
        "Clim manuelle",
        "Commande Mode ECO",
        "Commandes du syst\u00e8me audio au volant",
        "Compte tours",
        "Contr\u00f4le de freinage en courbe",
        "D\u00e9marrage sans cl\u00e9",
        "D\u00e9tecteur de sous-gonflage",
        "EBD",
        "Ecran multifonction couleur",
        "Ecran tactile",
        "Enjoliveurs",
        "ESP",
        "Feux arri\u00e8re \u00e0 LED",
        "Feux de jour \u00e0 LED",
        "Filtre \u00e0 particules",
        "Filtre \u00e0 Pollen",
        "Fixation Isofix si\u00e8ge passager avant",
        "Fixations Isofix aux places arri\u00e8res",
        "Fonction appel d'urgence",
        "Fonction MP3",
        "Freinage automatique d'urgence",
        "GPS Cartographique",
        "Indicateur de limitation de vitesse",
        "Interface Media",
        "Kit mains-libres Bluetooth",
        "Lampe de coffre",
        "Limiteur de vitesse",
        "Lunette AR d\u00e9givrante",
        "Lunette arri\u00e8re",
        "Lunette arri\u00e8re surteint\u00e9e",
        "Ouverture des vitres s\u00e9quentielle",
        "Phares avant LED",
        "Poign\u00e9es ton carrosserie",
        "Porte-gobelets avant",
        "Pr\u00e9paration Isofix",
        "Prise Jack",
        "Prise USB",
        "Radar de distance",
        "Radar de stationnement AR",
        "Reconnaissance panneaux de signalisation",
        "R\u00e9gulateur de vitesse",
        "R\u00e9p\u00e9titeurs de clignotant dans r\u00e9tro ext",
        "R\u00e9troviseurs d\u00e9givrants",
        "R\u00e9troviseurs \u00e9lectriques",
        "R\u00e9troviseurs rabattables \u00e9lectriquement",
        "Si\u00e8ge conducteur r\u00e9glable en hauteur",
        "Syst\u00e8me anti-\u00e9blouissement",
        "Syst\u00e8me d'acc\u00e8s sans cl\u00e9",
        "Syst\u00e8me d'\u00e9clairage intelligent",
        "T\u00e9moin de bouclage des ceintures AV",
        "Tissu MC2 Noir / Gris",
        "Troisi\u00e8me ceinture de s\u00e9curit\u00e9",
        "Verrouillage auto. des portes en roulant",
        "Verrouillage centralis\u00e9 \u00e0 distance",
        "Verrouillage centralis\u00e9 des portes",
        "Vitres arri\u00e8re \u00e9lectriques",
        "Vitres arri\u00e8re surteint\u00e9es",
        "Vitres avant \u00e9lectriques",
        "Vitres teint\u00e9es",
        "Volant multifonction",
        "Volant r\u00e9glable en profondeur et hauteur",
        "ABS",
        "Accoudoir central AV",
        "AFIL",
        "Aide au d\u00e9marrage en c\u00f4te",
        "Aide au freinage d'urgence",
        "Airbag conducteur",
        "Airbag passager",
        "Airbag passager d\u00e9connectable",
        "Airbags lat\u00e9raux avant",
        "Antid\u00e9marrage \u00e9lectronique",
        "Antipatinage",
        "Appel d'Urgence Localis\u00e9",
        "Arr\u00eat et red\u00e9marrage auto. du moteur",
        "Assistance de maintien de trajectoire",
        "Bacs de portes arri\u00e8re",
        "Bacs de portes avant",
        "Banquette 1/3-2/3",
        "Banquette AR rabattable",
        "Banquette arri\u00e8re 3 places",
        "Banquette coulissante",
        "Becquet arri\u00e8re",
        "Boite \u00e0 gants ferm\u00e9e",
        "Boucliers AV et AR couleur caisse",
        "Capteur de luminosit\u00e9",
        "Ceintures avant ajustables en hauteur",
        "Clim manuelle",
        "Commande Mode ECO",
        "Commandes du syst\u00e8me audio au volant",
        "Compte tours",
        "Contr\u00f4le de freinage en courbe",
        "D\u00e9marrage sans cl\u00e9",
        "D\u00e9tecteur de sous-gonflage",
        "EBD",
        "Ecran multifonction couleur",
        "Ecran tactile",
        "Enjoliveurs",
        "ESP",
        "Feux arri\u00e8re \u00e0 LED",
        "Feux de jour \u00e0 LED",
        "Filtre \u00e0 particules",
        "Filtre \u00e0 Pollen",
        "Fixation Isofix si\u00e8ge passager avant",
        "Fixations Isofix aux places arri\u00e8res",
        "Fonction appel d'urgence",
        "Fonction MP3",
        "Freinage automatique d'urgence",
        "GPS Cartographique",
        "Indicateur de limitation de vitesse",
        "Interface Media",
        "Kit mains-libres Bluetooth",
        "Lampe de coffre",
        "Limiteur de vitesse",
        "Lunette AR d\u00e9givrante",
        "Lunette arri\u00e8re",
        "Lunette arri\u00e8re surteint\u00e9e",
        "Ouverture des vitres s\u00e9quentielle",
        "Phares avant LED",
        "Poign\u00e9es ton carrosserie",
        "Porte-gobelets avant",
        "Pr\u00e9paration Isofix",
        "Prise Jack",
        "Prise USB",
        "Radar de distance",
        "Radar de stationnement AR",
        "Reconnaissance panneaux de signalisation",
        "R\u00e9gulateur de vitesse",
        "R\u00e9p\u00e9titeurs de clignotant dans r\u00e9tro ext",
        "R\u00e9troviseurs d\u00e9givrants",
        "R\u00e9troviseurs \u00e9lectriques",
        "R\u00e9troviseurs rabattables \u00e9lectriquement",
        "Si\u00e8ge conducteur r\u00e9glable en hauteur",
        "Syst\u00e8me anti-\u00e9blouissement",
        "Syst\u00e8me d'acc\u00e8s sans cl\u00e9",
        "Syst\u00e8me d'\u00e9clairage intelligent",
        "T\u00e9moin de bouclage des ceintures AV",
        "Tissu MC2 Noir / Gris",
        "Troisi\u00e8me ceinture de s\u00e9curit\u00e9",
        "Verrouillage auto. des portes en roulant",
        "Verrouillage centralis\u00e9 \u00e0 distance",
        "Verrouillage centralis\u00e9 des portes",
        "Vitres arri\u00e8re \u00e9lectriques",
        "Vitres arri\u00e8re surteint\u00e9es",
        "Vitres avant \u00e9lectriques",
        "Vitres teint\u00e9es",
        "Volant multifonction",
        "Volant r\u00e9glable en profondeur et hauteur"
    ]
}