{
    "marque": "MERCEDES",
    "modele": "CLASSE E",
    "couleur": "Noir obsidienne m\u00e9tallis\u00e9",
    "kilometrage": "35 448 Km",
    "boite_de_vitesse": "Automatique",
    "annee": "2020",
    "prix_ttc": "42 990 \u20ac",
    "puissance_fiscale": "9 CV",
    "type_vehicule": "Berline",
    "carburant": "Hybride rechargeable",
    "portes": "4 portes",
    "places": "5 places",
    "ville": "RIVERY (80136)",
    "garantie": "Mercedes-Benz VP Certified 24 mois",
    "mise_en_circulation": "09/06/2020",
    "reference": "4240-9807-56 (teri)",
    "equipements": [
        "cam_recul",
        "radar_recul",
        "gps",
        "bluetooth",
        "clim_auto",
        "regulateur_vitesse",
        "feux_led",
        "isofix",
        "jantes_alliage",
        "cam_recul",
        "radar_recul",
        "gps",
        "bluetooth",
        "clim_auto",
        "regulateur_vitesse",
        "feux_led",
        "isofix",
        "jantes_alliage"
    ],
    "liste_equipements_serie": [
        "8 Haut parleurs",
        "ABS",
        "Accoudoir arri\u00e8re",
        "Accoudoir central AV avec rangement",
        "Aide au d\u00e9marrage en c\u00f4te",
        "Aide au freinage d'urgence",
        "Airbag conducteur",
        "Airbag genoux",
        "Airbag passager d\u00e9connectable",
        "Airbags lat\u00e9raux avant",
        "Airbags rideaux AV et AR",
        "Antid\u00e9marrage \u00e9lectronique",
        "Antipatinage",
        "Appel d'Urgence Localis\u00e9",
        "Arr\u00eat et red\u00e9marrage auto. du moteur",
        "Bacs de portes arri\u00e8re",
        "Bacs de portes avant",
        "Banquette 40/20/40",
        "Banquette AR rabattable",
        "Banquette arri\u00e8re 3 places",
        "Boite \u00e0 gants \u00e9clair\u00e9e et r\u00e9frig\u00e9rable",
        "Boucliers AV et AR couleur caisse",
        "Cam\u00e9ra de recul",
        "Capteur de pluie",
        "Ceinture de vitrage chrom\u00e9e",
        "Ceintures avant ajustables en hauteur",
        "Clim automatique bi-zones",
        "Commande du comportement dynamique",
        "Compte tours",
        "Contr\u00f4le \u00e9lect. de la pression des pneus",
        "D\u00e9marrage sans cl\u00e9",
        "EBD",
        "Echappement \u00e0 double sortie",
        "Eclairage au sol",
        "Eclairage d'ambiance",
        "Ecran multifonction couleur",
        "ESP",
        "Feux arri\u00e8re \u00e0 LED",
        "Feux de freinage d'urgence",
        "Feux de jour \u00e0 LED",
        "Feux de position \u00e0 LED",
        "Filets de coffre",
        "Filtre \u00e0 particules",
        "Filtre \u00e0 Pollen",
        "Fixations Isofix aux places arri\u00e8res",
        "Fonction MP3",
        "Freinage automatique d'urgence",
        "GPS Cartographique",
        "Inserts de porte m\u00e9tal",
        "Inserts de tableau de bord m\u00e9tal",
        "Interface Media",
        "Jantes Alu",
        "Kit mains-libres Bluetooth",
        "Lampe de coffre",
        "Lampes de lecture \u00e0 l'arri\u00e8re",
        "Lampes de lecture \u00e0 l'avant",
        "Limiteur de vitesse",
        "Miroir de courtoisie conducteur \u00e9clair\u00e9",
        "Miroir de courtoisie passager \u00e9clair\u00e9",
        "Navigateur Internet",
        "Ordinateur de bord",
        "Ouverture des vitres s\u00e9quentielle",
        "Palettes changement vitesses au volant",
        "P\u00e9dalier sport",
        "Phares antibrouillard LED",
        "Phares avant LED",
        "Poches d'aumoni\u00e8res",
        "Porte-gobelets arri\u00e8re",
        "Porte-gobelets avant",
        "Prise 12V",
        "Prise USB",
        "Radar de stationnement AR",
        "Radar de stationnement AV",
        "Radio",
        "Radio num\u00e9rique DAB",
        "R\u00e9gulateur de vitesse",
        "R\u00e9p\u00e9titeurs de clignotant dans r\u00e9tro ext",
        "R\u00e9troviseur int\u00e9rieur \u00e9lectrochrome",
        "R\u00e9troviseurs d\u00e9givrants",
        "R\u00e9troviseurs \u00e9lectriques",
        "R\u00e9troviseurs ext. index\u00e9s \u00e0 la marche AR",
        "R\u00e9troviseurs ext\u00e9rieurs \u00e9lectrochromes",
        "R\u00e9troviseurs rabattables \u00e9lectriquement",
        "Si\u00e8ge conducteur avec r\u00e9glage lombaire",
        "Si\u00e8ge conducteur chauffant",
        "Si\u00e8ge conducteur \u00e9lectrique",
        "Si\u00e8ge conducteur r\u00e9glable en hauteur",
        "Si\u00e8ge passager \u00e0 r\u00e9glages \u00e9lectriques",
        "Si\u00e8ge passager avec r\u00e9glage lombaire",
        "Si\u00e8ge passager chauffant",
        "Si\u00e8ge passager r\u00e9glable en hauteur",
        "Si\u00e8ges avant sport",
        "Suspensions Sport",
        "Syst\u00e8me d'assistance au stationnement",
        "Syst\u00e8me de contr\u00f4le des angles morts",
        "Syst\u00e8me de d\u00e9tection de somnolence",
        "Syst\u00e8me de localisation par satellite",
        "Syst\u00e8me de mesure de place disponible",
        "Syst\u00e8me de pr\u00e9vention des collisions",
        "Temp\u00e9rature ext\u00e9rieure",
        "TMC",
        "Troisi\u00e8me ceinture de s\u00e9curit\u00e9",
        "Verrouillage auto. des portes en roulant",
        "Verrouillage centralis\u00e9 \u00e0 distance",
        "Vitres arri\u00e8re \u00e9lectriques",
        "Vitres avant \u00e9lectriques",
        "Vitres teint\u00e9es",
        "Volant cuir",
        "Volant m\u00e9tal",
        "Volant multifonction",
        "Volant r\u00e9glable en profondeur et hauteur",
        "Volant sport",
        "8 Haut parleurs",
        "ABS",
        "Accoudoir arri\u00e8re",
        "Accoudoir central AV avec rangement",
        "Aide au d\u00e9marrage en c\u00f4te",
        "Aide au freinage d'urgence",
        "Airbag conducteur",
        "Airbag genoux",
        "Airbag passager d\u00e9connectable",
        "Airbags lat\u00e9raux avant",
        "Airbags rideaux AV et AR",
        "Antid\u00e9marrage \u00e9lectronique",
        "Antipatinage",
        "Appel d'Urgence Localis\u00e9",
        "Arr\u00eat et red\u00e9marrage auto. du moteur",
        "Bacs de portes arri\u00e8re",
        "Bacs de portes avant",
        "Banquette 40/20/40",
        "Banquette AR rabattable",
        "Banquette arri\u00e8re 3 places",
        "Boite \u00e0 gants \u00e9clair\u00e9e et r\u00e9frig\u00e9rable",
        "Boucliers AV et AR couleur caisse",
        "Cam\u00e9ra de recul",
        "Capteur de pluie",
        "Ceinture de vitrage chrom\u00e9e",
        "Ceintures avant ajustables en hauteur",
        "Clim automatique bi-zones",
        "Commande du comportement dynamique",
        "Compte tours",
        "Contr\u00f4le \u00e9lect. de la pression des pneus",
        "D\u00e9marrage sans cl\u00e9",
        "EBD",
        "Echappement \u00e0 double sortie",
        "Eclairage au sol",
        "Eclairage d'ambiance",
        "Ecran multifonction couleur",
        "ESP",
        "Feux arri\u00e8re \u00e0 LED",
        "Feux de freinage d'urgence",
        "Feux de jour \u00e0 LED",
        "Feux de position \u00e0 LED",
        "Filets de coffre",
        "Filtre \u00e0 particules",
        "Filtre \u00e0 Pollen",
        "Fixations Isofix aux places arri\u00e8res",
        "Fonction MP3",
        "Freinage automatique d'urgence",
        "GPS Cartographique",
        "Inserts de porte m\u00e9tal",
        "Inserts de tableau de bord m\u00e9tal",
        "Interface Media",
        "Jantes Alu",
        "Kit mains-libres Bluetooth",
        "Lampe de coffre",
        "Lampes de lecture \u00e0 l'arri\u00e8re",
        "Lampes de lecture \u00e0 l'avant",
        "Limiteur de vitesse",
        "Miroir de courtoisie conducteur \u00e9clair\u00e9",
        "Miroir de courtoisie passager \u00e9clair\u00e9",
        "Navigateur Internet",
        "Ordinateur de bord",
        "Ouverture des vitres s\u00e9quentielle",
        "Palettes changement vitesses au volant",
        "P\u00e9dalier sport",
        "Phares antibrouillard LED",
        "Phares avant LED",
        "Poches d'aumoni\u00e8res",
        "Porte-gobelets arri\u00e8re",
        "Porte-gobelets avant",
        "Prise 12V",
        "Prise USB",
        "Radar de stationnement AR",
        "Radar de stationnement AV",
        "Radio",
        "Radio num\u00e9rique DAB",
        "R\u00e9gulateur de vitesse",
        "R\u00e9p\u00e9titeurs de clignotant dans r\u00e9tro ext",
        "R\u00e9troviseur int\u00e9rieur \u00e9lectrochrome",
        "R\u00e9troviseurs d\u00e9givrants",
        "R\u00e9troviseurs \u00e9lectriques",
        "R\u00e9troviseurs ext. index\u00e9s \u00e0 la marche AR",
        "R\u00e9troviseurs ext\u00e9rieurs \u00e9lectrochromes",
        "R\u00e9troviseurs rabattables \u00e9lectriquement",
        "Si\u00e8ge conducteur avec r\u00e9glage lombaire",
        "Si\u00e8ge conducteur chauffant",
        "Si\u00e8ge conducteur \u00e9lectrique",
        "Si\u00e8ge conducteur r\u00e9glable en hauteur",
        "Si\u00e8ge passager \u00e0 r\u00e9glages \u00e9lectriques",
        "Si\u00e8ge passager avec r\u00e9glage lombaire",
        "Si\u00e8ge passager chauffant",
        "Si\u00e8ge passager r\u00e9glable en hauteur",
        "Si\u00e8ges avant sport",
        "Suspensions Sport",
        "Syst\u00e8me d'assistance au stationnement",
        "Syst\u00e8me de contr\u00f4le des angles morts",
        "Syst\u00e8me de d\u00e9tection de somnolence",
        "Syst\u00e8me de localisation par satellite",
        "Syst\u00e8me de mesure de place disponible",
        "Syst\u00e8me de pr\u00e9vention des collisions",
        "Temp\u00e9rature ext\u00e9rieure",
        "TMC",
        "Troisi\u00e8me ceinture de s\u00e9curit\u00e9",
        "Verrouillage auto. des portes en roulant",
        "Verrouillage centralis\u00e9 \u00e0 distance",
        "Vitres arri\u00e8re \u00e9lectriques",
        "Vitres avant \u00e9lectriques",
        "Vitres teint\u00e9es",
        "Volant cuir",
        "Volant m\u00e9tal",
        "Volant multifonction",
        "Volant r\u00e9glable en profondeur et hauteur",
        "Volant sport"
    ]
}