{
    "marque": "MERCEDES",
    "modele": "VITO",
    "couleur": "Blanc",
    "kilometrage": "155 145 Km",
    "boite_de_vitesse": "Automatique",
    "annee": "2019",
    "prix_ttc": "25 920 \u20ac",
    "puissance_fiscale": "7 CV",
    "type_vehicule": "Utilitaire",
    "carburant": "Diesel",
    "portes": "1 portes",
    "places": "2 places",
    "ville": "LAGORD (17140)",
    "garantie": "Mercedes-Benz Certified VUL 24 mois",
    "mise_en_circulation": "26/12/2019",
    "reference": "4017-6275-11 (mb17c2)",
    "equipements": [],
    "liste_equipements_serie": [
        "1 Porte lat\u00e9rale coulissante",
        "2 Haut parleurs",
        "ABS",
        "Aide au d\u00e9marrage en c\u00f4te",
        "Aide au freinage d'urgence",
        "Airbag conducteur",
        "Airbag passager",
        "Antid\u00e9marrage \u00e9lectronique",
        "Antipatinage",
        "Arr\u00eat et red\u00e9marrage auto. du moteur",
        "Bacs de portes avant",
        "Blanc Arctique",
        "Boite \u00e0 gants ferm\u00e9e",
        "Capteur de luminosit\u00e9",
        "Ceintures avant ajustables en hauteur",
        "Clim automatique",
        "Cloison pleine",
        "Compte tours",
        "Contr\u00f4le de freinage en courbe",
        "Contr\u00f4le optimal du roulis",
        "Double portes arri\u00e8re de chargement",
        "Ecran multifonction couleur",
        "ESP",
        "Filtre \u00e0 particules",
        "Filtre \u00e0 Pollen",
        "Fonction MP3",
        "Habillage lat\u00e9ral espace de chgt",
        "Kit mains-libres Bluetooth",
        "Lampes de lecture \u00e0 l'arri\u00e8re",
        "Lampes de lecture \u00e0 l'avant",
        "Lecteur carte SD",
        "Limiteur de vitesse",
        "Pare-brise thermique",
        "Paroi s\u00e9paration",
        "Phares halog\u00e8nes",
        "Porte-gobelets avant",
        "Porte lat\u00e9rale arri\u00e8re droite",
        "Prise 12V",
        "Prise iPod",
        "Prise Jack",
        "Prise USB",
        "Radio",
        "R\u00e9gulateur de vitesse",
        "R\u00e9partiteur \u00e9lectronique de freinage",
        "R\u00e9troviseurs \u00e9lectriques",
        "R\u00e9troviseurs \u00e9lectriques d\u00e9givrants",
        "Si\u00e8ge conducteur r\u00e9glable en hauteur",
        "Syst\u00e8me de d\u00e9tection de somnolence",
        "T\u00e9moin de bouclage des ceintures AV",
        "Temp\u00e9rature ext\u00e9rieure",
        "Tissu TUNJA Noir",
        "Verrouillage centralis\u00e9 \u00e0 distance",
        "Verrouillage centralis\u00e9 des portes",
        "Vitrage calorifuge",
        "Vitres teint\u00e9es",
        "Volant r\u00e9glable en profondeur et hauteur",
        "1 Porte lat\u00e9rale coulissante",
        "2 Haut parleurs",
        "ABS",
        "Aide au d\u00e9marrage en c\u00f4te",
        "Aide au freinage d'urgence",
        "Airbag conducteur",
        "Airbag passager",
        "Antid\u00e9marrage \u00e9lectronique",
        "Antipatinage",
        "Arr\u00eat et red\u00e9marrage auto. du moteur",
        "Bacs de portes avant",
        "Blanc Arctique",
        "Boite \u00e0 gants ferm\u00e9e",
        "Capteur de luminosit\u00e9",
        "Ceintures avant ajustables en hauteur",
        "Clim automatique",
        "Cloison pleine",
        "Compte tours",
        "Contr\u00f4le de freinage en courbe",
        "Contr\u00f4le optimal du roulis",
        "Double portes arri\u00e8re de chargement",
        "Ecran multifonction couleur",
        "ESP",
        "Filtre \u00e0 particules",
        "Filtre \u00e0 Pollen",
        "Fonction MP3",
        "Habillage lat\u00e9ral espace de chgt",
        "Kit mains-libres Bluetooth",
        "Lampes de lecture \u00e0 l'arri\u00e8re",
        "Lampes de lecture \u00e0 l'avant",
        "Lecteur carte SD",
        "Limiteur de vitesse",
        "Pare-brise thermique",
        "Paroi s\u00e9paration",
        "Phares halog\u00e8nes",
        "Porte-gobelets avant",
        "Porte lat\u00e9rale arri\u00e8re droite",
        "Prise 12V",
        "Prise iPod",
        "Prise Jack",
        "Prise USB",
        "Radio",
        "R\u00e9gulateur de vitesse",
        "R\u00e9partiteur \u00e9lectronique de freinage",
        "R\u00e9troviseurs \u00e9lectriques",
        "R\u00e9troviseurs \u00e9lectriques d\u00e9givrants",
        "Si\u00e8ge conducteur r\u00e9glable en hauteur",
        "Syst\u00e8me de d\u00e9tection de somnolence",
        "T\u00e9moin de bouclage des ceintures AV",
        "Temp\u00e9rature ext\u00e9rieure",
        "Tissu TUNJA Noir",
        "Verrouillage centralis\u00e9 \u00e0 distance",
        "Verrouillage centralis\u00e9 des portes",
        "Vitrage calorifuge",
        "Vitres teint\u00e9es",
        "Volant r\u00e9glable en profondeur et hauteur"
    ]
}