{
    "marque": "CITROEN",
    "modele": "C3 AIRCROSS",
    "couleur": "Noir",
    "kilometrage": "42 235 Km",
    "boite_de_vitesse": "Manuelle",
    "annee": "2019",
    "prix_ttc": "14 990 \u20ac",
    "puissance_fiscale": "5 CV",
    "type_vehicule": "SUV",
    "carburant": "Essence",
    "portes": "5 portes",
    "places": "5 places",
    "ville": "VERT-SAINT-DENIS (77240)",
    "garantie": "Premium AUTOSPHERE 12 mois",
    "mise_en_circulation": "16/05/2019",
    "reference": "1124-9623-84 (techs)",
    "equipements": [
        "radar_recul",
        "gps",
        "bluetooth",
        "clim_auto",
        "regulateur_vitesse",
        "toit_ouvrant",
        "toit_panoramique",
        "isofix",
        "jantes_alliage",
        "radar_recul",
        "gps",
        "bluetooth",
        "clim_auto",
        "regulateur_vitesse",
        "toit_ouvrant",
        "toit_panoramique",
        "isofix",
        "jantes_alliage"
    ],
    "liste_equipements_serie": [
        "6 Haut parleurs",
        "ABS",
        "AFIL",
        "Aide au d\u00e9marrage en c\u00f4te",
        "Aide au freinage d'urgence",
        "Airbag conducteur",
        "Airbag passager",
        "Airbag passager d\u00e9connectable",
        "Airbags lat\u00e9raux avant",
        "Airbags rideaux",
        "Allumage des phares automatique",
        "Antipatinage",
        "Antipatinage optimis\u00e9 5modes d'adh\u00e9rence",
        "Appel d'Assistance Localis\u00e9",
        "Appel d'Urgence Localis\u00e9",
        "Banquette 1/3-2/3",
        "Barres de toit",
        "Capteur de pluie",
        "Clim automatique bi-zones",
        "Commandes du syst\u00e8me audio au volant",
        "Commandes vocales",
        "D\u00e9tecteur de sous-gonflage",
        "Eclairage statique d'intersection",
        "Ecran tactile",
        "ESP",
        "Feux de freinage d'urgence",
        "Feux de jour \u00e0 LED",
        "Fixation Isofix si\u00e8ge passager avant",
        "Fixations Isofix aux places arri\u00e8res",
        "Follow me home",
        "Fonction MP3",
        "GPS Cartographique",
        "Interface Media",
        "Jantes Alu",
        "Kit mains-libres Bluetooth",
        "Lampes de lecture \u00e0 l'avant",
        "Limiteur de vitesse",
        "Lunette arri\u00e8re surteint\u00e9e",
        "Lunette arri\u00e8re teint\u00e9e",
        "Ordinateur de bord",
        "Pack Color Natural White",
        "Phares antibrouillard",
        "Poign\u00e9es ton carrosserie",
        "Prise 12V",
        "Prise USB",
        "Radar de stationnement AR",
        "Radio",
        "Reconnaissance panneaux de signalisation",
        "R\u00e9gulateur de vitesse",
        "R\u00e9partiteur \u00e9lectronique de freinage",
        "R\u00e9troviseur int\u00e9rieur \u00e9lectrochrome",
        "R\u00e9troviseurs d\u00e9givrants",
        "R\u00e9troviseurs \u00e9lectriques",
        "R\u00e9troviseurs rabattables \u00e9lectriquement",
        "Services connect\u00e9s",
        "Si\u00e8ge conducteur r\u00e9glable en hauteur",
        "Syst\u00e8me d'assistance \u00e0 la descente",
        "Syst\u00e8me de d\u00e9tection de somnolence",
        "T\u00e9moin de bouclage des ceintures AV",
        "Tissu Rip Curl",
        "Toit ouvrant \u00e9lectrique",
        "Toit panoramique en verre",
        "Verrouillage centralis\u00e9 \u00e0 distance",
        "Verrouillage centralis\u00e9 des portes",
        "Vitres arri\u00e8re \u00e9lectriques",
        "Vitres arri\u00e8re surteint\u00e9es",
        "Vitres arri\u00e8re teint\u00e9es",
        "Vitres avant \u00e9lectriques",
        "Volant cuir",
        "Volant r\u00e9glable en profondeur et hauteur",
        "6 Haut parleurs",
        "ABS",
        "AFIL",
        "Aide au d\u00e9marrage en c\u00f4te",
        "Aide au freinage d'urgence",
        "Airbag conducteur",
        "Airbag passager",
        "Airbag passager d\u00e9connectable",
        "Airbags lat\u00e9raux avant",
        "Airbags rideaux",
        "Allumage des phares automatique",
        "Antipatinage",
        "Antipatinage optimis\u00e9 5modes d'adh\u00e9rence",
        "Appel d'Assistance Localis\u00e9",
        "Appel d'Urgence Localis\u00e9",
        "Banquette 1/3-2/3",
        "Barres de toit",
        "Capteur de pluie",
        "Clim automatique bi-zones",
        "Commandes du syst\u00e8me audio au volant",
        "Commandes vocales",
        "D\u00e9tecteur de sous-gonflage",
        "Eclairage statique d'intersection",
        "Ecran tactile",
        "ESP",
        "Feux de freinage d'urgence",
        "Feux de jour \u00e0 LED",
        "Fixation Isofix si\u00e8ge passager avant",
        "Fixations Isofix aux places arri\u00e8res",
        "Follow me home",
        "Fonction MP3",
        "GPS Cartographique",
        "Interface Media",
        "Jantes Alu",
        "Kit mains-libres Bluetooth",
        "Lampes de lecture \u00e0 l'avant",
        "Limiteur de vitesse",
        "Lunette arri\u00e8re surteint\u00e9e",
        "Lunette arri\u00e8re teint\u00e9e",
        "Ordinateur de bord",
        "Pack Color Natural White",
        "Phares antibrouillard",
        "Poign\u00e9es ton carrosserie",
        "Prise 12V",
        "Prise USB",
        "Radar de stationnement AR",
        "Radio",
        "Reconnaissance panneaux de signalisation",
        "R\u00e9gulateur de vitesse",
        "R\u00e9partiteur \u00e9lectronique de freinage",
        "R\u00e9troviseur int\u00e9rieur \u00e9lectrochrome",
        "R\u00e9troviseurs d\u00e9givrants",
        "R\u00e9troviseurs \u00e9lectriques",
        "R\u00e9troviseurs rabattables \u00e9lectriquement",
        "Services connect\u00e9s",
        "Si\u00e8ge conducteur r\u00e9glable en hauteur",
        "Syst\u00e8me d'assistance \u00e0 la descente",
        "Syst\u00e8me de d\u00e9tection de somnolence",
        "T\u00e9moin de bouclage des ceintures AV",
        "Tissu Rip Curl",
        "Toit ouvrant \u00e9lectrique",
        "Toit panoramique en verre",
        "Verrouillage centralis\u00e9 \u00e0 distance",
        "Verrouillage centralis\u00e9 des portes",
        "Vitres arri\u00e8re \u00e9lectriques",
        "Vitres arri\u00e8re surteint\u00e9es",
        "Vitres arri\u00e8re teint\u00e9es",
        "Vitres avant \u00e9lectriques",
        "Volant cuir",
        "Volant r\u00e9glable en profondeur et hauteur"
    ]
}