{
    "marque": "RENAULT",
    "modele": "ZOE",
    "couleur": "Gris",
    "kilometrage": "50 665 Km",
    "boite_de_vitesse": "Automatique",
    "annee": "2019",
    "prix_ttc": "9 999 \u20ac",
    "puissance_fiscale": "1 CV",
    "type_vehicule": "Berline",
    "carburant": "Electrique",
    "portes": "5 portes",
    "places": "5 places",
    "ville": "SEQUEDIN (59320)",
    "garantie": "12 mois pi\u00e8ces et main d'oeuvre",
    "mise_en_circulation": "27/08/2019",
    "reference": "2339-6252-18 (re59c1)",
    "equipements": [],
    "liste_equipements_serie": [
        "4 Haut parleurs",
        "ABS",
        "Aide au d\u00e9marrage en c\u00f4te",
        "Aide au freinage d'urgence",
        "Airbag conducteur",
        "Airbag passager d\u00e9connectable",
        "Airbags anti sous-marinage",
        "Airbags lat\u00e9raux avant",
        "Antid\u00e9marrage \u00e9lectronique",
        "Antipatinage",
        "Bacs de portes avant",
        "Banquette AR rabattable",
        "Banquette arri\u00e8re 3 places",
        "Banquette arri\u00e8re monobloc",
        "Becquet arri\u00e8re",
        "Boite \u00e0 gants ferm\u00e9e",
        "Boucliers AV et AR couleur caisse",
        "Ceintures avant ajustables en hauteur",
        "Chauffage auxiliaire",
        "Clim manuelle",
        "Commande Mode ECO",
        "Contr\u00f4le de freinage en courbe",
        "Contr\u00f4le \u00e9lect. de la pression des pneus",
        "D\u00e9marrage sans cl\u00e9",
        "Direction assist\u00e9e asservie \u00e0 la vitesse",
        "EBD",
        "Ecran multifonction couleur",
        "Enjoliveurs",
        "ESP",
        "Essuie-glace arri\u00e8re",
        "Feux de freinage d'urgence",
        "Feux de jour \u00e0 LED",
        "Filtre \u00e0 Pollen",
        "Fonction MP3",
        "Kit anti-crevaison",
        "Kit Fumeur",
        "Kit mains-libres Bluetooth",
        "Lampes de lecture \u00e0 l'avant",
        "Limiteur de vitesse",
        "Ordinateur de bord",
        "Phares halog\u00e8nes",
        "Poign\u00e9es ton carrosserie",
        "Porte-gobelets arri\u00e8re",
        "Porte-gobelets avant",
        "Pr\u00e9paration Isofix",
        "Prise auxiliaire de connexion audio",
        "Prise Jack",
        "Prise USB",
        "Radio",
        "R\u00e9gulateur de vitesse",
        "R\u00e9p\u00e9titeurs de clignotant dans r\u00e9tro ext",
        "R\u00e9troviseurs d\u00e9givrants",
        "R\u00e9troviseurs \u00e9lectriques",
        "Sellerie Tissu Fortunate Noir",
        "Syst. r\u00e9cup\u00e9ration \u00e9nergie d\u00e9c\u00e9l\u00e9ration",
        "Syst\u00e8me de r\u00e9cup\u00e9ration \u00e9nergie freinage",
        "Tablette cache bagages",
        "Troisi\u00e8me ceinture de s\u00e9curit\u00e9",
        "Verrouillage auto. des portes en roulant",
        "Verrouillage centralis\u00e9 des portes",
        "Vitres avant \u00e9lectriques",
        "Vitres teint\u00e9es",
        "Volant r\u00e9glable en profondeur et hauteur",
        "4 Haut parleurs",
        "ABS",
        "Aide au d\u00e9marrage en c\u00f4te",
        "Aide au freinage d'urgence",
        "Airbag conducteur",
        "Airbag passager d\u00e9connectable",
        "Airbags anti sous-marinage",
        "Airbags lat\u00e9raux avant",
        "Antid\u00e9marrage \u00e9lectronique",
        "Antipatinage",
        "Bacs de portes avant",
        "Banquette AR rabattable",
        "Banquette arri\u00e8re 3 places",
        "Banquette arri\u00e8re monobloc",
        "Becquet arri\u00e8re",
        "Boite \u00e0 gants ferm\u00e9e",
        "Boucliers AV et AR couleur caisse",
        "Ceintures avant ajustables en hauteur",
        "Chauffage auxiliaire",
        "Clim manuelle",
        "Commande Mode ECO",
        "Contr\u00f4le de freinage en courbe",
        "Contr\u00f4le \u00e9lect. de la pression des pneus",
        "D\u00e9marrage sans cl\u00e9",
        "Direction assist\u00e9e asservie \u00e0 la vitesse",
        "EBD",
        "Ecran multifonction couleur",
        "Enjoliveurs",
        "ESP",
        "Essuie-glace arri\u00e8re",
        "Feux de freinage d'urgence",
        "Feux de jour \u00e0 LED",
        "Filtre \u00e0 Pollen",
        "Fonction MP3",
        "Kit anti-crevaison",
        "Kit Fumeur",
        "Kit mains-libres Bluetooth",
        "Lampes de lecture \u00e0 l'avant",
        "Limiteur de vitesse",
        "Ordinateur de bord",
        "Phares halog\u00e8nes",
        "Poign\u00e9es ton carrosserie",
        "Porte-gobelets arri\u00e8re",
        "Porte-gobelets avant",
        "Pr\u00e9paration Isofix",
        "Prise auxiliaire de connexion audio",
        "Prise Jack",
        "Prise USB",
        "Radio",
        "R\u00e9gulateur de vitesse",
        "R\u00e9p\u00e9titeurs de clignotant dans r\u00e9tro ext",
        "R\u00e9troviseurs d\u00e9givrants",
        "R\u00e9troviseurs \u00e9lectriques",
        "Sellerie Tissu Fortunate Noir",
        "Syst. r\u00e9cup\u00e9ration \u00e9nergie d\u00e9c\u00e9l\u00e9ration",
        "Syst\u00e8me de r\u00e9cup\u00e9ration \u00e9nergie freinage",
        "Tablette cache bagages",
        "Troisi\u00e8me ceinture de s\u00e9curit\u00e9",
        "Verrouillage auto. des portes en roulant",
        "Verrouillage centralis\u00e9 des portes",
        "Vitres avant \u00e9lectriques",
        "Vitres teint\u00e9es",
        "Volant r\u00e9glable en profondeur et hauteur"
    ]
}