{
    "marque": "RENAULT",
    "modele": "KANGOO EXPRESS",
    "couleur": "Blanc Min\u00e9ral",
    "kilometrage": "53 620 Km",
    "boite_de_vitesse": "Manuelle",
    "annee": "2020",
    "prix_ttc": "11 990 \u20ac",
    "puissance_fiscale": "5 CV",
    "type_vehicule": "Utilitaire",
    "carburant": "Diesel",
    "portes": "3 portes",
    "places": "2 places",
    "ville": "BESANCON (25000)",
    "garantie": "Garantie CS+ 6 Mois",
    "mise_en_circulation": "21/10/2020",
    "reference": "1322-5107-94 (re25c1)",
    "equipements": [],
    "liste_equipements_serie": [
        "2 Haut parleurs",
        "ABS",
        "Aide au d\u00e9marrage en c\u00f4te",
        "Aide au freinage d'urgence",
        "Airbag conducteur",
        "Antid\u00e9marrage \u00e9lectronique",
        "Antipatinage",
        "Arr\u00eat et red\u00e9marrage auto. du moteur",
        "Bacs de portes avant",
        "Boite \u00e0 gants ferm\u00e9e",
        "Ceintures avant ajustables en hauteur",
        "Clim manuelle",
        "Cloison pleine",
        "Commandes du syst\u00e8me audio au volant",
        "Commandes vocales",
        "Compte tours",
        "Contr\u00f4le de Traction Intelligent",
        "Double portes arri\u00e8re de chargement",
        "EBD",
        "Ecran multifonction couleur",
        "Ecran tactile",
        "ESP",
        "Filtre \u00e0 particules",
        "Filtre \u00e0 Pollen",
        "Fonction MP3",
        "GPS Cartographique",
        "Kit mains-libres Bluetooth",
        "Lampe de coffre",
        "Lampes de lecture \u00e0 l'avant",
        "Lecteur CD",
        "Limiteur de vitesse",
        "Navigateur Internet",
        "Ordinateur de bord",
        "Paroi s\u00e9paration",
        "Phares halog\u00e8nes",
        "Plancher caoutchouc",
        "Porte-gobelets avant",
        "Porte lat\u00e9rale arri\u00e8re droite",
        "Prise 12V",
        "Prise auxiliaire de connexion audio",
        "Prise Jack",
        "Prise USB",
        "Radar de recul",
        "Radio",
        "R\u00e9gulateur de vitesse",
        "R\u00e9troviseurs d\u00e9givrants",
        "R\u00e9troviseurs \u00e9lectriques",
        "Sellerie Drap Tanega Noir",
        "Si\u00e8ge conducteur r\u00e9glable en hauteur",
        "Temp\u00e9rature ext\u00e9rieure",
        "TMC",
        "Verrouillage auto. des portes en roulant",
        "Verrouillage centralis\u00e9 \u00e0 distance",
        "Vitres avant \u00e9lectriques",
        "Vitres teint\u00e9es",
        "Volant r\u00e9glable en hauteur",
        "2 Haut parleurs",
        "ABS",
        "Aide au d\u00e9marrage en c\u00f4te",
        "Aide au freinage d'urgence",
        "Airbag conducteur",
        "Antid\u00e9marrage \u00e9lectronique",
        "Antipatinage",
        "Arr\u00eat et red\u00e9marrage auto. du moteur",
        "Bacs de portes avant",
        "Boite \u00e0 gants ferm\u00e9e",
        "Ceintures avant ajustables en hauteur",
        "Clim manuelle",
        "Cloison pleine",
        "Commandes du syst\u00e8me audio au volant",
        "Commandes vocales",
        "Compte tours",
        "Contr\u00f4le de Traction Intelligent",
        "Double portes arri\u00e8re de chargement",
        "EBD",
        "Ecran multifonction couleur",
        "Ecran tactile",
        "ESP",
        "Filtre \u00e0 particules",
        "Filtre \u00e0 Pollen",
        "Fonction MP3",
        "GPS Cartographique",
        "Kit mains-libres Bluetooth",
        "Lampe de coffre",
        "Lampes de lecture \u00e0 l'avant",
        "Lecteur CD",
        "Limiteur de vitesse",
        "Navigateur Internet",
        "Ordinateur de bord",
        "Paroi s\u00e9paration",
        "Phares halog\u00e8nes",
        "Plancher caoutchouc",
        "Porte-gobelets avant",
        "Porte lat\u00e9rale arri\u00e8re droite",
        "Prise 12V",
        "Prise auxiliaire de connexion audio",
        "Prise Jack",
        "Prise USB",
        "Radar de recul",
        "Radio",
        "R\u00e9gulateur de vitesse",
        "R\u00e9troviseurs d\u00e9givrants",
        "R\u00e9troviseurs \u00e9lectriques",
        "Sellerie Drap Tanega Noir",
        "Si\u00e8ge conducteur r\u00e9glable en hauteur",
        "Temp\u00e9rature ext\u00e9rieure",
        "TMC",
        "Verrouillage auto. des portes en roulant",
        "Verrouillage centralis\u00e9 \u00e0 distance",
        "Vitres avant \u00e9lectriques",
        "Vitres teint\u00e9es",
        "Volant r\u00e9glable en hauteur"
    ]
}