{
    "marque": "CITROEN",
    "modele": "C3",
    "couleur": "Noir Perla Nera (N)",
    "kilometrage": "51 076 Km",
    "boite_de_vitesse": "Manuelle",
    "annee": "2021",
    "prix_ttc": "12 999 \u20ac",
    "puissance_fiscale": "5 CV",
    "type_vehicule": "Berline",
    "carburant": "Diesel",
    "portes": "5 portes",
    "places": "5 places",
    "ville": "CHAMPNIERS (16430)",
    "garantie": "Premium AUTOSPHERE 12 mois",
    "mise_en_circulation": "17/11/2021",
    "reference": "2559-8578-00 (dac)",
    "equipements": [],
    "liste_equipements_serie": [
        "4 Haut parleurs",
        "ABS",
        "AFIL",
        "Aide au d\u00e9marrage en c\u00f4te",
        "Aide au freinage d'urgence",
        "Airbag conducteur",
        "Airbag passager",
        "Airbags lat\u00e9raux avant",
        "Airbags rideaux AV et AR",
        "Banquette 1/3-2/3",
        "Banquette AR rabattable",
        "Banquette arri\u00e8re 3 places",
        "Clim manuelle",
        "D\u00e9tecteur de sous-gonflage",
        "Enjoliveurs",
        "ESP",
        "Feux de jour \u00e0 LED",
        "Fonction MP3",
        "Kit mains-libres Bluetooth",
        "Limiteur de vitesse",
        "Ordinateur de bord",
        "Poign\u00e9es ton carrosserie",
        "Prise USB",
        "Radio num\u00e9rique DAB",
        "Reconnaissance panneaux de signalisation",
        "R\u00e9gulateur de vitesse",
        "R\u00e9partiteur \u00e9lectronique de freinage",
        "R\u00e9troviseurs d\u00e9givrants",
        "R\u00e9troviseurs \u00e9lectriques",
        "Si\u00e8ge conducteur r\u00e9glable en hauteur",
        "T\u00e9moin de bouclage des ceintures AV",
        "Tissu Mica Grey",
        "Verrouillage centralis\u00e9 \u00e0 distance",
        "Verrouillage centralis\u00e9 des portes",
        "Vitres avant \u00e9lectriques",
        "Volant r\u00e9glable en profondeur et hauteur",
        "4 Haut parleurs",
        "ABS",
        "AFIL",
        "Aide au d\u00e9marrage en c\u00f4te",
        "Aide au freinage d'urgence",
        "Airbag conducteur",
        "Airbag passager",
        "Airbags lat\u00e9raux avant",
        "Airbags rideaux AV et AR",
        "Banquette 1/3-2/3",
        "Banquette AR rabattable",
        "Banquette arri\u00e8re 3 places",
        "Clim manuelle",
        "D\u00e9tecteur de sous-gonflage",
        "Enjoliveurs",
        "ESP",
        "Feux de jour \u00e0 LED",
        "Fonction MP3",
        "Kit mains-libres Bluetooth",
        "Limiteur de vitesse",
        "Ordinateur de bord",
        "Poign\u00e9es ton carrosserie",
        "Prise USB",
        "Radio num\u00e9rique DAB",
        "Reconnaissance panneaux de signalisation",
        "R\u00e9gulateur de vitesse",
        "R\u00e9partiteur \u00e9lectronique de freinage",
        "R\u00e9troviseurs d\u00e9givrants",
        "R\u00e9troviseurs \u00e9lectriques",
        "Si\u00e8ge conducteur r\u00e9glable en hauteur",
        "T\u00e9moin de bouclage des ceintures AV",
        "Tissu Mica Grey",
        "Verrouillage centralis\u00e9 \u00e0 distance",
        "Verrouillage centralis\u00e9 des portes",
        "Vitres avant \u00e9lectriques",
        "Volant r\u00e9glable en profondeur et hauteur"
    ]
}