{
    "marque": "PEUGEOT",
    "modele": "208",
    "couleur": "Rouge Rubis",
    "kilometrage": "61 694 Km",
    "boite_de_vitesse": "Manuelle",
    "annee": "2018",
    "prix_ttc": "11 499 \u20ac",
    "puissance_fiscale": "4 CV",
    "type_vehicule": "Berline",
    "carburant": "Essence",
    "portes": "5 portes",
    "places": "5 places",
    "ville": "METZ (57000)",
    "garantie": "12 mois pi\u00e8ces et main d'oeuvre",
    "mise_en_circulation": "04/04/2018",
    "reference": "1306-9852-29 (losa)",
    "equipements": [],
    "liste_equipements_serie": [
        "ABS",
        "Aide au d\u00e9marrage en c\u00f4te",
        "Aide au freinage d'urgence",
        "Airbag conducteur",
        "Airbag passager d\u00e9connectable",
        "Airbags lat\u00e9raux avant",
        "Airbags rideaux AV et AR",
        "Antid\u00e9marrage \u00e9lectronique",
        "Antipatinage",
        "Bacs de portes avant",
        "Banquette 1/3-2/3",
        "Banquette AR rabattable",
        "Banquette arri\u00e8re 3 places",
        "Boite \u00e0 gants ferm\u00e9e",
        "Boucliers AV et AR couleur caisse",
        "Calandre chrom\u00e9e",
        "Ceinture de vitrage chrom\u00e9e",
        "Clim automatique bi-zones",
        "Compte tours",
        "D\u00e9tecteur de sous-gonflage indirect",
        "EBD",
        "Eclairage statique d'intersection",
        "ESP",
        "Essuie-glace arri\u00e8re",
        "Feux arri\u00e8re \u00e0 LED",
        "Feux de freinage d'urgence",
        "Feux de jour \u00e0 LED",
        "Filtre \u00e0 Pollen",
        "Jantes Alu",
        "Kit anti-crevaison",
        "Lampe de coffre",
        "Limiteur de vitesse",
        "Miroir de courtoisie conducteur \u00e9clair\u00e9",
        "Miroir de courtoisie passager \u00e9clair\u00e9",
        "Navigation 3D, fonction Mirror Screen",
        "Ordinateur de bord",
        "Ouverture des vitres s\u00e9quentielle",
        "Pack visibilit\u00e9",
        "Phares additionnels en virage",
        "Phares halog\u00e8nes",
        "Poches d'aumoni\u00e8res",
        "Pr\u00e9paration Isofix",
        "Prise 12V",
        "Proj. antibrouillard avec enj. chrom\u00e9s",
        "Radar de stationnement AR",
        "R\u00e9gulateur de vitesse",
        "R\u00e9p\u00e9titeurs de clignotant dans r\u00e9tro ext",
        "R\u00e9troviseurs d\u00e9givrants",
        "R\u00e9troviseurs \u00e9lectriques",
        "R\u00e9troviseurs rabattables \u00e9lectriquement",
        "Si\u00e8ges avant sport",
        "Si\u00e8ges AV r\u00e9glables en hauteur",
        "Sortie d'\u00e9chappement chrom\u00e9e",
        "Tablette cache bagages",
        "Temp\u00e9rature ext\u00e9rieure",
        "Troisi\u00e8me ceinture de s\u00e9curit\u00e9",
        "Verrouillage auto. des portes en roulant",
        "Verrouillage centralis\u00e9 \u00e0 distance",
        "Vitres arri\u00e8re \u00e9lectriques",
        "Vitres avant \u00e9lectriques",
        "Vitres teint\u00e9es",
        "Volant cuir",
        "Volant r\u00e9glable en profondeur et hauteur",
        "ABS",
        "Aide au d\u00e9marrage en c\u00f4te",
        "Aide au freinage d'urgence",
        "Airbag conducteur",
        "Airbag passager d\u00e9connectable",
        "Airbags lat\u00e9raux avant",
        "Airbags rideaux AV et AR",
        "Antid\u00e9marrage \u00e9lectronique",
        "Antipatinage",
        "Bacs de portes avant",
        "Banquette 1/3-2/3",
        "Banquette AR rabattable",
        "Banquette arri\u00e8re 3 places",
        "Boite \u00e0 gants ferm\u00e9e",
        "Boucliers AV et AR couleur caisse",
        "Calandre chrom\u00e9e",
        "Ceinture de vitrage chrom\u00e9e",
        "Clim automatique bi-zones",
        "Compte tours",
        "D\u00e9tecteur de sous-gonflage indirect",
        "EBD",
        "Eclairage statique d'intersection",
        "ESP",
        "Essuie-glace arri\u00e8re",
        "Feux arri\u00e8re \u00e0 LED",
        "Feux de freinage d'urgence",
        "Feux de jour \u00e0 LED",
        "Filtre \u00e0 Pollen",
        "Jantes Alu",
        "Kit anti-crevaison",
        "Lampe de coffre",
        "Limiteur de vitesse",
        "Miroir de courtoisie conducteur \u00e9clair\u00e9",
        "Miroir de courtoisie passager \u00e9clair\u00e9",
        "Navigation 3D, fonction Mirror Screen",
        "Ordinateur de bord",
        "Ouverture des vitres s\u00e9quentielle",
        "Pack visibilit\u00e9",
        "Phares additionnels en virage",
        "Phares halog\u00e8nes",
        "Poches d'aumoni\u00e8res",
        "Pr\u00e9paration Isofix",
        "Prise 12V",
        "Proj. antibrouillard avec enj. chrom\u00e9s",
        "Radar de stationnement AR",
        "R\u00e9gulateur de vitesse",
        "R\u00e9p\u00e9titeurs de clignotant dans r\u00e9tro ext",
        "R\u00e9troviseurs d\u00e9givrants",
        "R\u00e9troviseurs \u00e9lectriques",
        "R\u00e9troviseurs rabattables \u00e9lectriquement",
        "Si\u00e8ges avant sport",
        "Si\u00e8ges AV r\u00e9glables en hauteur",
        "Sortie d'\u00e9chappement chrom\u00e9e",
        "Tablette cache bagages",
        "Temp\u00e9rature ext\u00e9rieure",
        "Troisi\u00e8me ceinture de s\u00e9curit\u00e9",
        "Verrouillage auto. des portes en roulant",
        "Verrouillage centralis\u00e9 \u00e0 distance",
        "Vitres arri\u00e8re \u00e9lectriques",
        "Vitres avant \u00e9lectriques",
        "Vitres teint\u00e9es",
        "Volant cuir",
        "Volant r\u00e9glable en profondeur et hauteur"
    ]
}