{
    "marque": "PEUGEOT",
    "modele": "2008",
    "couleur": "Orange Fusion (M)",
    "kilometrage": "39 985 Km",
    "boite_de_vitesse": "Automatique",
    "annee": "2020",
    "prix_ttc": "19 999 \u20ac",
    "puissance_fiscale": "4 CV",
    "type_vehicule": "SUV",
    "carburant": "Electrique",
    "portes": "5 portes",
    "places": "5 places",
    "ville": "CHAMBRAY-L\u00c8S-TOURS (37170)",
    "garantie": "Spoticar-Premium 12 Mois",
    "mise_en_circulation": "29/10/2020",
    "reference": "4245-8615-36 (ggt1)",
    "equipements": [],
    "liste_equipements_serie": [
        "6 Haut parleurs",
        "ABS",
        "Aide au d\u00e9marrage en c\u00f4te",
        "Aide au freinage d'urgence",
        "Airbag conducteur",
        "Airbag passager",
        "Airbags lat\u00e9raux avant",
        "Airbags rideaux",
        "Air conditionn\u00e9 automatique monozone",
        "Allumage des phares automatique",
        "Antipatinage",
        "Appui-t\u00eate conducteur r\u00e9glable hauteur",
        "Appui-t\u00eate passager r\u00e9glable en hauteur",
        "Banquette 1/3-2/3",
        "Barres de toit",
        "Becquet arri\u00e8re",
        "C\u00e2ble \u00e9lect., prises T2/EF type Green'up",
        "Capteur de pluie",
        "Ceintures avant ajustables en hauteur",
        "Chargeur embarqu\u00e9 7,4 kW monophas\u00e9",
        "Clim automatique",
        "Connect SOS & Assistance et Teleservices",
        "Contr\u00f4le Dynamique de la Stabilit\u00e9",
        "D\u00e9tecteur de sous-gonflage indirect",
        "ESP",
        "Feux arri\u00e8re \u00e0 LED",
        "Feux de jour \u00e0 LED",
        "Fixations Isofix aux places arri\u00e8res",
        "Follow me home",
        "i-Cockpit 3D  10\"",
        "Jantes Alu",
        "Kit mains-libres Bluetooth",
        "Lampe de coffre",
        "Limiteur de vitesse",
        "Pack Safety Plus",
        "Pare-brise acoustique",
        "Phares avant LED",
        "plancher coffre modulable (en hauteur)",
        "Plancher de coffre mobile",
        "Poches d'aumoni\u00e8res",
        "Poign\u00e9es ton carrosserie",
        "Radio num\u00e9rique DAB",
        "R\u00e9gulateur de vitesse",
        "R\u00e9partiteur \u00e9lectronique de freinage",
        "R\u00e9p\u00e9titeurs de clignotant dans r\u00e9tro ext",
        "R\u00e9tro int. Photo., ext rabat \u00e9lect",
        "R\u00e9troviseur int\u00e9rieur \u00e9lectrochrome",
        "R\u00e9troviseurs d\u00e9givrants",
        "R\u00e9troviseurs \u00e9lectriques",
        "R\u00e9troviseurs rabattables \u00e9lectriquement",
        "Si\u00e8ge conducteur r\u00e9glable en hauteur",
        "Si\u00e8ge passager r\u00e9glable en hauteur",
        "T\u00e9moin de bouclage des ceintures AV",
        "Tri-mati\u00e8re tissuTRAXX / TEP",
        "Verrouillage auto. des portes en roulant",
        "Verrouillage centralis\u00e9 \u00e0 distance",
        "Verrouillage centralis\u00e9 des portes",
        "Visio Park 1",
        "Vitres arri\u00e8re \u00e9lectriques",
        "Vitres arri\u00e8re teint\u00e9es",
        "Vitres avant \u00e9lectriques",
        "Volant multifonction",
        "Volant r\u00e9glable en hauteur",
        "Volant r\u00e9glable en profondeur et hauteur",
        "6 Haut parleurs",
        "ABS",
        "Aide au d\u00e9marrage en c\u00f4te",
        "Aide au freinage d'urgence",
        "Airbag conducteur",
        "Airbag passager",
        "Airbags lat\u00e9raux avant",
        "Airbags rideaux",
        "Air conditionn\u00e9 automatique monozone",
        "Allumage des phares automatique",
        "Antipatinage",
        "Appui-t\u00eate conducteur r\u00e9glable hauteur",
        "Appui-t\u00eate passager r\u00e9glable en hauteur",
        "Banquette 1/3-2/3",
        "Barres de toit",
        "Becquet arri\u00e8re",
        "C\u00e2ble \u00e9lect., prises T2/EF type Green'up",
        "Capteur de pluie",
        "Ceintures avant ajustables en hauteur",
        "Chargeur embarqu\u00e9 7,4 kW monophas\u00e9",
        "Clim automatique",
        "Connect SOS & Assistance et Teleservices",
        "Contr\u00f4le Dynamique de la Stabilit\u00e9",
        "D\u00e9tecteur de sous-gonflage indirect",
        "ESP",
        "Feux arri\u00e8re \u00e0 LED",
        "Feux de jour \u00e0 LED",
        "Fixations Isofix aux places arri\u00e8res",
        "Follow me home",
        "i-Cockpit 3D  10\"",
        "Jantes Alu",
        "Kit mains-libres Bluetooth",
        "Lampe de coffre",
        "Limiteur de vitesse",
        "Pack Safety Plus",
        "Pare-brise acoustique",
        "Phares avant LED",
        "plancher coffre modulable (en hauteur)",
        "Plancher de coffre mobile",
        "Poches d'aumoni\u00e8res",
        "Poign\u00e9es ton carrosserie",
        "Radio num\u00e9rique DAB",
        "R\u00e9gulateur de vitesse",
        "R\u00e9partiteur \u00e9lectronique de freinage",
        "R\u00e9p\u00e9titeurs de clignotant dans r\u00e9tro ext",
        "R\u00e9tro int. Photo., ext rabat \u00e9lect",
        "R\u00e9troviseur int\u00e9rieur \u00e9lectrochrome",
        "R\u00e9troviseurs d\u00e9givrants",
        "R\u00e9troviseurs \u00e9lectriques",
        "R\u00e9troviseurs rabattables \u00e9lectriquement",
        "Si\u00e8ge conducteur r\u00e9glable en hauteur",
        "Si\u00e8ge passager r\u00e9glable en hauteur",
        "T\u00e9moin de bouclage des ceintures AV",
        "Tri-mati\u00e8re tissuTRAXX / TEP",
        "Verrouillage auto. des portes en roulant",
        "Verrouillage centralis\u00e9 \u00e0 distance",
        "Verrouillage centralis\u00e9 des portes",
        "Visio Park 1",
        "Vitres arri\u00e8re \u00e9lectriques",
        "Vitres arri\u00e8re teint\u00e9es",
        "Vitres avant \u00e9lectriques",
        "Volant multifonction",
        "Volant r\u00e9glable en hauteur",
        "Volant r\u00e9glable en profondeur et hauteur"
    ]
}