{
    "marque": "OPEL",
    "modele": "COMBO LIFE",
    "couleur": "Bleu",
    "kilometrage": "118 499 Km",
    "boite_de_vitesse": "Manuelle",
    "annee": "2019",
    "prix_ttc": "13 499 \u20ac",
    "puissance_fiscale": "4 CV",
    "type_vehicule": "Monospace",
    "carburant": "Diesel",
    "portes": "5 portes",
    "places": "5 places",
    "ville": "SOISSONS (02200)",
    "garantie": "12 mois pi\u00e8ces et main d'oeuvre",
    "mise_en_circulation": "06/06/2019",
    "reference": "3077-1873-42 (re02c3)",
    "equipements": [],
    "liste_equipements_serie": [
        "4 Haut parleurs",
        "ABS",
        "AFIL",
        "Aide au d\u00e9marrage en c\u00f4te",
        "Airbag conducteur",
        "Airbag passager",
        "Airbags lat\u00e9raux avant",
        "Airbags rideaux",
        "Antid\u00e9marrage \u00e9lectronique",
        "Bacs de portes avant",
        "Banquette 60/40",
        "Banquette AR rabattable",
        "Boite \u00e0 gants ferm\u00e9e",
        "Clim manuelle",
        "Commandes du syst\u00e8me audio au volant",
        "Compte tours",
        "D\u00e9tecteur de sous-gonflage",
        "Double portes arri\u00e8re de chargement",
        "Ecran multifonction couleur",
        "Enjoliveurs",
        "ESP",
        "Feux de jour",
        "Filtre \u00e0 particules",
        "Filtre \u00e0 Pollen",
        "Freinage automatique d'urgence",
        "Kit mains-libres Bluetooth",
        "Limiteur de vitesse",
        "Ordinateur de bord",
        "Phares halog\u00e8nes",
        "Porte lat\u00e9rale arri\u00e8re droite",
        "Porte lat\u00e9rale arri\u00e8re gauche",
        "Portes arri\u00e8re battantes",
        "Prise USB",
        "Radio",
        "Reconnaissance panneaux de signalisation",
        "R\u00e9gulateur de vitesse",
        "R\u00e9troviseurs d\u00e9givrants",
        "R\u00e9troviseurs \u00e9lectriques",
        "Sellerie Mistral Grey",
        "Syst\u00e8me de d\u00e9tection de somnolence",
        "Syst\u00e8me de pr\u00e9vention des collisions",
        "Verrouillage centralis\u00e9 \u00e0 distance",
        "Verrouillage centralis\u00e9 des portes",
        "Vitres avant \u00e9lectriques",
        "Volant multifonction",
        "4 Haut parleurs",
        "ABS",
        "AFIL",
        "Aide au d\u00e9marrage en c\u00f4te",
        "Airbag conducteur",
        "Airbag passager",
        "Airbags lat\u00e9raux avant",
        "Airbags rideaux",
        "Antid\u00e9marrage \u00e9lectronique",
        "Bacs de portes avant",
        "Banquette 60/40",
        "Banquette AR rabattable",
        "Boite \u00e0 gants ferm\u00e9e",
        "Clim manuelle",
        "Commandes du syst\u00e8me audio au volant",
        "Compte tours",
        "D\u00e9tecteur de sous-gonflage",
        "Double portes arri\u00e8re de chargement",
        "Ecran multifonction couleur",
        "Enjoliveurs",
        "ESP",
        "Feux de jour",
        "Filtre \u00e0 particules",
        "Filtre \u00e0 Pollen",
        "Freinage automatique d'urgence",
        "Kit mains-libres Bluetooth",
        "Limiteur de vitesse",
        "Ordinateur de bord",
        "Phares halog\u00e8nes",
        "Porte lat\u00e9rale arri\u00e8re droite",
        "Porte lat\u00e9rale arri\u00e8re gauche",
        "Portes arri\u00e8re battantes",
        "Prise USB",
        "Radio",
        "Reconnaissance panneaux de signalisation",
        "R\u00e9gulateur de vitesse",
        "R\u00e9troviseurs d\u00e9givrants",
        "R\u00e9troviseurs \u00e9lectriques",
        "Sellerie Mistral Grey",
        "Syst\u00e8me de d\u00e9tection de somnolence",
        "Syst\u00e8me de pr\u00e9vention des collisions",
        "Verrouillage centralis\u00e9 \u00e0 distance",
        "Verrouillage centralis\u00e9 des portes",
        "Vitres avant \u00e9lectriques",
        "Volant multifonction"
    ]
}