{
    "marque": "PEUGEOT",
    "modele": "2008",
    "couleur": "Gris Artense",
    "kilometrage": "66 603 Km",
    "boite_de_vitesse": "Manuelle",
    "annee": "2017",
    "prix_ttc": "12 490 \u20ac",
    "puissance_fiscale": "5 CV",
    "type_vehicule": "SUV",
    "carburant": "Essence",
    "portes": "5 portes",
    "places": "5 places",
    "ville": "LOISON-SOUS-LENS (62218)",
    "garantie": "Garantie OR 12 mois",
    "mise_en_circulation": "20/02/2017",
    "reference": "5985-5234-70 (re62c10)",
    "equipements": [],
    "liste_equipements_serie": [
        "ABS",
        "Aide au d\u00e9marrage en c\u00f4te",
        "Aide au freinage d'urgence",
        "Airbag conducteur",
        "Airbag passager",
        "Airbag passager d\u00e9connectable",
        "Airbags lat\u00e9raux avant",
        "Airbags rideaux AV et AR",
        "Antid\u00e9marrage \u00e9lectronique",
        "Antipatinage",
        "Banquette 1/3-2/3",
        "Banquette AR rabattable",
        "Barres de toit",
        "Boite \u00e0 gants ferm\u00e9e",
        "Boucliers AV et AR couleur caisse",
        "Climatisation manuelle",
        "Compte tours",
        "D\u00e9tecteur de sous-gonflage",
        "Direction \u00e9lectrique assistance variable",
        "EBD",
        "Ecran multifonction couleur",
        "Enjoliveurs",
        "ESP",
        "Essuie-glace arri\u00e8re",
        "Feux arri\u00e8re \u00e0 LED",
        "Feux de freinage d'urgence",
        "Feux de position \u00e0 LED",
        "Filtre \u00e0 Pollen",
        "Fixations Isofix aux places arri\u00e8res",
        "Kit de d\u00e9pannage pneumatique",
        "Limiteur de vitesse",
        "Lunette et vitres arri\u00e8re surteint\u00e9es",
        "Miroir de courtoisie conducteur",
        "Miroir de courtoisie passager",
        "Ordinateur de bord",
        "Ouverture des vitres s\u00e9quentielle",
        "Pack Urbain",
        "Peugeot i-Cockpit",
        "Phares antibrouillard",
        "Phares halog\u00e8nes",
        "Prise 12V",
        "R\u00e9gulateur de vitesse",
        "R\u00e9p\u00e9titeurs de clignotant dans r\u00e9tro ext",
        "R\u00e9troviseurs d\u00e9givrants",
        "R\u00e9troviseurs \u00e9lectriques",
        "Si\u00e8ge conducteur r\u00e9glable en hauteur",
        "Tablette cache bagages",
        "Temp\u00e9rature ext\u00e9rieure",
        "Troisi\u00e8me ceinture de s\u00e9curit\u00e9",
        "Verrouillage auto. des portes en roulant",
        "Verrouillage centralis\u00e9 \u00e0 distance",
        "Vitres avant \u00e9lectriques",
        "Vitres teint\u00e9es",
        "Volant multifonction",
        "Volant r\u00e9glable en profondeur et hauteur",
        "ABS",
        "Aide au d\u00e9marrage en c\u00f4te",
        "Aide au freinage d'urgence",
        "Airbag conducteur",
        "Airbag passager",
        "Airbag passager d\u00e9connectable",
        "Airbags lat\u00e9raux avant",
        "Airbags rideaux AV et AR",
        "Antid\u00e9marrage \u00e9lectronique",
        "Antipatinage",
        "Banquette 1/3-2/3",
        "Banquette AR rabattable",
        "Barres de toit",
        "Boite \u00e0 gants ferm\u00e9e",
        "Boucliers AV et AR couleur caisse",
        "Climatisation manuelle",
        "Compte tours",
        "D\u00e9tecteur de sous-gonflage",
        "Direction \u00e9lectrique assistance variable",
        "EBD",
        "Ecran multifonction couleur",
        "Enjoliveurs",
        "ESP",
        "Essuie-glace arri\u00e8re",
        "Feux arri\u00e8re \u00e0 LED",
        "Feux de freinage d'urgence",
        "Feux de position \u00e0 LED",
        "Filtre \u00e0 Pollen",
        "Fixations Isofix aux places arri\u00e8res",
        "Kit de d\u00e9pannage pneumatique",
        "Limiteur de vitesse",
        "Lunette et vitres arri\u00e8re surteint\u00e9es",
        "Miroir de courtoisie conducteur",
        "Miroir de courtoisie passager",
        "Ordinateur de bord",
        "Ouverture des vitres s\u00e9quentielle",
        "Pack Urbain",
        "Peugeot i-Cockpit",
        "Phares antibrouillard",
        "Phares halog\u00e8nes",
        "Prise 12V",
        "R\u00e9gulateur de vitesse",
        "R\u00e9p\u00e9titeurs de clignotant dans r\u00e9tro ext",
        "R\u00e9troviseurs d\u00e9givrants",
        "R\u00e9troviseurs \u00e9lectriques",
        "Si\u00e8ge conducteur r\u00e9glable en hauteur",
        "Tablette cache bagages",
        "Temp\u00e9rature ext\u00e9rieure",
        "Troisi\u00e8me ceinture de s\u00e9curit\u00e9",
        "Verrouillage auto. des portes en roulant",
        "Verrouillage centralis\u00e9 \u00e0 distance",
        "Vitres avant \u00e9lectriques",
        "Vitres teint\u00e9es",
        "Volant multifonction",
        "Volant r\u00e9glable en profondeur et hauteur"
    ]
}