{
    "marque": "FORD",
    "modele": "KA",
    "couleur": "Gris",
    "kilometrage": "33 877 Km",
    "boite_de_vitesse": "Manuelle",
    "annee": "2016",
    "prix_ttc": "8 499 \u20ac",
    "puissance_fiscale": "4 CV",
    "type_vehicule": "Berline",
    "carburant": "Essence",
    "portes": "3 portes",
    "places": "4 places",
    "ville": "SOISSONS (02200)",
    "garantie": "12 mois pi\u00e8ces et main d'oeuvre",
    "mise_en_circulation": "28/04/2016",
    "reference": "1765-0122-64 (re02c3)",
    "equipements": [],
    "liste_equipements_serie": [
        "4 Haut parleurs",
        "ABS",
        "Aide au d\u00e9marrage en c\u00f4te",
        "Aide au freinage d'urgence",
        "Airbag conducteur",
        "Airbag passager d\u00e9connectable",
        "Airbags lat\u00e9raux avant",
        "Antid\u00e9marrage \u00e9lectronique",
        "Arr\u00eat et red\u00e9marrage auto. du moteur",
        "Bacs de portes avant",
        "Banquette 2 places",
        "Banquette 50/50",
        "Banquette AR rabattable",
        "Boite \u00e0 gants ferm\u00e9e",
        "Boucliers AV et AR couleur caisse",
        "Ceintures avant ajustables en hauteur",
        "Clim manuelle",
        "Compte tours",
        "D\u00e9tecteur de sous-gonflage",
        "EBD",
        "ESP",
        "Essuie-glace arri\u00e8re",
        "Feux de freinage d'urgence",
        "Filtre \u00e0 Pollen",
        "Fonction MP3",
        "Lampe de coffre",
        "Lampes de lecture \u00e0 l'avant",
        "Lecteur CD",
        "Miroir de courtoisie conducteur",
        "Miroir de courtoisie passager",
        "Ordinateur de bord",
        "Phares antibrouillard",
        "Phares halog\u00e8nes",
        "Poches d'aumoni\u00e8res",
        "Porte-gobelets avant",
        "Pr\u00e9paration Isofix",
        "Prise 12V",
        "Prise auxiliaire de connexion audio",
        "Prise Jack",
        "Radio",
        "R\u00e9troviseurs d\u00e9givrants",
        "R\u00e9troviseurs \u00e9lectriques",
        "Sellerie tissu",
        "Si\u00e8ge conducteur r\u00e9glable en hauteur",
        "Syst\u00e8me facilitant l'acc\u00e8s aux places AR",
        "Tablette cache bagages",
        "Temp\u00e9rature ext\u00e9rieure",
        "Verrouillage centralis\u00e9 \u00e0 distance",
        "Vitres arri\u00e8re et lunette AR surteint\u00e9es",
        "Vitres avant \u00e9lectriques",
        "Vitres teint\u00e9es",
        "Volant r\u00e9glable en hauteur",
        "4 Haut parleurs",
        "ABS",
        "Aide au d\u00e9marrage en c\u00f4te",
        "Aide au freinage d'urgence",
        "Airbag conducteur",
        "Airbag passager d\u00e9connectable",
        "Airbags lat\u00e9raux avant",
        "Antid\u00e9marrage \u00e9lectronique",
        "Arr\u00eat et red\u00e9marrage auto. du moteur",
        "Bacs de portes avant",
        "Banquette 2 places",
        "Banquette 50/50",
        "Banquette AR rabattable",
        "Boite \u00e0 gants ferm\u00e9e",
        "Boucliers AV et AR couleur caisse",
        "Ceintures avant ajustables en hauteur",
        "Clim manuelle",
        "Compte tours",
        "D\u00e9tecteur de sous-gonflage",
        "EBD",
        "ESP",
        "Essuie-glace arri\u00e8re",
        "Feux de freinage d'urgence",
        "Filtre \u00e0 Pollen",
        "Fonction MP3",
        "Lampe de coffre",
        "Lampes de lecture \u00e0 l'avant",
        "Lecteur CD",
        "Miroir de courtoisie conducteur",
        "Miroir de courtoisie passager",
        "Ordinateur de bord",
        "Phares antibrouillard",
        "Phares halog\u00e8nes",
        "Poches d'aumoni\u00e8res",
        "Porte-gobelets avant",
        "Pr\u00e9paration Isofix",
        "Prise 12V",
        "Prise auxiliaire de connexion audio",
        "Prise Jack",
        "Radio",
        "R\u00e9troviseurs d\u00e9givrants",
        "R\u00e9troviseurs \u00e9lectriques",
        "Sellerie tissu",
        "Si\u00e8ge conducteur r\u00e9glable en hauteur",
        "Syst\u00e8me facilitant l'acc\u00e8s aux places AR",
        "Tablette cache bagages",
        "Temp\u00e9rature ext\u00e9rieure",
        "Verrouillage centralis\u00e9 \u00e0 distance",
        "Vitres arri\u00e8re et lunette AR surteint\u00e9es",
        "Vitres avant \u00e9lectriques",
        "Vitres teint\u00e9es",
        "Volant r\u00e9glable en hauteur"
    ]
}