{
    "marque": "PEUGEOT",
    "modele": "208",
    "couleur": "Blanc Banquise (O)",
    "kilometrage": "15 554 Km",
    "boite_de_vitesse": "Manuelle",
    "annee": "2022",
    "prix_ttc": "16 999 \u20ac",
    "puissance_fiscale": "5 CV",
    "type_vehicule": "Berline",
    "carburant": "Essence",
    "portes": "5 portes",
    "places": "5 places",
    "ville": "BASSUSSARRY (64200)",
    "garantie": "Spoticar-Premium 12 Mois",
    "mise_en_circulation": "17/06/2022",
    "reference": "4341-7038-70 (ggga)",
    "equipements": [],
    "liste_equipements_serie": [
        "6 Haut parleurs",
        "ABS",
        "Affichage t\u00eate haute",
        "AFIL",
        "Aide au d\u00e9marrage en c\u00f4te",
        "Aide au freinage d'urgence",
        "Airbag conducteur",
        "Airbag passager",
        "Airbag passager d\u00e9connectable",
        "Airbags lat\u00e9raux avant",
        "Airbags rideaux AV et AR",
        "Allumage des phares automatique",
        "Antid\u00e9marrage \u00e9lectronique",
        "Antipatinage",
        "Arr\u00eat et red\u00e9marrage auto. du moteur",
        "Bacs de portes avant",
        "Banquette 1/3-2/3",
        "Banquette AR rabattable",
        "Banquette arri\u00e8re 3 places",
        "Boite \u00e0 gants ferm\u00e9e",
        "Clim manuelle",
        "Commandes du syst\u00e8me audio au volant",
        "Commandes vocales",
        "Compte tours",
        "D\u00e9tecteur de sous-gonflage indirect",
        "Ecran couleur",
        "Ecran multifonction couleur",
        "Ecran tactile",
        "Enjoliveurs",
        "ESP",
        "Essuie-glace arri\u00e8re",
        "Feux de freinage d'urgence",
        "Filtre \u00e0 Pollen",
        "Fixations Isofix aux places arri\u00e8res",
        "Freinage automatique d'urgence",
        "GPS Cartographique",
        "Interface Media",
        "Jaune Faro (M)",
        "Kit de d\u00e9pannage pneumatique",
        "Kit mains-libres Bluetooth",
        "Lampe de coffre",
        "Limiteur de vitesse",
        "Lunette arri\u00e8re teint\u00e9e",
        "Nav. 3D Connect\u00e9e \u00e9cran tactile 7\"",
        "Ordinateur de bord",
        "Ouverture des vitres s\u00e9quentielle",
        "Pare-brise acoustique",
        "Phares halog\u00e8nes",
        "Poches d'aumoni\u00e8res",
        "Prise USB",
        "Radar de stationnement AR",
        "Radio num\u00e9rique DAB",
        "Reconnaissance panneaux de signalisation",
        "R\u00e9gulateur de vitesse",
        "R\u00e9troviseurs d\u00e9givrants",
        "R\u00e9troviseurs \u00e9lectriques",
        "Roue de secours galette",
        "Services connect\u00e9s",
        "Si\u00e8ge conducteur r\u00e9glable en hauteur",
        "Syst\u00e8me de d\u00e9tection de somnolence",
        "Syst\u00e8me de pr\u00e9vention des collisions",
        "Syst\u00e8me de pr\u00e9vention des \u00e9carts",
        "Tablette cache bagages",
        "Temp\u00e9rature ext\u00e9rieure",
        "Troisi\u00e8me ceinture de s\u00e9curit\u00e9",
        "Verrouillage auto. des portes en roulant",
        "Verrouillage centralis\u00e9 \u00e0 distance",
        "Verrouillage centralis\u00e9 des portes",
        "Vitres arri\u00e8re teint\u00e9es",
        "Vitres avant \u00e9lectriques",
        "Vitres teint\u00e9es",
        "Volant r\u00e9glable en profondeur et hauteur",
        "6 Haut parleurs",
        "ABS",
        "Affichage t\u00eate haute",
        "AFIL",
        "Aide au d\u00e9marrage en c\u00f4te",
        "Aide au freinage d'urgence",
        "Airbag conducteur",
        "Airbag passager",
        "Airbag passager d\u00e9connectable",
        "Airbags lat\u00e9raux avant",
        "Airbags rideaux AV et AR",
        "Allumage des phares automatique",
        "Antid\u00e9marrage \u00e9lectronique",
        "Antipatinage",
        "Arr\u00eat et red\u00e9marrage auto. du moteur",
        "Bacs de portes avant",
        "Banquette 1/3-2/3",
        "Banquette AR rabattable",
        "Banquette arri\u00e8re 3 places",
        "Boite \u00e0 gants ferm\u00e9e",
        "Clim manuelle",
        "Commandes du syst\u00e8me audio au volant",
        "Commandes vocales",
        "Compte tours",
        "D\u00e9tecteur de sous-gonflage indirect",
        "Ecran couleur",
        "Ecran multifonction couleur",
        "Ecran tactile",
        "Enjoliveurs",
        "ESP",
        "Essuie-glace arri\u00e8re",
        "Feux de freinage d'urgence",
        "Filtre \u00e0 Pollen",
        "Fixations Isofix aux places arri\u00e8res",
        "Freinage automatique d'urgence",
        "GPS Cartographique",
        "Interface Media",
        "Jaune Faro (M)",
        "Kit de d\u00e9pannage pneumatique",
        "Kit mains-libres Bluetooth",
        "Lampe de coffre",
        "Limiteur de vitesse",
        "Lunette arri\u00e8re teint\u00e9e",
        "Nav. 3D Connect\u00e9e \u00e9cran tactile 7\"",
        "Ordinateur de bord",
        "Ouverture des vitres s\u00e9quentielle",
        "Pare-brise acoustique",
        "Phares halog\u00e8nes",
        "Poches d'aumoni\u00e8res",
        "Prise USB",
        "Radar de stationnement AR",
        "Radio num\u00e9rique DAB",
        "Reconnaissance panneaux de signalisation",
        "R\u00e9gulateur de vitesse",
        "R\u00e9troviseurs d\u00e9givrants",
        "R\u00e9troviseurs \u00e9lectriques",
        "Roue de secours galette",
        "Services connect\u00e9s",
        "Si\u00e8ge conducteur r\u00e9glable en hauteur",
        "Syst\u00e8me de d\u00e9tection de somnolence",
        "Syst\u00e8me de pr\u00e9vention des collisions",
        "Syst\u00e8me de pr\u00e9vention des \u00e9carts",
        "Tablette cache bagages",
        "Temp\u00e9rature ext\u00e9rieure",
        "Troisi\u00e8me ceinture de s\u00e9curit\u00e9",
        "Verrouillage auto. des portes en roulant",
        "Verrouillage centralis\u00e9 \u00e0 distance",
        "Verrouillage centralis\u00e9 des portes",
        "Vitres arri\u00e8re teint\u00e9es",
        "Vitres avant \u00e9lectriques",
        "Vitres teint\u00e9es",
        "Volant r\u00e9glable en profondeur et hauteur"
    ]
}