{
    "marque": "RENAULT",
    "modele": "MASTER",
    "couleur": "Blanc Min\u00e9ral",
    "kilometrage": "100 Km",
    "boite_de_vitesse": "Manuelle",
    "annee": "2023",
    "prix_ttc": "46 999 \u20ac",
    "puissance_fiscale": "8 CV",
    "type_vehicule": "Utilitaire",
    "carburant": "Diesel",
    "portes": "2 portes",
    "places": "3 places",
    "ville": "METZ (57000)",
    "garantie": "12 mois pi\u00e8ces et main d'oeuvre",
    "mise_en_circulation": "27/12/2023",
    "reference": "3509-4307-03 (losa)",
    "equipements": [],
    "liste_equipements_serie": [
        "ABS",
        "Aide au d\u00e9marrage en c\u00f4te",
        "Aide au freinage d'urgence",
        "Airbag conducteur",
        "Antid\u00e9marrage \u00e9lectronique",
        "Arr\u00eat et red\u00e9marrage auto. du moteur",
        "Assistance de maintien de trajectoire",
        "Bacs de portes avant",
        "Banquette AV 2 places monobloc",
        "Capteur de luminosit\u00e9",
        "Capteur de pluie",
        "Clim manuelle",
        "Cloison vitr\u00e9e",
        "Contr\u00f4le de Traction Intelligent",
        "Enjoliveurs",
        "ESP",
        "Feux de jour \u00e0 LED",
        "Filtre \u00e0 particules",
        "Filtre \u00e0 Pollen",
        "Habillage lat\u00e9ral espace de chgt",
        "Kit mains-libres Bluetooth",
        "Limiteur de vitesse",
        "Lunette arri\u00e8re",
        "Ouverture des vitres s\u00e9quentielle",
        "Phares halog\u00e8nes",
        "Prise USB",
        "Radio",
        "Radio num\u00e9rique DAB",
        "R\u00e9gulateur de vitesse",
        "R\u00e9troviseurs d\u00e9givrants",
        "R\u00e9troviseurs \u00e9lectriques",
        "Si\u00e8ge conducteur avec r\u00e9glage lombaire",
        "T\u00e9moin de bouclage des ceintures AV",
        "Tissu",
        "Tissu Kaleido Carbone Fonc\u00e9",
        "Verrouillage centralis\u00e9 \u00e0 distance",
        "Verrouillage centralis\u00e9 des portes",
        "Vitres avant \u00e9lectriques",
        "ABS",
        "Aide au d\u00e9marrage en c\u00f4te",
        "Aide au freinage d'urgence",
        "Airbag conducteur",
        "Antid\u00e9marrage \u00e9lectronique",
        "Arr\u00eat et red\u00e9marrage auto. du moteur",
        "Assistance de maintien de trajectoire",
        "Bacs de portes avant",
        "Banquette AV 2 places monobloc",
        "Capteur de luminosit\u00e9",
        "Capteur de pluie",
        "Clim manuelle",
        "Cloison vitr\u00e9e",
        "Contr\u00f4le de Traction Intelligent",
        "Enjoliveurs",
        "ESP",
        "Feux de jour \u00e0 LED",
        "Filtre \u00e0 particules",
        "Filtre \u00e0 Pollen",
        "Habillage lat\u00e9ral espace de chgt",
        "Kit mains-libres Bluetooth",
        "Limiteur de vitesse",
        "Lunette arri\u00e8re",
        "Ouverture des vitres s\u00e9quentielle",
        "Phares halog\u00e8nes",
        "Prise USB",
        "Radio",
        "Radio num\u00e9rique DAB",
        "R\u00e9gulateur de vitesse",
        "R\u00e9troviseurs d\u00e9givrants",
        "R\u00e9troviseurs \u00e9lectriques",
        "Si\u00e8ge conducteur avec r\u00e9glage lombaire",
        "T\u00e9moin de bouclage des ceintures AV",
        "Tissu",
        "Tissu Kaleido Carbone Fonc\u00e9",
        "Verrouillage centralis\u00e9 \u00e0 distance",
        "Verrouillage centralis\u00e9 des portes",
        "Vitres avant \u00e9lectriques"
    ]
}