{
    "marque": "RENAULT",
    "modele": "MEGANE",
    "couleur": "Blanc",
    "kilometrage": "18 120 Km",
    "boite_de_vitesse": "Automatique",
    "annee": "2023",
    "prix_ttc": "24 990 \u20ac",
    "puissance_fiscale": "6 CV",
    "type_vehicule": "Berline",
    "carburant": "Diesel",
    "portes": "5 portes",
    "places": "5 places",
    "ville": "CHAUNY (02300)",
    "garantie": "12 mois pi\u00e8ces et main d'oeuvre",
    "mise_en_circulation": "23/02/2023",
    "reference": "3308-4258-62 (re02c1)",
    "equipements": [
        "cam_recul",
        "radar_recul",
        "gps",
        "bluetooth",
        "clim_auto",
        "regulateur_vitesse",
        "feux_led",
        "isofix",
        "jantes_alliage",
        "cam_recul",
        "radar_recul",
        "gps",
        "bluetooth",
        "clim_auto",
        "regulateur_vitesse",
        "feux_led",
        "isofix",
        "jantes_alliage"
    ],
    "liste_equipements_serie": [
        "ABS",
        "Accoudoir central AV avec rangement",
        "Aide au d\u00e9marrage en c\u00f4te",
        "Aide au freinage d'urgence",
        "Airbag conducteur",
        "Airbag passager",
        "Airbag passager d\u00e9connectable",
        "Airbags lat\u00e9raux avant",
        "Airbags rideaux",
        "Airbags rideaux AR",
        "Antid\u00e9marrage \u00e9lectronique",
        "Antipatinage",
        "Appel d'Urgence Localis\u00e9",
        "Appui-t\u00eate conducteur r\u00e9glable hauteur",
        "Appui-t\u00eate passager r\u00e9glable en hauteur",
        "Arr\u00eat et red\u00e9marrage auto. du moteur",
        "Assistance de maintient de trajectoire",
        "Bacs de portes arri\u00e8re",
        "Bacs de portes avant",
        "Banquette 1/3-2/3",
        "Banquette AR rabattable",
        "Banquette arri\u00e8re 3 places",
        "Blanc Glacier",
        "Boite \u00e0 gants ferm\u00e9e",
        "Boucliers AV et AR couleur caisse",
        "Cam\u00e9ra de recul",
        "Capteur de luminosit\u00e9",
        "Capteur de pluie",
        "Ceinture de vitrage chrom\u00e9e",
        "Ceintures avant ajustables en hauteur",
        "Clim automatique bi-zones",
        "Commande du comportement dynamique",
        "Commande Mode ECO",
        "Commandes du syst\u00e8me audio au volant",
        "Commandes vocales",
        "Compte tours",
        "Contr\u00f4le de freinage en courbe",
        "Contr\u00f4le \u00e9lect. de la pression des pneus",
        "D\u00e9marrage sans cl\u00e9",
        "Direction assist\u00e9e \u00e9lectrique",
        "EBD",
        "Eclairage au sol",
        "Eclairage d'ambiance",
        "Ecran multifonction couleur",
        "Ecran tactile",
        "ESP",
        "Essuie-glace arri\u00e8re",
        "Feux arri\u00e8re \u00e0 LED",
        "Feux de jour \u00e0 LED",
        "Feux de route automatiques",
        "Filtre \u00e0 particules",
        "Filtre \u00e0 Pollen",
        "Fixations Isofix aux places arri\u00e8res",
        "Fonction MP3",
        "Freinage automatique d'urgence",
        "GPS Cartographique",
        "Indicateur de limitation de vitesse",
        "Interface Media",
        "Jantes Alu",
        "Kit mains-libres Bluetooth",
        "Lampe de coffre",
        "Lampes de lecture \u00e0 l'avant",
        "Limiteur de vitesse",
        "Lunette AR d\u00e9givrante",
        "Lunette arri\u00e8re surteint\u00e9e",
        "Miroir de courtoisie conducteur \u00e9clair\u00e9",
        "Miroir de courtoisie passager \u00e9clair\u00e9",
        "Mixte similicuir/tissu noir",
        "Ouverture des vitres s\u00e9quentielle",
        "Phares antibrouillard",
        "Phares avant LED",
        "Plafonnier central AV et AR \u00e0 LED",
        "Poches d'aumoni\u00e8res",
        "Poign\u00e9es ton carrosserie",
        "Prise 12V",
        "Prise auxiliaire de connexion audio",
        "Prise USB",
        "Radar de distance",
        "Radar de stationnement AR",
        "Radar de stationnement AV",
        "Radio",
        "Radio num\u00e9rique DAB",
        "Reconnaissance panneaux de signalisation",
        "R\u00e9gulateur de vitesse",
        "R\u00e9p\u00e9titeurs de clignotant dans r\u00e9tro ext",
        "R\u00e9troviseur int\u00e9rieur \u00e9lectrochrome",
        "R\u00e9troviseurs d\u00e9givrants",
        "R\u00e9troviseurs \u00e9lectriques",
        "R\u00e9troviseurs rabattables \u00e9lectriquement",
        "Services connect\u00e9s",
        "Si\u00e8ge conducteur avec r\u00e9glage lombaire",
        "Si\u00e8ge conducteur r\u00e9glable en hauteur",
        "Si\u00e8ge passager r\u00e9glable en hauteur",
        "Sortie d'\u00e9chappement chrom\u00e9e",
        "Syst\u00e8me d'acc\u00e8s sans cl\u00e9",
        "Syst\u00e8me d'\u00e9clairage intelligent",
        "Syst\u00e8me de d\u00e9tection de somnolence",
        "Syst\u00e8me de maintien du v\u00e9hicule en c\u00f4te",
        "Syst\u00e8me de r\u00e9cup\u00e9ration \u00e9nergie freinage",
        "T\u00e9moin de bouclage ceinture conducteur",
        "TMC",
        "Troisi\u00e8me ceinture de s\u00e9curit\u00e9",
        "Verrouillage auto. des portes en roulant",
        "Verrouillage centralis\u00e9 \u00e0 distance",
        "Vitres arri\u00e8re \u00e9lectriques",
        "Vitres arri\u00e8re surteint\u00e9es",
        "Vitres avant \u00e9lectriques",
        "Vitres teint\u00e9es",
        "Volant multifonction",
        "Volant r\u00e9glable en profondeur et hauteur",
        "ABS",
        "Accoudoir central AV avec rangement",
        "Aide au d\u00e9marrage en c\u00f4te",
        "Aide au freinage d'urgence",
        "Airbag conducteur",
        "Airbag passager",
        "Airbag passager d\u00e9connectable",
        "Airbags lat\u00e9raux avant",
        "Airbags rideaux",
        "Airbags rideaux AR",
        "Antid\u00e9marrage \u00e9lectronique",
        "Antipatinage",
        "Appel d'Urgence Localis\u00e9",
        "Appui-t\u00eate conducteur r\u00e9glable hauteur",
        "Appui-t\u00eate passager r\u00e9glable en hauteur",
        "Arr\u00eat et red\u00e9marrage auto. du moteur",
        "Assistance de maintient de trajectoire",
        "Bacs de portes arri\u00e8re",
        "Bacs de portes avant",
        "Banquette 1/3-2/3",
        "Banquette AR rabattable",
        "Banquette arri\u00e8re 3 places",
        "Blanc Glacier",
        "Boite \u00e0 gants ferm\u00e9e",
        "Boucliers AV et AR couleur caisse",
        "Cam\u00e9ra de recul",
        "Capteur de luminosit\u00e9",
        "Capteur de pluie",
        "Ceinture de vitrage chrom\u00e9e",
        "Ceintures avant ajustables en hauteur",
        "Clim automatique bi-zones",
        "Commande du comportement dynamique",
        "Commande Mode ECO",
        "Commandes du syst\u00e8me audio au volant",
        "Commandes vocales",
        "Compte tours",
        "Contr\u00f4le de freinage en courbe",
        "Contr\u00f4le \u00e9lect. de la pression des pneus",
        "D\u00e9marrage sans cl\u00e9",
        "Direction assist\u00e9e \u00e9lectrique",
        "EBD",
        "Eclairage au sol",
        "Eclairage d'ambiance",
        "Ecran multifonction couleur",
        "Ecran tactile",
        "ESP",
        "Essuie-glace arri\u00e8re",
        "Feux arri\u00e8re \u00e0 LED",
        "Feux de jour \u00e0 LED",
        "Feux de route automatiques",
        "Filtre \u00e0 particules",
        "Filtre \u00e0 Pollen",
        "Fixations Isofix aux places arri\u00e8res",
        "Fonction MP3",
        "Freinage automatique d'urgence",
        "GPS Cartographique",
        "Indicateur de limitation de vitesse",
        "Interface Media",
        "Jantes Alu",
        "Kit mains-libres Bluetooth",
        "Lampe de coffre",
        "Lampes de lecture \u00e0 l'avant",
        "Limiteur de vitesse",
        "Lunette AR d\u00e9givrante",
        "Lunette arri\u00e8re surteint\u00e9e",
        "Miroir de courtoisie conducteur \u00e9clair\u00e9",
        "Miroir de courtoisie passager \u00e9clair\u00e9",
        "Mixte similicuir/tissu noir",
        "Ouverture des vitres s\u00e9quentielle",
        "Phares antibrouillard",
        "Phares avant LED",
        "Plafonnier central AV et AR \u00e0 LED",
        "Poches d'aumoni\u00e8res",
        "Poign\u00e9es ton carrosserie",
        "Prise 12V",
        "Prise auxiliaire de connexion audio",
        "Prise USB",
        "Radar de distance",
        "Radar de stationnement AR",
        "Radar de stationnement AV",
        "Radio",
        "Radio num\u00e9rique DAB",
        "Reconnaissance panneaux de signalisation",
        "R\u00e9gulateur de vitesse",
        "R\u00e9p\u00e9titeurs de clignotant dans r\u00e9tro ext",
        "R\u00e9troviseur int\u00e9rieur \u00e9lectrochrome",
        "R\u00e9troviseurs d\u00e9givrants",
        "R\u00e9troviseurs \u00e9lectriques",
        "R\u00e9troviseurs rabattables \u00e9lectriquement",
        "Services connect\u00e9s",
        "Si\u00e8ge conducteur avec r\u00e9glage lombaire",
        "Si\u00e8ge conducteur r\u00e9glable en hauteur",
        "Si\u00e8ge passager r\u00e9glable en hauteur",
        "Sortie d'\u00e9chappement chrom\u00e9e",
        "Syst\u00e8me d'acc\u00e8s sans cl\u00e9",
        "Syst\u00e8me d'\u00e9clairage intelligent",
        "Syst\u00e8me de d\u00e9tection de somnolence",
        "Syst\u00e8me de maintien du v\u00e9hicule en c\u00f4te",
        "Syst\u00e8me de r\u00e9cup\u00e9ration \u00e9nergie freinage",
        "T\u00e9moin de bouclage ceinture conducteur",
        "TMC",
        "Troisi\u00e8me ceinture de s\u00e9curit\u00e9",
        "Verrouillage auto. des portes en roulant",
        "Verrouillage centralis\u00e9 \u00e0 distance",
        "Vitres arri\u00e8re \u00e9lectriques",
        "Vitres arri\u00e8re surteint\u00e9es",
        "Vitres avant \u00e9lectriques",
        "Vitres teint\u00e9es",
        "Volant multifonction",
        "Volant r\u00e9glable en profondeur et hauteur"
    ]
}