{
    "marque": "PEUGEOT",
    "modele": "3008",
    "couleur": "Blanc Nacr\u00e9 (S)",
    "kilometrage": "47 021 Km",
    "boite_de_vitesse": "Manuelle",
    "annee": "2018",
    "prix_ttc": "20 499 \u20ac",
    "puissance_fiscale": "7 CV",
    "type_vehicule": "SUV",
    "carburant": "Essence",
    "portes": "5 portes",
    "places": "5 places",
    "ville": "CHAMPNIERS (16430)",
    "garantie": "Confort AUTOSPHERE 12 mois",
    "mise_en_circulation": "30/10/2018",
    "reference": "4956-2926-70 (scaa)",
    "equipements": [
        "radar_recul",
        "gps",
        "tete_haute",
        "bluetooth",
        "clim_auto",
        "regulateur_vitesse",
        "toit_ouvrant",
        "feux_led",
        "isofix",
        "jantes_alliage",
        "radar_recul",
        "gps",
        "tete_haute",
        "bluetooth",
        "clim_auto",
        "regulateur_vitesse",
        "toit_ouvrant",
        "feux_led",
        "isofix",
        "jantes_alliage"
    ],
    "liste_equipements_serie": [
        "6 Haut parleurs",
        "ABS",
        "Acc\u00e8s et d\u00e9marrage mains libres",
        "Accoudoir central AR avec trappe \u00e0 skis",
        "Accoudoir central AV avec rangement",
        "Affichage t\u00eate haute",
        "Aide au d\u00e9marrage en c\u00f4te",
        "Aide au freinage d'urgence",
        "Airbag conducteur",
        "Airbag passager",
        "Airbags lat\u00e9raux avant",
        "Airbags rideaux",
        "Airbags rideaux AR",
        "Allumage des phares automatique",
        "Antid\u00e9marrage \u00e9lectronique",
        "Appuis-t\u00eate avant actifs",
        "Appui-t\u00eate conducteur r\u00e9glable hauteur",
        "Appui-t\u00eate passager r\u00e9glable en hauteur",
        "Arr\u00eat et red\u00e9marrage auto. du moteur",
        "Bacs de portes avant",
        "Banquette 1/3-2/3",
        "Boite \u00e0 gants ferm\u00e9e",
        "Capteur de pluie",
        "Ceinture de vitrage chrom\u00e9e",
        "Ceintures avant ajustables en hauteur",
        "Clim automatique bi-zones",
        "Commandes du syst\u00e8me audio au volant",
        "D\u00e9tecteur de sous-gonflage indirect",
        "Eclairage d'ambiance",
        "Ecran couleur",
        "Ecran multifonction couleur",
        "Ecran tactile",
        "ESP",
        "Essuie-glace arri\u00e8re",
        "Fixation Isofix si\u00e8ge passager avant",
        "Fixations Isofix aux places arri\u00e8res",
        "Follow me home",
        "Fonction Mirror Screen",
        "Fonction MP3",
        "i-Cockpit Amplify",
        "Inserts de porte m\u00e9tal",
        "Jantes Alu",
        "Kit mains-libres Bluetooth",
        "Limiteur de vitesse",
        "Miroir de courtoisie conducteur \u00e9clair\u00e9",
        "Miroir de courtoisie passager \u00e9clair\u00e9",
        "Nav connect\u00e9e 3D-SOS/Assist.-T\u00e9l\u00e9serv.",
        "Ouverture des vitres s\u00e9quentielle",
        "Pack City 1",
        "Pack Eclairage d'ambiance",
        "Pack Safety Plus",
        "P\u00e9dalier sport",
        "Plafonnier central AV et AR \u00e0 LED",
        "Plancher de coffre mobile",
        "Poches d'aumoni\u00e8res",
        "Porte-gobelets avant",
        "Prise 12V",
        "Prise USB",
        "Projecteurs Peugeot Full LED Technology",
        "Radar de stationnement AR",
        "Radio",
        "Reconnaissance panneaux de signalisation",
        "R\u00e9gulateur de vitesse",
        "R\u00e9partiteur \u00e9lectronique de freinage",
        "R\u00e9tro. ext. Rab. \u00c9lect. 'Lion Spotlight'",
        "R\u00e9troviseur int\u00e9rieur \u00e9lectrochrome",
        "R\u00e9troviseurs d\u00e9givrants",
        "R\u00e9troviseurs \u00e9lectriques",
        "Sabot de pare-choc avant gris m\u00e9tallis\u00e9",
        "Si\u00e8ge conducteur avec r\u00e9glage lombaire",
        "Si\u00e8ge conducteur r\u00e9glable en hauteur",
        "Si\u00e8ge passager avec dossier repliable",
        "Si\u00e8ge passager r\u00e9glable en hauteur",
        "Sortie d'\u00e9chappement chrom\u00e9e",
        "Toggle Switches chrom\u00e9s",
        "Toit Black Diamond Noir Perla Nera",
        "Troisi\u00e8me ceinture de s\u00e9curit\u00e9",
        "Verrouillage auto. des portes en roulant",
        "Verrouillage centralis\u00e9 \u00e0 distance",
        "Verrouillage centralis\u00e9 des portes",
        "Vitres arri\u00e8re \u00e9lectriques",
        "Vitres avant \u00e9lectriques",
        "Vitres lat. et lunette AR surteint\u00e9es",
        "Volant cuir",
        "Volant multifonction",
        "Volant r\u00e9glable en profondeur et hauteur",
        "6 Haut parleurs",
        "ABS",
        "Acc\u00e8s et d\u00e9marrage mains libres",
        "Accoudoir central AR avec trappe \u00e0 skis",
        "Accoudoir central AV avec rangement",
        "Affichage t\u00eate haute",
        "Aide au d\u00e9marrage en c\u00f4te",
        "Aide au freinage d'urgence",
        "Airbag conducteur",
        "Airbag passager",
        "Airbags lat\u00e9raux avant",
        "Airbags rideaux",
        "Airbags rideaux AR",
        "Allumage des phares automatique",
        "Antid\u00e9marrage \u00e9lectronique",
        "Appuis-t\u00eate avant actifs",
        "Appui-t\u00eate conducteur r\u00e9glable hauteur",
        "Appui-t\u00eate passager r\u00e9glable en hauteur",
        "Arr\u00eat et red\u00e9marrage auto. du moteur",
        "Bacs de portes avant",
        "Banquette 1/3-2/3",
        "Boite \u00e0 gants ferm\u00e9e",
        "Capteur de pluie",
        "Ceinture de vitrage chrom\u00e9e",
        "Ceintures avant ajustables en hauteur",
        "Clim automatique bi-zones",
        "Commandes du syst\u00e8me audio au volant",
        "D\u00e9tecteur de sous-gonflage indirect",
        "Eclairage d'ambiance",
        "Ecran couleur",
        "Ecran multifonction couleur",
        "Ecran tactile",
        "ESP",
        "Essuie-glace arri\u00e8re",
        "Fixation Isofix si\u00e8ge passager avant",
        "Fixations Isofix aux places arri\u00e8res",
        "Follow me home",
        "Fonction Mirror Screen",
        "Fonction MP3",
        "i-Cockpit Amplify",
        "Inserts de porte m\u00e9tal",
        "Jantes Alu",
        "Kit mains-libres Bluetooth",
        "Limiteur de vitesse",
        "Miroir de courtoisie conducteur \u00e9clair\u00e9",
        "Miroir de courtoisie passager \u00e9clair\u00e9",
        "Nav connect\u00e9e 3D-SOS/Assist.-T\u00e9l\u00e9serv.",
        "Ouverture des vitres s\u00e9quentielle",
        "Pack City 1",
        "Pack Eclairage d'ambiance",
        "Pack Safety Plus",
        "P\u00e9dalier sport",
        "Plafonnier central AV et AR \u00e0 LED",
        "Plancher de coffre mobile",
        "Poches d'aumoni\u00e8res",
        "Porte-gobelets avant",
        "Prise 12V",
        "Prise USB",
        "Projecteurs Peugeot Full LED Technology",
        "Radar de stationnement AR",
        "Radio",
        "Reconnaissance panneaux de signalisation",
        "R\u00e9gulateur de vitesse",
        "R\u00e9partiteur \u00e9lectronique de freinage",
        "R\u00e9tro. ext. Rab. \u00c9lect. 'Lion Spotlight'",
        "R\u00e9troviseur int\u00e9rieur \u00e9lectrochrome",
        "R\u00e9troviseurs d\u00e9givrants",
        "R\u00e9troviseurs \u00e9lectriques",
        "Sabot de pare-choc avant gris m\u00e9tallis\u00e9",
        "Si\u00e8ge conducteur avec r\u00e9glage lombaire",
        "Si\u00e8ge conducteur r\u00e9glable en hauteur",
        "Si\u00e8ge passager avec dossier repliable",
        "Si\u00e8ge passager r\u00e9glable en hauteur",
        "Sortie d'\u00e9chappement chrom\u00e9e",
        "Toggle Switches chrom\u00e9s",
        "Toit Black Diamond Noir Perla Nera",
        "Troisi\u00e8me ceinture de s\u00e9curit\u00e9",
        "Verrouillage auto. des portes en roulant",
        "Verrouillage centralis\u00e9 \u00e0 distance",
        "Verrouillage centralis\u00e9 des portes",
        "Vitres arri\u00e8re \u00e9lectriques",
        "Vitres avant \u00e9lectriques",
        "Vitres lat. et lunette AR surteint\u00e9es",
        "Volant cuir",
        "Volant multifonction",
        "Volant r\u00e9glable en profondeur et hauteur"
    ]
}