{
    "marque": "PEUGEOT",
    "modele": "2008",
    "couleur": "Blanc Banquise",
    "kilometrage": "51 332 Km",
    "boite_de_vitesse": "Manuelle",
    "annee": "2015",
    "prix_ttc": "10 999 \u20ac",
    "puissance_fiscale": "5 CV",
    "type_vehicule": "SUV",
    "carburant": "Essence",
    "portes": "5 portes",
    "places": "5 places",
    "ville": "CLERMONT-FERRAND (63000)",
    "garantie": "Spoticar-Advanced 8 Mois",
    "mise_en_circulation": "25/06/2015",
    "reference": "2452-9222-90 (abci)",
    "equipements": [
        "gps",
        "bluetooth",
        "clim_auto",
        "regulateur_vitesse",
        "toit_panoramique",
        "inte_cuir",
        "feux_led",
        "isofix",
        "jantes_alliage",
        "gps",
        "bluetooth",
        "clim_auto",
        "regulateur_vitesse",
        "toit_panoramique",
        "inte_cuir",
        "feux_led",
        "isofix",
        "jantes_alliage"
    ],
    "liste_equipements_serie": [
        "ABS",
        "Aide au d\u00e9marrage en c\u00f4te",
        "Aide au freinage d'urgence",
        "Airbag conducteur",
        "Airbag passager",
        "Airbag passager d\u00e9connectable",
        "Airbags lat\u00e9raux avant",
        "Airbags rideaux AV et AR",
        "Antid\u00e9marrage \u00e9lectronique",
        "Antipatinage",
        "Arr\u00eat et red\u00e9marrage auto. du moteur",
        "Banquette 1/3-2/3",
        "Banquette AR rabattable",
        "Barres de toit",
        "Boite \u00e0 gants ferm\u00e9e",
        "Boucliers AV et AR couleur caisse",
        "Calandre chrom\u00e9e",
        "Climatisation automatique bi-zones",
        "Commandes du syst\u00e8me audio au volant",
        "Compte tours",
        "D\u00e9tecteur de sous-gonflage",
        "Direction \u00e9lectrique assistance variable",
        "EBD",
        "Eclairage statique d'intersection",
        "Ecran multifonction couleur",
        "Ecran tactile",
        "ESP",
        "Essuie-glace arri\u00e8re",
        "Feux de freinage d'urgence",
        "Feux de position \u00e0 LED",
        "Filets de coffre",
        "Filtre \u00e0 Pollen",
        "JA 17\" Eridan gris mat & Grip Control",
        "Kit de d\u00e9pannage pneumatique",
        "Kit mains-libres Bluetooth",
        "Lunette et vitres arri\u00e8re surteint\u00e9es",
        "Miroir de courtoisie conducteur \u00e9clair\u00e9",
        "Miroir de courtoisie passager \u00e9clair\u00e9",
        "Navigation pour \u00e9cran tactile + port USB",
        "Ordinateur de bord",
        "Ouverture des vitres s\u00e9quentielle",
        "Pack Cuir",
        "Pack Urbain",
        "Pack Visibilit\u00e9",
        "Phares additionnels en virage",
        "Phares antibrouillard",
        "Phares halog\u00e8nes",
        "Pr\u00e9paration Isofix",
        "Prise 12V",
        "Prise Jack",
        "Prise USB",
        "Radio 6HP",
        "R\u00e9gulateur-Limiteur de vitesse",
        "R\u00e9p\u00e9titeurs de clignotant dans r\u00e9tro ext",
        "R\u00e9troviseurs d\u00e9givrants",
        "R\u00e9troviseurs \u00e9lectriques",
        "Si\u00e8ge conducteur r\u00e9glable en hauteur",
        "Si\u00e8ge passager r\u00e9glable en hauteur",
        "Tablette cache bagages",
        "Temp\u00e9rature ext\u00e9rieure",
        "Toit pan. en verre avec velum \u00e9lect.",
        "Troisi\u00e8me ceinture de s\u00e9curit\u00e9",
        "Verrouillage auto. des portes en roulant",
        "Verrouillage centralis\u00e9 \u00e0 distance",
        "Vitres teint\u00e9es",
        "Volant cuir multifonction",
        "Volant r\u00e9glable en profondeur et hauteur",
        "ABS",
        "Aide au d\u00e9marrage en c\u00f4te",
        "Aide au freinage d'urgence",
        "Airbag conducteur",
        "Airbag passager",
        "Airbag passager d\u00e9connectable",
        "Airbags lat\u00e9raux avant",
        "Airbags rideaux AV et AR",
        "Antid\u00e9marrage \u00e9lectronique",
        "Antipatinage",
        "Arr\u00eat et red\u00e9marrage auto. du moteur",
        "Banquette 1/3-2/3",
        "Banquette AR rabattable",
        "Barres de toit",
        "Boite \u00e0 gants ferm\u00e9e",
        "Boucliers AV et AR couleur caisse",
        "Calandre chrom\u00e9e",
        "Climatisation automatique bi-zones",
        "Commandes du syst\u00e8me audio au volant",
        "Compte tours",
        "D\u00e9tecteur de sous-gonflage",
        "Direction \u00e9lectrique assistance variable",
        "EBD",
        "Eclairage statique d'intersection",
        "Ecran multifonction couleur",
        "Ecran tactile",
        "ESP",
        "Essuie-glace arri\u00e8re",
        "Feux de freinage d'urgence",
        "Feux de position \u00e0 LED",
        "Filets de coffre",
        "Filtre \u00e0 Pollen",
        "JA 17\" Eridan gris mat & Grip Control",
        "Kit de d\u00e9pannage pneumatique",
        "Kit mains-libres Bluetooth",
        "Lunette et vitres arri\u00e8re surteint\u00e9es",
        "Miroir de courtoisie conducteur \u00e9clair\u00e9",
        "Miroir de courtoisie passager \u00e9clair\u00e9",
        "Navigation pour \u00e9cran tactile + port USB",
        "Ordinateur de bord",
        "Ouverture des vitres s\u00e9quentielle",
        "Pack Cuir",
        "Pack Urbain",
        "Pack Visibilit\u00e9",
        "Phares additionnels en virage",
        "Phares antibrouillard",
        "Phares halog\u00e8nes",
        "Pr\u00e9paration Isofix",
        "Prise 12V",
        "Prise Jack",
        "Prise USB",
        "Radio 6HP",
        "R\u00e9gulateur-Limiteur de vitesse",
        "R\u00e9p\u00e9titeurs de clignotant dans r\u00e9tro ext",
        "R\u00e9troviseurs d\u00e9givrants",
        "R\u00e9troviseurs \u00e9lectriques",
        "Si\u00e8ge conducteur r\u00e9glable en hauteur",
        "Si\u00e8ge passager r\u00e9glable en hauteur",
        "Tablette cache bagages",
        "Temp\u00e9rature ext\u00e9rieure",
        "Toit pan. en verre avec velum \u00e9lect.",
        "Troisi\u00e8me ceinture de s\u00e9curit\u00e9",
        "Verrouillage auto. des portes en roulant",
        "Verrouillage centralis\u00e9 \u00e0 distance",
        "Vitres teint\u00e9es",
        "Volant cuir multifonction",
        "Volant r\u00e9glable en profondeur et hauteur"
    ]
}