{
    "marque": "PEUGEOT",
    "modele": "3008",
    "couleur": "Blanc Nacr\u00e9 (N)",
    "kilometrage": "15 032 Km",
    "boite_de_vitesse": "Automatique",
    "annee": "2021",
    "prix_ttc": "37 999 \u20ac",
    "puissance_fiscale": "11 CV",
    "type_vehicule": "SUV",
    "carburant": "Hybride",
    "portes": "5 portes",
    "places": "5 places",
    "ville": "SALON-DE-PROVENCE (13300)",
    "garantie": "Hy-premium AUTOSPHERE 12 mois",
    "mise_en_circulation": "28/12/2021",
    "reference": "2234-9097-39 (bfsa)",
    "equipements": [
        "cam_recul",
        "radar_recul",
        "gps",
        "bluetooth",
        "clim_auto",
        "regulateur_vitesse",
        "feux_led",
        "isofix",
        "jantes_alliage",
        "cam_recul",
        "radar_recul",
        "gps",
        "bluetooth",
        "clim_auto",
        "regulateur_vitesse",
        "feux_led",
        "isofix",
        "jantes_alliage"
    ],
    "liste_equipements_serie": [
        "10 Haut parleurs",
        "ABS",
        "Accoudoir central AR avec trappe \u00e0 skis",
        "Accoudoir central AV avec rangement",
        "AFIL",
        "Aide au d\u00e9marrage en c\u00f4te",
        "Aide au freinage d'urgence",
        "Airbag conducteur",
        "Airbag passager",
        "Airbag passager d\u00e9connectable",
        "Airbags lat\u00e9raux avant",
        "Airbags rideaux AV et AR",
        "Allumage des phares automatique",
        "Antipatinage",
        "Appel d'Assistance Localis\u00e9",
        "Appel d'Urgence Localis\u00e9",
        "Appuis-t\u00eate avant actifs",
        "Assistance de maintien de trajectoire",
        "AVAS : syst\u00e8me d'alerte sonore",
        "Banquette 1/3-2/3",
        "Banquette AR rabattable",
        "Boite \u00e0 gants \u00e9clair\u00e9e et r\u00e9frig\u00e9rable",
        "Boite \u00e0 gants ferm\u00e9e",
        "Cam\u00e9ra de recul",
        "Cam\u00e9ra de stationnement AV",
        "Capteur de pluie",
        "Ceinture de vitrage chrom\u00e9e",
        "Ceintures avant ajustables en hauteur",
        "Chargeur embarqu\u00e9 3,7kW",
        "Clim automatique bi-zones",
        "Coffre assist\u00e9 \u00e9lectriquement",
        "Commandes du syst\u00e8me audio au volant",
        "Commandes vocales",
        "Condamnation s\u00e9curit\u00e9 enfants \u00e9lectrique",
        "D\u00e9marrage sans cl\u00e9",
        "D\u00e9tecteur de sous-gonflage indirect",
        "Direction assist\u00e9e asservie \u00e0 la vitesse",
        "Dispositif freinage automatique",
        "Eclairage au sol",
        "Ecran tactile",
        "ESP",
        "Feux arri\u00e8re \u00e0 LED",
        "Feux de jour \u00e0 LED",
        "Fixations Isofix aux places arri\u00e8res",
        "Follow me home",
        "Fonction MP3",
        "Freinage automatique d'urgence",
        "Frein stationnement \u00e9lectrique",
        "GPS Cartographique",
        "Guidage pour manoeuvre de stationnement",
        "Inserts de porte carbone",
        "Inserts de tableau de bord carbone",
        "Interface Media",
        "Jantes Alu",
        "Kit mains-libres Bluetooth",
        "Limiteur de vitesse",
        "Lunette arri\u00e8re surteint\u00e9e",
        "Miroir de courtoisie conducteur \u00e9clair\u00e9",
        "Miroir de courtoisie passager \u00e9clair\u00e9",
        "Ouverture des vitres s\u00e9quentielle",
        "Ouverture du coffre mains-libres",
        "P\u00e9dalier sport",
        "Peugeot i-Cockpit + \u00e9cran tactile 10\"HD",
        "Phares avant LED",
        "Plafonnier central AV et AR \u00e0 LED",
        "Poches d'aumoni\u00e8res",
        "Prise 12V",
        "Prise USB",
        "Radar de stationnement AR",
        "Radar de stationnement AV",
        "Radio num\u00e9rique DAB",
        "Reconnaissance panneaux de signalisation",
        "R\u00e9gulateur de vitesse",
        "R\u00e9gulateur de vitesse adaptatif",
        "R\u00e9partiteur \u00e9lectronique de freinage",
        "R\u00e9troviseur int\u00e9rieur \u00e9lectrochrome",
        "R\u00e9troviseurs d\u00e9givrants",
        "R\u00e9troviseurs \u00e9lectriques",
        "R\u00e9troviseurs rabattables \u00e9lectriquement",
        "Si\u00e8ge conducteur \u00e0 m\u00e9moire",
        "Si\u00e8ge conducteur avec r\u00e9glage lombaire",
        "Si\u00e8ge conducteur chauffant",
        "Si\u00e8ge conducteur \u00e9lectrique",
        "Si\u00e8ge conducteur r\u00e9glable en hauteur",
        "Si\u00e8ge passager \u00e0 r\u00e9glages \u00e9lectriques",
        "Si\u00e8ge passager avec dossier repliable",
        "Si\u00e8ge passager chauffant",
        "Si\u00e8ge passager r\u00e9glable en hauteur",
        "Si\u00e8ges avant massants",
        "Syst\u00e8me d'acc\u00e8s sans cl\u00e9",
        "Syst\u00e8me d'assistance au stationnement",
        "Syst\u00e8me d'\u00e9clairage intelligent",
        "Syst\u00e8me de contr\u00f4le des angles morts",
        "Syst\u00e8me de mesure de place disponible",
        "Syst\u00e8me de pr\u00e9vention des collisions",
        "Syst\u00e8me Hi-Fi Surround",
        "TEP & Alcantara Mistral",
        "Toit Black Diamond Noir Perla Nera",
        "Verrouillage auto. des portes en roulant",
        "Verrouillage centralis\u00e9 \u00e0 distance",
        "Verrouillage centralis\u00e9 des portes",
        "Vitrage lat\u00e9ral feuillet\u00e9",
        "Vitres arri\u00e8re \u00e9lectriques",
        "Vitres arri\u00e8re surteint\u00e9es",
        "Vitres avant \u00e9lectriques",
        "Volant cuir",
        "Volant multifonction",
        "Volant r\u00e9glable en profondeur et hauteur",
        "10 Haut parleurs",
        "ABS",
        "Accoudoir central AR avec trappe \u00e0 skis",
        "Accoudoir central AV avec rangement",
        "AFIL",
        "Aide au d\u00e9marrage en c\u00f4te",
        "Aide au freinage d'urgence",
        "Airbag conducteur",
        "Airbag passager",
        "Airbag passager d\u00e9connectable",
        "Airbags lat\u00e9raux avant",
        "Airbags rideaux AV et AR",
        "Allumage des phares automatique",
        "Antipatinage",
        "Appel d'Assistance Localis\u00e9",
        "Appel d'Urgence Localis\u00e9",
        "Appuis-t\u00eate avant actifs",
        "Assistance de maintien de trajectoire",
        "AVAS : syst\u00e8me d'alerte sonore",
        "Banquette 1/3-2/3",
        "Banquette AR rabattable",
        "Boite \u00e0 gants \u00e9clair\u00e9e et r\u00e9frig\u00e9rable",
        "Boite \u00e0 gants ferm\u00e9e",
        "Cam\u00e9ra de recul",
        "Cam\u00e9ra de stationnement AV",
        "Capteur de pluie",
        "Ceinture de vitrage chrom\u00e9e",
        "Ceintures avant ajustables en hauteur",
        "Chargeur embarqu\u00e9 3,7kW",
        "Clim automatique bi-zones",
        "Coffre assist\u00e9 \u00e9lectriquement",
        "Commandes du syst\u00e8me audio au volant",
        "Commandes vocales",
        "Condamnation s\u00e9curit\u00e9 enfants \u00e9lectrique",
        "D\u00e9marrage sans cl\u00e9",
        "D\u00e9tecteur de sous-gonflage indirect",
        "Direction assist\u00e9e asservie \u00e0 la vitesse",
        "Dispositif freinage automatique",
        "Eclairage au sol",
        "Ecran tactile",
        "ESP",
        "Feux arri\u00e8re \u00e0 LED",
        "Feux de jour \u00e0 LED",
        "Fixations Isofix aux places arri\u00e8res",
        "Follow me home",
        "Fonction MP3",
        "Freinage automatique d'urgence",
        "Frein stationnement \u00e9lectrique",
        "GPS Cartographique",
        "Guidage pour manoeuvre de stationnement",
        "Inserts de porte carbone",
        "Inserts de tableau de bord carbone",
        "Interface Media",
        "Jantes Alu",
        "Kit mains-libres Bluetooth",
        "Limiteur de vitesse",
        "Lunette arri\u00e8re surteint\u00e9e",
        "Miroir de courtoisie conducteur \u00e9clair\u00e9",
        "Miroir de courtoisie passager \u00e9clair\u00e9",
        "Ouverture des vitres s\u00e9quentielle",
        "Ouverture du coffre mains-libres",
        "P\u00e9dalier sport",
        "Peugeot i-Cockpit + \u00e9cran tactile 10\"HD",
        "Phares avant LED",
        "Plafonnier central AV et AR \u00e0 LED",
        "Poches d'aumoni\u00e8res",
        "Prise 12V",
        "Prise USB",
        "Radar de stationnement AR",
        "Radar de stationnement AV",
        "Radio num\u00e9rique DAB",
        "Reconnaissance panneaux de signalisation",
        "R\u00e9gulateur de vitesse",
        "R\u00e9gulateur de vitesse adaptatif",
        "R\u00e9partiteur \u00e9lectronique de freinage",
        "R\u00e9troviseur int\u00e9rieur \u00e9lectrochrome",
        "R\u00e9troviseurs d\u00e9givrants",
        "R\u00e9troviseurs \u00e9lectriques",
        "R\u00e9troviseurs rabattables \u00e9lectriquement",
        "Si\u00e8ge conducteur \u00e0 m\u00e9moire",
        "Si\u00e8ge conducteur avec r\u00e9glage lombaire",
        "Si\u00e8ge conducteur chauffant",
        "Si\u00e8ge conducteur \u00e9lectrique",
        "Si\u00e8ge conducteur r\u00e9glable en hauteur",
        "Si\u00e8ge passager \u00e0 r\u00e9glages \u00e9lectriques",
        "Si\u00e8ge passager avec dossier repliable",
        "Si\u00e8ge passager chauffant",
        "Si\u00e8ge passager r\u00e9glable en hauteur",
        "Si\u00e8ges avant massants",
        "Syst\u00e8me d'acc\u00e8s sans cl\u00e9",
        "Syst\u00e8me d'assistance au stationnement",
        "Syst\u00e8me d'\u00e9clairage intelligent",
        "Syst\u00e8me de contr\u00f4le des angles morts",
        "Syst\u00e8me de mesure de place disponible",
        "Syst\u00e8me de pr\u00e9vention des collisions",
        "Syst\u00e8me Hi-Fi Surround",
        "TEP & Alcantara Mistral",
        "Toit Black Diamond Noir Perla Nera",
        "Verrouillage auto. des portes en roulant",
        "Verrouillage centralis\u00e9 \u00e0 distance",
        "Verrouillage centralis\u00e9 des portes",
        "Vitrage lat\u00e9ral feuillet\u00e9",
        "Vitres arri\u00e8re \u00e9lectriques",
        "Vitres arri\u00e8re surteint\u00e9es",
        "Vitres avant \u00e9lectriques",
        "Volant cuir",
        "Volant multifonction",
        "Volant r\u00e9glable en profondeur et hauteur"
    ]
}