{
    "marque": "PEUGEOT",
    "modele": "2008",
    "couleur": "Rouge Elixir (S)",
    "kilometrage": "100 Km",
    "boite_de_vitesse": "Manuelle",
    "annee": "2023",
    "prix_ttc": "22 680 \u20ac",
    "puissance_fiscale": "5 CV",
    "type_vehicule": "SUV",
    "carburant": "Essence",
    "portes": "5 portes",
    "places": "5 places",
    "ville": "REIMS (51100)",
    "garantie": "Spoticar-Premium 12 Mois",
    "mise_en_circulation": "29/09/2023",
    "reference": "2218-8751-65 (ct51c2)",
    "equipements": [
        "radar_recul",
        "bluetooth",
        "clim_auto",
        "regulateur_vitesse",
        "feux_led",
        "isofix",
        "jantes_alliage",
        "radar_recul",
        "bluetooth",
        "clim_auto",
        "regulateur_vitesse",
        "feux_led",
        "isofix",
        "jantes_alliage"
    ],
    "liste_equipements_serie": [
        "6 Haut parleurs",
        "ABS",
        "AFIL",
        "Aide au d\u00e9marrage en c\u00f4te",
        "Aide au freinage d'urgence",
        "Airbag conducteur",
        "Airbag passager",
        "Airbags lat\u00e9raux avant",
        "Airbags rideaux",
        "Allumage des phares automatique",
        "Antipatinage",
        "Appel d'Assistance Localis\u00e9",
        "Appel d'Urgence Localis\u00e9",
        "Appui-t\u00eate conducteur r\u00e9glable hauteur",
        "Appui-t\u00eate passager r\u00e9glable en hauteur",
        "Arr\u00eat et red\u00e9marrage auto. du moteur",
        "Banquette 1/3-2/3",
        "Barres de toit",
        "Becquet arri\u00e8re",
        "Borne Wi-Fi",
        "Capteur de pluie",
        "Ceintures avant ajustables en hauteur",
        "Clim automatique",
        "Contr\u00f4le Dynamique de la Stabilit\u00e9",
        "D\u00e9tecteur de sous-gonflage indirect",
        "Dispositif freinage automatique",
        "Ecran multifonction couleur",
        "Ecran tactile",
        "ESP",
        "Feux arri\u00e8re \u00e0 LED",
        "Feux de jour \u00e0 LED",
        "Feux de route automatiques",
        "Filtre \u00e0 Pollen",
        "Fixations Isofix aux places arri\u00e8res",
        "Follow me home",
        "Freinage automatique d'urgence",
        "Gris Selenium (M)",
        "Guidage pour manoeuvre de stationnement",
        "Indicateur de limitation de vitesse",
        "Interface Media",
        "Jantes Alu",
        "Kit mains-libres Bluetooth",
        "Lampe de coffre",
        "Limiteur de vitesse",
        "Lunette arri\u00e8re surteint\u00e9e",
        "Lunette arri\u00e8re teint\u00e9e",
        "Mode de conduite",
        "Ouverture des vitres s\u00e9quentielle",
        "Pare-brise acoustique",
        "Phares avant LED",
        "Plafonnier central AV et AR \u00e0 LED",
        "Plancher de coffre mobile",
        "Poches d'aumoni\u00e8res",
        "Poign\u00e9es ton carrosserie",
        "Prise USB",
        "Radar de stationnement AR",
        "Radar de stationnement AV",
        "Radio num\u00e9rique DAB",
        "Reconnaissance panneaux de signalisation",
        "R\u00e9gulateur de vitesse",
        "R\u00e9partiteur \u00e9lectronique de freinage",
        "R\u00e9p\u00e9titeurs de clignotant dans r\u00e9tro ext",
        "R\u00e9troviseur int\u00e9rieur \u00e9lectrochrome",
        "R\u00e9troviseurs d\u00e9givrants",
        "R\u00e9troviseurs \u00e9lectriques",
        "R\u00e9troviseurs rabattables \u00e9lectriquement",
        "Si\u00e8ge conducteur r\u00e9glable en hauteur",
        "Si\u00e8ge passager r\u00e9glable en hauteur",
        "Sortie d'\u00e9chappement chrom\u00e9e",
        "Syst\u00e8me de d\u00e9tection de somnolence",
        "Syst\u00e8me de pr\u00e9vention des collisions",
        "T\u00e9moin de bouclage des ceintures AV",
        "Tissu CASUAL LOMSA emboss\u00e9",
        "Verrouillage auto. des portes en roulant",
        "Verrouillage centralis\u00e9 \u00e0 distance",
        "Verrouillage centralis\u00e9 des portes",
        "Vitres arri\u00e8re \u00e9lectriques",
        "Vitres arri\u00e8re surteint\u00e9es",
        "Vitres arri\u00e8re teint\u00e9es",
        "Vitres avant \u00e9lectriques",
        "Volant multifonction",
        "Volant r\u00e9glable en hauteur",
        "Volant r\u00e9glable en profondeur et hauteur",
        "6 Haut parleurs",
        "ABS",
        "AFIL",
        "Aide au d\u00e9marrage en c\u00f4te",
        "Aide au freinage d'urgence",
        "Airbag conducteur",
        "Airbag passager",
        "Airbags lat\u00e9raux avant",
        "Airbags rideaux",
        "Allumage des phares automatique",
        "Antipatinage",
        "Appel d'Assistance Localis\u00e9",
        "Appel d'Urgence Localis\u00e9",
        "Appui-t\u00eate conducteur r\u00e9glable hauteur",
        "Appui-t\u00eate passager r\u00e9glable en hauteur",
        "Arr\u00eat et red\u00e9marrage auto. du moteur",
        "Banquette 1/3-2/3",
        "Barres de toit",
        "Becquet arri\u00e8re",
        "Borne Wi-Fi",
        "Capteur de pluie",
        "Ceintures avant ajustables en hauteur",
        "Clim automatique",
        "Contr\u00f4le Dynamique de la Stabilit\u00e9",
        "D\u00e9tecteur de sous-gonflage indirect",
        "Dispositif freinage automatique",
        "Ecran multifonction couleur",
        "Ecran tactile",
        "ESP",
        "Feux arri\u00e8re \u00e0 LED",
        "Feux de jour \u00e0 LED",
        "Feux de route automatiques",
        "Filtre \u00e0 Pollen",
        "Fixations Isofix aux places arri\u00e8res",
        "Follow me home",
        "Freinage automatique d'urgence",
        "Gris Selenium (M)",
        "Guidage pour manoeuvre de stationnement",
        "Indicateur de limitation de vitesse",
        "Interface Media",
        "Jantes Alu",
        "Kit mains-libres Bluetooth",
        "Lampe de coffre",
        "Limiteur de vitesse",
        "Lunette arri\u00e8re surteint\u00e9e",
        "Lunette arri\u00e8re teint\u00e9e",
        "Mode de conduite",
        "Ouverture des vitres s\u00e9quentielle",
        "Pare-brise acoustique",
        "Phares avant LED",
        "Plafonnier central AV et AR \u00e0 LED",
        "Plancher de coffre mobile",
        "Poches d'aumoni\u00e8res",
        "Poign\u00e9es ton carrosserie",
        "Prise USB",
        "Radar de stationnement AR",
        "Radar de stationnement AV",
        "Radio num\u00e9rique DAB",
        "Reconnaissance panneaux de signalisation",
        "R\u00e9gulateur de vitesse",
        "R\u00e9partiteur \u00e9lectronique de freinage",
        "R\u00e9p\u00e9titeurs de clignotant dans r\u00e9tro ext",
        "R\u00e9troviseur int\u00e9rieur \u00e9lectrochrome",
        "R\u00e9troviseurs d\u00e9givrants",
        "R\u00e9troviseurs \u00e9lectriques",
        "R\u00e9troviseurs rabattables \u00e9lectriquement",
        "Si\u00e8ge conducteur r\u00e9glable en hauteur",
        "Si\u00e8ge passager r\u00e9glable en hauteur",
        "Sortie d'\u00e9chappement chrom\u00e9e",
        "Syst\u00e8me de d\u00e9tection de somnolence",
        "Syst\u00e8me de pr\u00e9vention des collisions",
        "T\u00e9moin de bouclage des ceintures AV",
        "Tissu CASUAL LOMSA emboss\u00e9",
        "Verrouillage auto. des portes en roulant",
        "Verrouillage centralis\u00e9 \u00e0 distance",
        "Verrouillage centralis\u00e9 des portes",
        "Vitres arri\u00e8re \u00e9lectriques",
        "Vitres arri\u00e8re surteint\u00e9es",
        "Vitres arri\u00e8re teint\u00e9es",
        "Vitres avant \u00e9lectriques",
        "Volant multifonction",
        "Volant r\u00e9glable en hauteur",
        "Volant r\u00e9glable en profondeur et hauteur"
    ]
}