{
    "marque": "DACIA",
    "modele": "SANDERO",
    "couleur": "Blanc Glacier",
    "kilometrage": "42 244 Km",
    "boite_de_vitesse": "Manuelle",
    "annee": "2019",
    "prix_ttc": "11 180 \u20ac",
    "puissance_fiscale": "5 CV",
    "type_vehicule": "Berline",
    "carburant": "Essence",
    "portes": "5 portes",
    "places": "5 places",
    "ville": "BESANCON (25000)",
    "garantie": "Garantie CS+ 6 Mois",
    "mise_en_circulation": "27/05/2019",
    "reference": "2375-6644-89 (re25c1)",
    "equipements": [],
    "liste_equipements_serie": [
        "4 Haut parleurs",
        "ABS",
        "Aide au d\u00e9marrage en c\u00f4te",
        "Aide au freinage d'urgence",
        "Airbag conducteur",
        "Airbag passager d\u00e9connectable",
        "Airbags lat\u00e9raux avant",
        "Antid\u00e9marrage \u00e9lectronique",
        "Antipatinage",
        "Arr\u00eat et red\u00e9marrage auto. du moteur",
        "Bacs de portes avant",
        "Banquette 1/3-2/3",
        "Banquette AR rabattable",
        "Banquette arri\u00e8re 3 places",
        "Becquet arri\u00e8re",
        "Boite \u00e0 gants ferm\u00e9e",
        "Boucliers AV et AR couleur caisse",
        "Ceintures avant ajustables en hauteur",
        "Clim manuelle",
        "Commande Mode ECO",
        "Commandes du syst\u00e8me audio au volant",
        "Compte tours",
        "Configuration 5 places",
        "D\u00e9tecteur de sous-gonflage",
        "Direction assist\u00e9e",
        "EBD",
        "Enjoliveurs",
        "ESP",
        "Essuie-glace arri\u00e8re",
        "Feux de jour \u00e0 LED",
        "Fonction MP3",
        "Kit anti-crevaison",
        "Kit Fumeur",
        "Kit mains-libres Bluetooth",
        "Lampe de coffre",
        "Miroir de courtoisie passager",
        "Ordinateur de bord",
        "Ouverture des vitres s\u00e9quentielle",
        "Phares antibrouillard",
        "Phares halog\u00e8nes",
        "Poches d'aumoni\u00e8res",
        "Poign\u00e9es ton carrosserie",
        "Porte-gobelets avant",
        "Pr\u00e9paration Isofix",
        "Prise 12V",
        "Prise auxiliaire de connexion audio",
        "Prise Jack",
        "Prise USB",
        "Radio",
        "R\u00e9troviseurs d\u00e9givrants",
        "R\u00e9troviseurs \u00e9lectriques",
        "Sellerie Dynamic",
        "Si\u00e8ge conducteur r\u00e9glable en hauteur",
        "Syst\u00e8me de r\u00e9cup\u00e9ration \u00e9nergie freinage",
        "Tablette cache bagages",
        "T\u00e9moin de bouclage ceinture conducteur",
        "T\u00e9moin de bouclage des ceintures AV",
        "Temp\u00e9rature ext\u00e9rieure",
        "Troisi\u00e8me ceinture de s\u00e9curit\u00e9",
        "Verrouillage centralis\u00e9 \u00e0 distance",
        "Vitres avant \u00e9lectriques",
        "Vitres teint\u00e9es",
        "Volant multifonction",
        "Volant r\u00e9glable en hauteur",
        "4 Haut parleurs",
        "ABS",
        "Aide au d\u00e9marrage en c\u00f4te",
        "Aide au freinage d'urgence",
        "Airbag conducteur",
        "Airbag passager d\u00e9connectable",
        "Airbags lat\u00e9raux avant",
        "Antid\u00e9marrage \u00e9lectronique",
        "Antipatinage",
        "Arr\u00eat et red\u00e9marrage auto. du moteur",
        "Bacs de portes avant",
        "Banquette 1/3-2/3",
        "Banquette AR rabattable",
        "Banquette arri\u00e8re 3 places",
        "Becquet arri\u00e8re",
        "Boite \u00e0 gants ferm\u00e9e",
        "Boucliers AV et AR couleur caisse",
        "Ceintures avant ajustables en hauteur",
        "Clim manuelle",
        "Commande Mode ECO",
        "Commandes du syst\u00e8me audio au volant",
        "Compte tours",
        "Configuration 5 places",
        "D\u00e9tecteur de sous-gonflage",
        "Direction assist\u00e9e",
        "EBD",
        "Enjoliveurs",
        "ESP",
        "Essuie-glace arri\u00e8re",
        "Feux de jour \u00e0 LED",
        "Fonction MP3",
        "Kit anti-crevaison",
        "Kit Fumeur",
        "Kit mains-libres Bluetooth",
        "Lampe de coffre",
        "Miroir de courtoisie passager",
        "Ordinateur de bord",
        "Ouverture des vitres s\u00e9quentielle",
        "Phares antibrouillard",
        "Phares halog\u00e8nes",
        "Poches d'aumoni\u00e8res",
        "Poign\u00e9es ton carrosserie",
        "Porte-gobelets avant",
        "Pr\u00e9paration Isofix",
        "Prise 12V",
        "Prise auxiliaire de connexion audio",
        "Prise Jack",
        "Prise USB",
        "Radio",
        "R\u00e9troviseurs d\u00e9givrants",
        "R\u00e9troviseurs \u00e9lectriques",
        "Sellerie Dynamic",
        "Si\u00e8ge conducteur r\u00e9glable en hauteur",
        "Syst\u00e8me de r\u00e9cup\u00e9ration \u00e9nergie freinage",
        "Tablette cache bagages",
        "T\u00e9moin de bouclage ceinture conducteur",
        "T\u00e9moin de bouclage des ceintures AV",
        "Temp\u00e9rature ext\u00e9rieure",
        "Troisi\u00e8me ceinture de s\u00e9curit\u00e9",
        "Verrouillage centralis\u00e9 \u00e0 distance",
        "Vitres avant \u00e9lectriques",
        "Vitres teint\u00e9es",
        "Volant multifonction",
        "Volant r\u00e9glable en hauteur"
    ]
}