{
    "marque": "KIA",
    "modele": "PICANTO",
    "couleur": "Blanc",
    "kilometrage": "44 103 Km",
    "boite_de_vitesse": "Manuelle",
    "annee": "2014",
    "prix_ttc": "9 990 \u20ac",
    "puissance_fiscale": "4 CV",
    "type_vehicule": "Berline",
    "carburant": "Essence",
    "portes": "5 portes",
    "places": "5 places",
    "ville": "V\u00c9NISSIEUX (69200)",
    "garantie": "Label Toyota Occasions 12 mois IC",
    "mise_en_circulation": "29/09/2014",
    "reference": "6521-9698-80 (siv6)",
    "equipements": [],
    "liste_equipements_serie": [
        "4 Haut parleurs",
        "ABS",
        "Aide au d\u00e9marrage en c\u00f4te",
        "Aide au freinage d'urgence",
        "Airbag conducteur",
        "Airbag passager d\u00e9connectable",
        "Airbags lat\u00e9raux avant",
        "Airbags rideaux AV et AR",
        "Antid\u00e9marrage \u00e9lectronique",
        "Appui-t\u00eate conducteur r\u00e9glable hauteur",
        "Appui-t\u00eate passager r\u00e9glable en hauteur",
        "Bacs de portes avant",
        "Banquette 60/40",
        "Banquette AR rabattable",
        "Banquette arri\u00e8re 3 places",
        "Becquet arri\u00e8re",
        "Blanc",
        "Boite \u00e0 gants ferm\u00e9e",
        "Boucliers AV et AR couleur caisse",
        "Calandre chrom\u00e9e",
        "Capteur de luminosit\u00e9",
        "Clim manuelle",
        "Compte tours",
        "Contr\u00f4le \u00e9lect. de la pression des pneus",
        "EBD",
        "Echappement \u00e0 double sortie",
        "ESP",
        "Essuie-glace arri\u00e8re",
        "Feux arri\u00e8re \u00e0 LED",
        "Feux de freinage d'urgence",
        "Feux de jour \u00e0 LED",
        "Fixations Isofix aux places arri\u00e8res",
        "Jantes Alu",
        "Kit mains-libres Bluetooth",
        "Lampe de coffre",
        "Lecteur CD",
        "Lunette AR d\u00e9givrante",
        "Lunette arri\u00e8re",
        "Lunette arri\u00e8re surteint\u00e9e",
        "Miroir de courtoisie conducteur",
        "Miroir de courtoisie passager",
        "Ordinateur de bord",
        "Phares antibrouillard",
        "Phares halog\u00e8nes",
        "Poches d'aumoni\u00e8res",
        "Pommeau de levier vitesse en cuir",
        "Porte-gobelets avant",
        "Pr\u00e9paration Isofix",
        "Prise 12V",
        "Prise auxiliaire de connexion audio",
        "Prise iPod",
        "Prise USB",
        "Radio",
        "Rangement sous si\u00e8ge passager avant",
        "R\u00e9gulateur de couple d'inertie",
        "R\u00e9troviseurs ext\u00e9rieurs \u00e0 r\u00e9glage manuel",
        "Sellerie tissu \"Ebony Black\"",
        "Si\u00e8ge conducteur r\u00e9glable en hauteur",
        "Si\u00e8ges rang 2 rabattables \u00e0 plat",
        "Tablette cache bagages",
        "Troisi\u00e8me ceinture de s\u00e9curit\u00e9",
        "Verrouillage centralis\u00e9 \u00e0 distance",
        "Verrouillage centralis\u00e9 des portes",
        "Vitres arri\u00e8re surteint\u00e9es",
        "Vitres avant \u00e9lectriques",
        "Vitres teint\u00e9es",
        "Volant multifonction",
        "Volant r\u00e9glable en hauteur",
        "4 Haut parleurs",
        "ABS",
        "Aide au d\u00e9marrage en c\u00f4te",
        "Aide au freinage d'urgence",
        "Airbag conducteur",
        "Airbag passager d\u00e9connectable",
        "Airbags lat\u00e9raux avant",
        "Airbags rideaux AV et AR",
        "Antid\u00e9marrage \u00e9lectronique",
        "Appui-t\u00eate conducteur r\u00e9glable hauteur",
        "Appui-t\u00eate passager r\u00e9glable en hauteur",
        "Bacs de portes avant",
        "Banquette 60/40",
        "Banquette AR rabattable",
        "Banquette arri\u00e8re 3 places",
        "Becquet arri\u00e8re",
        "Blanc",
        "Boite \u00e0 gants ferm\u00e9e",
        "Boucliers AV et AR couleur caisse",
        "Calandre chrom\u00e9e",
        "Capteur de luminosit\u00e9",
        "Clim manuelle",
        "Compte tours",
        "Contr\u00f4le \u00e9lect. de la pression des pneus",
        "EBD",
        "Echappement \u00e0 double sortie",
        "ESP",
        "Essuie-glace arri\u00e8re",
        "Feux arri\u00e8re \u00e0 LED",
        "Feux de freinage d'urgence",
        "Feux de jour \u00e0 LED",
        "Fixations Isofix aux places arri\u00e8res",
        "Jantes Alu",
        "Kit mains-libres Bluetooth",
        "Lampe de coffre",
        "Lecteur CD",
        "Lunette AR d\u00e9givrante",
        "Lunette arri\u00e8re",
        "Lunette arri\u00e8re surteint\u00e9e",
        "Miroir de courtoisie conducteur",
        "Miroir de courtoisie passager",
        "Ordinateur de bord",
        "Phares antibrouillard",
        "Phares halog\u00e8nes",
        "Poches d'aumoni\u00e8res",
        "Pommeau de levier vitesse en cuir",
        "Porte-gobelets avant",
        "Pr\u00e9paration Isofix",
        "Prise 12V",
        "Prise auxiliaire de connexion audio",
        "Prise iPod",
        "Prise USB",
        "Radio",
        "Rangement sous si\u00e8ge passager avant",
        "R\u00e9gulateur de couple d'inertie",
        "R\u00e9troviseurs ext\u00e9rieurs \u00e0 r\u00e9glage manuel",
        "Sellerie tissu \"Ebony Black\"",
        "Si\u00e8ge conducteur r\u00e9glable en hauteur",
        "Si\u00e8ges rang 2 rabattables \u00e0 plat",
        "Tablette cache bagages",
        "Troisi\u00e8me ceinture de s\u00e9curit\u00e9",
        "Verrouillage centralis\u00e9 \u00e0 distance",
        "Verrouillage centralis\u00e9 des portes",
        "Vitres arri\u00e8re surteint\u00e9es",
        "Vitres avant \u00e9lectriques",
        "Vitres teint\u00e9es",
        "Volant multifonction",
        "Volant r\u00e9glable en hauteur"
    ]
}