{
    "marque": "PEUGEOT",
    "modele": "108",
    "couleur": "Rouge Scarlet (O)",
    "kilometrage": "40 833 Km",
    "boite_de_vitesse": "Manuelle",
    "annee": "2020",
    "prix_ttc": "10 499 \u20ac",
    "puissance_fiscale": "3 CV",
    "type_vehicule": "Berline",
    "carburant": "Essence",
    "portes": "5 portes",
    "places": "4 places",
    "ville": "CH\u00c2TELLERAULT (86100)",
    "garantie": "Premium AUTOSPHERE 12 mois",
    "mise_en_circulation": "14/01/2020",
    "reference": "2781-7414-38 (geor)",
    "equipements": [],
    "liste_equipements_serie": [
        "4 Haut parleurs",
        "ABS",
        "Aide au d\u00e9marrage en c\u00f4te",
        "Aide au freinage d'urgence",
        "Airbag conducteur",
        "Airbag passager d\u00e9connectable",
        "Airbags lat\u00e9raux avant",
        "Airbags rideaux",
        "Antid\u00e9marrage \u00e9lectronique",
        "Antipatinage",
        "Appui-t\u00eate conducteur r\u00e9glable hauteur",
        "Appui-t\u00eate passager r\u00e9glable en hauteur",
        "Bacs de portes arri\u00e8re",
        "Bacs de portes avant",
        "Banquette 50/50",
        "Banquette AR rabattable",
        "Boite \u00e0 gants ferm\u00e9e",
        "Clim manuelle",
        "Commandes du syst\u00e8me audio au volant",
        "D\u00e9tecteur de sous-gonflage",
        "Enjoliveurs",
        "ESP",
        "Essuie-glace arri\u00e8re",
        "Feux arri\u00e8re \u00e0 LED",
        "Feux de jour \u00e0 LED",
        "Fixations Isofix aux places arri\u00e8res",
        "Fonction MP3",
        "Kit mains-libres Bluetooth",
        "Levier vitesse cuir",
        "Limiteur de vitesse",
        "Lunette arri\u00e8re surteint\u00e9e",
        "Miroir de courtoisie conducteur",
        "Miroir de courtoisie passager",
        "Ordinateur de bord",
        "Phares antibrouillard",
        "Prise 12V",
        "Prise Jack",
        "Prise USB",
        "Radio",
        "R\u00e9partiteur \u00e9lectronique de freinage",
        "R\u00e9troviseurs d\u00e9givrants",
        "R\u00e9troviseurs \u00e9lectriques",
        "Si\u00e8ge conducteur r\u00e9glable en hauteur",
        "Tablette cache bagages",
        "Verrouillage centralis\u00e9 \u00e0 distance",
        "Verrouillage centralis\u00e9 des portes",
        "Vitres arri\u00e8re surteint\u00e9es",
        "Vitres avant \u00e9lectriques",
        "Volant cuir",
        "Volant r\u00e9glable en hauteur",
        "4 Haut parleurs",
        "ABS",
        "Aide au d\u00e9marrage en c\u00f4te",
        "Aide au freinage d'urgence",
        "Airbag conducteur",
        "Airbag passager d\u00e9connectable",
        "Airbags lat\u00e9raux avant",
        "Airbags rideaux",
        "Antid\u00e9marrage \u00e9lectronique",
        "Antipatinage",
        "Appui-t\u00eate conducteur r\u00e9glable hauteur",
        "Appui-t\u00eate passager r\u00e9glable en hauteur",
        "Bacs de portes arri\u00e8re",
        "Bacs de portes avant",
        "Banquette 50/50",
        "Banquette AR rabattable",
        "Boite \u00e0 gants ferm\u00e9e",
        "Clim manuelle",
        "Commandes du syst\u00e8me audio au volant",
        "D\u00e9tecteur de sous-gonflage",
        "Enjoliveurs",
        "ESP",
        "Essuie-glace arri\u00e8re",
        "Feux arri\u00e8re \u00e0 LED",
        "Feux de jour \u00e0 LED",
        "Fixations Isofix aux places arri\u00e8res",
        "Fonction MP3",
        "Kit mains-libres Bluetooth",
        "Levier vitesse cuir",
        "Limiteur de vitesse",
        "Lunette arri\u00e8re surteint\u00e9e",
        "Miroir de courtoisie conducteur",
        "Miroir de courtoisie passager",
        "Ordinateur de bord",
        "Phares antibrouillard",
        "Prise 12V",
        "Prise Jack",
        "Prise USB",
        "Radio",
        "R\u00e9partiteur \u00e9lectronique de freinage",
        "R\u00e9troviseurs d\u00e9givrants",
        "R\u00e9troviseurs \u00e9lectriques",
        "Si\u00e8ge conducteur r\u00e9glable en hauteur",
        "Tablette cache bagages",
        "Verrouillage centralis\u00e9 \u00e0 distance",
        "Verrouillage centralis\u00e9 des portes",
        "Vitres arri\u00e8re surteint\u00e9es",
        "Vitres avant \u00e9lectriques",
        "Volant cuir",
        "Volant r\u00e9glable en hauteur"
    ]
}