{
    "marque": "PEUGEOT",
    "modele": "5008",
    "couleur": "Gris Amazonite (M)",
    "kilometrage": "139 114 Km",
    "boite_de_vitesse": "Manuelle",
    "annee": "2017",
    "prix_ttc": "17 499 \u20ac",
    "puissance_fiscale": "8 CV",
    "type_vehicule": "SUV",
    "carburant": "Diesel",
    "portes": "5 portes",
    "places": "7 places",
    "ville": "METZ (57000)",
    "garantie": "12 mois pi\u00e8ces et main d'oeuvre",
    "mise_en_circulation": "10/10/2017",
    "reference": "9197-4956-70 (losa)",
    "equipements": [
        "radar_recul",
        "gps",
        "tete_haute",
        "bluetooth",
        "clim_auto",
        "regulateur_vitesse",
        "isofix",
        "trois_siege_indiv",
        "jantes_alliage",
        "radar_recul",
        "gps",
        "tete_haute",
        "bluetooth",
        "clim_auto",
        "regulateur_vitesse",
        "isofix",
        "trois_siege_indiv",
        "jantes_alliage"
    ],
    "liste_equipements_serie": [
        "2 si\u00e8ges arri\u00e8re suppl\u00e9mentaires",
        "3 si\u00e8ges individuels en rang 2",
        "6 Haut parleurs",
        "ABS",
        "Accoudoir central AV avec rangement",
        "Affichage t\u00eate haute",
        "AFIL",
        "Aide au d\u00e9marrage en c\u00f4te",
        "Aide au freinage d'urgence",
        "Airbag conducteur",
        "Airbag passager",
        "Airbags lat\u00e9raux avant",
        "Airbags rideaux",
        "Airbags rideaux AR",
        "Allumage des phares automatique",
        "Antid\u00e9marrage \u00e9lectronique",
        "Appuis-t\u00eate avant actifs",
        "Appui-t\u00eate conducteur r\u00e9glable hauteur",
        "Appui-t\u00eate passager r\u00e9glable en hauteur",
        "Arr\u00eat et red\u00e9marrage auto. du moteur",
        "Bacs de portes avant",
        "Barres de toit",
        "Boite \u00e0 gants ferm\u00e9e",
        "Capteur de pluie",
        "Ceintures avant ajustables en hauteur",
        "Clim automatique bi-zones",
        "Commandes du syst\u00e8me audio au volant",
        "D\u00e9tecteur de sous-gonflage indirect",
        "Ecran couleur",
        "Ecran multifonction couleur",
        "Ecran tactile",
        "ESP",
        "Essuie-glace arri\u00e8re",
        "Feux de jour \u00e0 LED",
        "Fixations Isofix aux places arri\u00e8res",
        "Follow me home",
        "Fonction Mirror Screen",
        "Fonction MP3",
        "Inserts de porte m\u00e9tal",
        "Inserts de tableau de bord carbone",
        "Jantes Alu",
        "Kit mains-libres Bluetooth",
        "Limiteur de vitesse",
        "Nav connect\u00e9e 3D-SOS/Assist.-T\u00e9l\u00e9serv.",
        "Ouverture des vitres s\u00e9quentielle",
        "Phares halog\u00e8nes",
        "Plafonnier central AV et AR \u00e0 LED",
        "Poches d'aumoni\u00e8res",
        "Porte-gobelets avant",
        "Prise 12V",
        "Prise USB",
        "Projecteurs antibrouillard halog\u00e8nes",
        "Radar de stationnement AR",
        "Radar de stationnement AV",
        "Radio",
        "Reconnaissance panneaux de signalisation",
        "R\u00e9gulateur de vitesse",
        "R\u00e9partiteur \u00e9lectronique de freinage",
        "R\u00e9tro. ext. Rab. \u00c9lect. + \u00e9clairage LED",
        "R\u00e9troviseur int\u00e9rieur \u00e9lectrochrome",
        "R\u00e9troviseurs d\u00e9givrants",
        "R\u00e9troviseurs \u00e9lectriques",
        "Si\u00e8ge conducteur r\u00e9glable en hauteur",
        "Si\u00e8ge passager r\u00e9glable en hauteur",
        "Si\u00e8ges arri\u00e8re coulissants",
        "Si\u00e8ges rang 2 inclinables",
        "Si\u00e8ges rang 2 rabattables \u00e0 plat",
        "Si\u00e8ges rang 3 rabattables \u00e0 plat",
        "Toggle Switches chrom\u00e9s",
        "Troisi\u00e8me ceinture de s\u00e9curit\u00e9",
        "Verrouillage auto. des portes en roulant",
        "Verrouillage centralis\u00e9 \u00e0 distance",
        "Verrouillage centralis\u00e9 des portes",
        "Vitres arri\u00e8re \u00e9lectriques",
        "Vitres avant \u00e9lectriques",
        "Vitres lat. et lunette AR surteint\u00e9es",
        "Volant cuir",
        "Volant multifonction",
        "Volant r\u00e9glable en profondeur et hauteur",
        "2 si\u00e8ges arri\u00e8re suppl\u00e9mentaires",
        "3 si\u00e8ges individuels en rang 2",
        "6 Haut parleurs",
        "ABS",
        "Accoudoir central AV avec rangement",
        "Affichage t\u00eate haute",
        "AFIL",
        "Aide au d\u00e9marrage en c\u00f4te",
        "Aide au freinage d'urgence",
        "Airbag conducteur",
        "Airbag passager",
        "Airbags lat\u00e9raux avant",
        "Airbags rideaux",
        "Airbags rideaux AR",
        "Allumage des phares automatique",
        "Antid\u00e9marrage \u00e9lectronique",
        "Appuis-t\u00eate avant actifs",
        "Appui-t\u00eate conducteur r\u00e9glable hauteur",
        "Appui-t\u00eate passager r\u00e9glable en hauteur",
        "Arr\u00eat et red\u00e9marrage auto. du moteur",
        "Bacs de portes avant",
        "Barres de toit",
        "Boite \u00e0 gants ferm\u00e9e",
        "Capteur de pluie",
        "Ceintures avant ajustables en hauteur",
        "Clim automatique bi-zones",
        "Commandes du syst\u00e8me audio au volant",
        "D\u00e9tecteur de sous-gonflage indirect",
        "Ecran couleur",
        "Ecran multifonction couleur",
        "Ecran tactile",
        "ESP",
        "Essuie-glace arri\u00e8re",
        "Feux de jour \u00e0 LED",
        "Fixations Isofix aux places arri\u00e8res",
        "Follow me home",
        "Fonction Mirror Screen",
        "Fonction MP3",
        "Inserts de porte m\u00e9tal",
        "Inserts de tableau de bord carbone",
        "Jantes Alu",
        "Kit mains-libres Bluetooth",
        "Limiteur de vitesse",
        "Nav connect\u00e9e 3D-SOS/Assist.-T\u00e9l\u00e9serv.",
        "Ouverture des vitres s\u00e9quentielle",
        "Phares halog\u00e8nes",
        "Plafonnier central AV et AR \u00e0 LED",
        "Poches d'aumoni\u00e8res",
        "Porte-gobelets avant",
        "Prise 12V",
        "Prise USB",
        "Projecteurs antibrouillard halog\u00e8nes",
        "Radar de stationnement AR",
        "Radar de stationnement AV",
        "Radio",
        "Reconnaissance panneaux de signalisation",
        "R\u00e9gulateur de vitesse",
        "R\u00e9partiteur \u00e9lectronique de freinage",
        "R\u00e9tro. ext. Rab. \u00c9lect. + \u00e9clairage LED",
        "R\u00e9troviseur int\u00e9rieur \u00e9lectrochrome",
        "R\u00e9troviseurs d\u00e9givrants",
        "R\u00e9troviseurs \u00e9lectriques",
        "Si\u00e8ge conducteur r\u00e9glable en hauteur",
        "Si\u00e8ge passager r\u00e9glable en hauteur",
        "Si\u00e8ges arri\u00e8re coulissants",
        "Si\u00e8ges rang 2 inclinables",
        "Si\u00e8ges rang 2 rabattables \u00e0 plat",
        "Si\u00e8ges rang 3 rabattables \u00e0 plat",
        "Toggle Switches chrom\u00e9s",
        "Troisi\u00e8me ceinture de s\u00e9curit\u00e9",
        "Verrouillage auto. des portes en roulant",
        "Verrouillage centralis\u00e9 \u00e0 distance",
        "Verrouillage centralis\u00e9 des portes",
        "Vitres arri\u00e8re \u00e9lectriques",
        "Vitres avant \u00e9lectriques",
        "Vitres lat. et lunette AR surteint\u00e9es",
        "Volant cuir",
        "Volant multifonction",
        "Volant r\u00e9glable en profondeur et hauteur"
    ]
}