{
    "marque": "CITROEN",
    "modele": "BERLINGO VAN",
    "couleur": "Blanc Banquise",
    "kilometrage": "75 304 Km",
    "boite_de_vitesse": "Manuelle",
    "annee": "2020",
    "prix_ttc": "16 290 \u20ac",
    "puissance_fiscale": "5 CV",
    "type_vehicule": "Utilitaire",
    "carburant": "Diesel",
    "portes": "3 portes",
    "places": "2 places",
    "ville": "CHAMB\u00c9RY (73000)",
    "garantie": "Spoticar-Premium 12 Mois",
    "mise_en_circulation": "08/07/2020",
    "reference": "2388-4556-65 (sad)",
    "equipements": [],
    "liste_equipements_serie": [
        "4 Haut parleurs",
        "ABS",
        "Aide au d\u00e9marrage en c\u00f4te",
        "Aide au freinage d'urgence",
        "Airbag conducteur",
        "Antid\u00e9marrage \u00e9lectronique",
        "Antipatinage",
        "Appel d'Assistance Localis\u00e9",
        "Appel d'Urgence Localis\u00e9",
        "Appui-t\u00eate conducteur r\u00e9glable hauteur",
        "Appui-t\u00eate passager r\u00e9glable en hauteur",
        "Arr\u00eat et red\u00e9marrage auto. du moteur",
        "Bacs de portes avant",
        "Boite \u00e0 gants ferm\u00e9e",
        "Capteur de luminosit\u00e9",
        "Ceintures avant ajustables en hauteur",
        "Clim manuelle",
        "Cloison pleine",
        "Compte tours",
        "D\u00e9tecteur de sous-gonflage",
        "Double portes arri\u00e8re de chargement",
        "EBD",
        "Eclairage statique d'intersection",
        "Ecran multifonction couleur",
        "Enjoliveurs",
        "ESP",
        "Filtre \u00e0 particules",
        "Filtre \u00e0 Pollen",
        "Fonction MP3",
        "Kit mains-libres Bluetooth",
        "Limiteur de vitesse",
        "Ordinateur de bord",
        "Phares antibrouillard",
        "Phares halog\u00e8nes",
        "Plancher plastique",
        "Porte-gobelets avant",
        "Porte lat\u00e9rale arri\u00e8re droite",
        "Portes arri\u00e8re battantes",
        "Prise 12V",
        "Prise USB",
        "Radar de stationnement AR",
        "Radio",
        "Radio num\u00e9rique DAB",
        "Rangement sous si\u00e8ge conducteur",
        "Rangement sous si\u00e8ge passager avant",
        "R\u00e9gulateur de vitesse",
        "R\u00e9troviseurs d\u00e9givrants",
        "R\u00e9troviseurs \u00e9lectriques",
        "Si\u00e8ge conducteur avec r\u00e9glage lombaire",
        "Si\u00e8ge conducteur r\u00e9glable en hauteur",
        "Si\u00e8ge passager avec dossier repliable",
        "Temp\u00e9rature ext\u00e9rieure",
        "Tissu Mica Grey",
        "Verrouillage centralis\u00e9 \u00e0 distance",
        "Verrouillage centralis\u00e9 des portes",
        "Vitres avant \u00e9lectriques",
        "Volant r\u00e9glable en profondeur et hauteur",
        "4 Haut parleurs",
        "ABS",
        "Aide au d\u00e9marrage en c\u00f4te",
        "Aide au freinage d'urgence",
        "Airbag conducteur",
        "Antid\u00e9marrage \u00e9lectronique",
        "Antipatinage",
        "Appel d'Assistance Localis\u00e9",
        "Appel d'Urgence Localis\u00e9",
        "Appui-t\u00eate conducteur r\u00e9glable hauteur",
        "Appui-t\u00eate passager r\u00e9glable en hauteur",
        "Arr\u00eat et red\u00e9marrage auto. du moteur",
        "Bacs de portes avant",
        "Boite \u00e0 gants ferm\u00e9e",
        "Capteur de luminosit\u00e9",
        "Ceintures avant ajustables en hauteur",
        "Clim manuelle",
        "Cloison pleine",
        "Compte tours",
        "D\u00e9tecteur de sous-gonflage",
        "Double portes arri\u00e8re de chargement",
        "EBD",
        "Eclairage statique d'intersection",
        "Ecran multifonction couleur",
        "Enjoliveurs",
        "ESP",
        "Filtre \u00e0 particules",
        "Filtre \u00e0 Pollen",
        "Fonction MP3",
        "Kit mains-libres Bluetooth",
        "Limiteur de vitesse",
        "Ordinateur de bord",
        "Phares antibrouillard",
        "Phares halog\u00e8nes",
        "Plancher plastique",
        "Porte-gobelets avant",
        "Porte lat\u00e9rale arri\u00e8re droite",
        "Portes arri\u00e8re battantes",
        "Prise 12V",
        "Prise USB",
        "Radar de stationnement AR",
        "Radio",
        "Radio num\u00e9rique DAB",
        "Rangement sous si\u00e8ge conducteur",
        "Rangement sous si\u00e8ge passager avant",
        "R\u00e9gulateur de vitesse",
        "R\u00e9troviseurs d\u00e9givrants",
        "R\u00e9troviseurs \u00e9lectriques",
        "Si\u00e8ge conducteur avec r\u00e9glage lombaire",
        "Si\u00e8ge conducteur r\u00e9glable en hauteur",
        "Si\u00e8ge passager avec dossier repliable",
        "Temp\u00e9rature ext\u00e9rieure",
        "Tissu Mica Grey",
        "Verrouillage centralis\u00e9 \u00e0 distance",
        "Verrouillage centralis\u00e9 des portes",
        "Vitres avant \u00e9lectriques",
        "Volant r\u00e9glable en profondeur et hauteur"
    ]
}