{
    "marque": "OPEL",
    "modele": "ASTRA",
    "couleur": "Blanc Arktis/Toit Noir Karbon",
    "kilometrage": "5 000 Km",
    "boite_de_vitesse": "Automatique",
    "annee": "2023",
    "prix_ttc": "51 590 \u20ac",
    "puissance_fiscale": "10 CV",
    "type_vehicule": "Berline",
    "carburant": "Hybride rechargeable",
    "portes": "5 portes",
    "places": "5 places",
    "ville": "SAINT-CYR-SUR-LOIRE (37540)",
    "garantie": "24 mois pi\u00e8ces et main d'oeuvre",
    "mise_en_circulation": "28/04/2023",
    "reference": "1681-9105-97 (tasa)",
    "equipements": [
        "radar_recul",
        "gps",
        "bluetooth",
        "clim_auto",
        "regulateur_vitesse",
        "inte_cuir",
        "feux_led",
        "isofix",
        "jantes_alliage",
        "radar_recul",
        "gps",
        "bluetooth",
        "clim_auto",
        "regulateur_vitesse",
        "inte_cuir",
        "feux_led",
        "isofix",
        "jantes_alliage"
    ],
    "liste_equipements_serie": [
        "6 Haut parleurs",
        "ABS",
        "Accoudoir central AR avec trappe \u00e0 skis",
        "Accoudoir central AV avec rangement",
        "AFIL",
        "Aide au d\u00e9marrage en c\u00f4te",
        "Airbag conducteur",
        "Airbag passager",
        "Airbag passager d\u00e9connectable",
        "Airbags lat\u00e9raux avant",
        "Airbags rideaux AV et AR",
        "Alcantara GSe/TEP effet cuir noir",
        "Allumage des phares automatique",
        "Antipatinage",
        "Appel d'Urgence Localis\u00e9",
        "Appui-t\u00eate conducteur r\u00e9glable hauteur",
        "Appui-t\u00eate passager r\u00e9glable en hauteur",
        "Assistance de maintient de trajectoire",
        "Banquette 60/40",
        "Banquette AR rabattable",
        "Becquet arri\u00e8re",
        "Cam\u00e9ra vue panoramique 360\u00b0",
        "Capteur de luminosit\u00e9",
        "Capteur de pluie",
        "Clim automatique bi-zones",
        "Commandes du syst\u00e8me audio au volant",
        "D\u00e9marrage sans cl\u00e9",
        "D\u00e9tecteur de sous-gonflage",
        "Eclairage au sol",
        "Eclairage d'ambiance",
        "Eclairage statique d'intersection",
        "Ecran multifonction couleur",
        "Ecran tactile",
        "ESP",
        "Feux arri\u00e8re \u00e0 LED",
        "Feux de jour \u00e0 LED",
        "Feux de route automatiques",
        "Filtre \u00e0 Pollen",
        "Fixations Isofix aux places arri\u00e8res",
        "Freinage automatique d'urgence",
        "GPS Cartographique",
        "Interface Media",
        "Jantes Alu",
        "Kit mains-libres Bluetooth",
        "Lampe de coffre",
        "Lampes de lecture \u00e0 l'avant",
        "Limiteur de vitesse",
        "Lunette arri\u00e8re surteint\u00e9e",
        "Miroir de courtoisie conducteur \u00e9clair\u00e9",
        "Miroir de courtoisie passager \u00e9clair\u00e9",
        "Mode de conduite",
        "Ordinateur de bord",
        "Palettes changement vitesses au volant",
        "Pare-brise acoustique",
        "P\u00e9dalier sport",
        "Phares antibrouillard LED",
        "Phares avant LED",
        "Phares de route adaptatifs",
        "Plafonnier central AV et AR \u00e0 LED",
        "Poches d'aumoni\u00e8res",
        "Poign\u00e9es ton carrosserie",
        "Porte-gobelets avant",
        "Prise 12V",
        "Prise auxiliaire de connexion audio",
        "Prise USB",
        "Radar de stationnement AR",
        "Radar de stationnement AV",
        "Radio num\u00e9rique DAB",
        "Reconnaissance panneaux de signalisation",
        "R\u00e9gulateur de vitesse adaptatif",
        "R\u00e9troviseur int\u00e9rieur \u00e9lectrochrome",
        "R\u00e9troviseurs d\u00e9givrants",
        "R\u00e9troviseurs \u00e9lectriques",
        "R\u00e9troviseurs ext\u00e9rieurs \u00e0 m\u00e9moire",
        "R\u00e9troviseurs rabattables \u00e9lectriquement",
        "Services connect\u00e9s",
        "Si\u00e8ge cond. avec r\u00e9glage lombaire \u00e9lectr",
        "Si\u00e8ge conducteur \u00e0 m\u00e9moire",
        "Si\u00e8ge conducteur chauffant",
        "Si\u00e8ge conducteur \u00e9lectrique",
        "Si\u00e8ge conducteur r\u00e9glable en hauteur",
        "Si\u00e8ge passager \u00e0 r\u00e9glages \u00e9lectriques",
        "Si\u00e8ge passager avec r\u00e9glage lombaire",
        "Si\u00e8ge passager chauffant",
        "Si\u00e8ge passager r\u00e9glable en hauteur",
        "Suspension adaptative",
        "Syst\u00e8me avanc\u00e9 de d\u00e9tection d'obstacles",
        "Syst\u00e8me d'acc\u00e8s sans cl\u00e9",
        "Syst\u00e8me d'alerte de v\u00e9hicule en approche",
        "Syst\u00e8me d'\u00e9clairage intelligent",
        "Syst\u00e8me de contr\u00f4le des angles morts",
        "Syst\u00e8me de d\u00e9tection de somnolence",
        "Syst\u00e8me de pr\u00e9vention des collisions",
        "Syst\u00e8me de pr\u00e9vention des collisions AR",
        "TMC",
        "Verrouillage centralis\u00e9 \u00e0 distance",
        "Verrouillage centralis\u00e9 des portes",
        "Vitrage lat\u00e9ral feuillet\u00e9",
        "Vitres arri\u00e8re \u00e9lectriques",
        "Vitres arri\u00e8re surteint\u00e9es",
        "Vitres avant \u00e9lectriques",
        "Volant chauffant",
        "Volant cuir",
        "Volant multifonction",
        "6 Haut parleurs",
        "ABS",
        "Accoudoir central AR avec trappe \u00e0 skis",
        "Accoudoir central AV avec rangement",
        "AFIL",
        "Aide au d\u00e9marrage en c\u00f4te",
        "Airbag conducteur",
        "Airbag passager",
        "Airbag passager d\u00e9connectable",
        "Airbags lat\u00e9raux avant",
        "Airbags rideaux AV et AR",
        "Alcantara GSe/TEP effet cuir noir",
        "Allumage des phares automatique",
        "Antipatinage",
        "Appel d'Urgence Localis\u00e9",
        "Appui-t\u00eate conducteur r\u00e9glable hauteur",
        "Appui-t\u00eate passager r\u00e9glable en hauteur",
        "Assistance de maintient de trajectoire",
        "Banquette 60/40",
        "Banquette AR rabattable",
        "Becquet arri\u00e8re",
        "Cam\u00e9ra vue panoramique 360\u00b0",
        "Capteur de luminosit\u00e9",
        "Capteur de pluie",
        "Clim automatique bi-zones",
        "Commandes du syst\u00e8me audio au volant",
        "D\u00e9marrage sans cl\u00e9",
        "D\u00e9tecteur de sous-gonflage",
        "Eclairage au sol",
        "Eclairage d'ambiance",
        "Eclairage statique d'intersection",
        "Ecran multifonction couleur",
        "Ecran tactile",
        "ESP",
        "Feux arri\u00e8re \u00e0 LED",
        "Feux de jour \u00e0 LED",
        "Feux de route automatiques",
        "Filtre \u00e0 Pollen",
        "Fixations Isofix aux places arri\u00e8res",
        "Freinage automatique d'urgence",
        "GPS Cartographique",
        "Interface Media",
        "Jantes Alu",
        "Kit mains-libres Bluetooth",
        "Lampe de coffre",
        "Lampes de lecture \u00e0 l'avant",
        "Limiteur de vitesse",
        "Lunette arri\u00e8re surteint\u00e9e",
        "Miroir de courtoisie conducteur \u00e9clair\u00e9",
        "Miroir de courtoisie passager \u00e9clair\u00e9",
        "Mode de conduite",
        "Ordinateur de bord",
        "Palettes changement vitesses au volant",
        "Pare-brise acoustique",
        "P\u00e9dalier sport",
        "Phares antibrouillard LED",
        "Phares avant LED",
        "Phares de route adaptatifs",
        "Plafonnier central AV et AR \u00e0 LED",
        "Poches d'aumoni\u00e8res",
        "Poign\u00e9es ton carrosserie",
        "Porte-gobelets avant",
        "Prise 12V",
        "Prise auxiliaire de connexion audio",
        "Prise USB",
        "Radar de stationnement AR",
        "Radar de stationnement AV",
        "Radio num\u00e9rique DAB",
        "Reconnaissance panneaux de signalisation",
        "R\u00e9gulateur de vitesse adaptatif",
        "R\u00e9troviseur int\u00e9rieur \u00e9lectrochrome",
        "R\u00e9troviseurs d\u00e9givrants",
        "R\u00e9troviseurs \u00e9lectriques",
        "R\u00e9troviseurs ext\u00e9rieurs \u00e0 m\u00e9moire",
        "R\u00e9troviseurs rabattables \u00e9lectriquement",
        "Services connect\u00e9s",
        "Si\u00e8ge cond. avec r\u00e9glage lombaire \u00e9lectr",
        "Si\u00e8ge conducteur \u00e0 m\u00e9moire",
        "Si\u00e8ge conducteur chauffant",
        "Si\u00e8ge conducteur \u00e9lectrique",
        "Si\u00e8ge conducteur r\u00e9glable en hauteur",
        "Si\u00e8ge passager \u00e0 r\u00e9glages \u00e9lectriques",
        "Si\u00e8ge passager avec r\u00e9glage lombaire",
        "Si\u00e8ge passager chauffant",
        "Si\u00e8ge passager r\u00e9glable en hauteur",
        "Suspension adaptative",
        "Syst\u00e8me avanc\u00e9 de d\u00e9tection d'obstacles",
        "Syst\u00e8me d'acc\u00e8s sans cl\u00e9",
        "Syst\u00e8me d'alerte de v\u00e9hicule en approche",
        "Syst\u00e8me d'\u00e9clairage intelligent",
        "Syst\u00e8me de contr\u00f4le des angles morts",
        "Syst\u00e8me de d\u00e9tection de somnolence",
        "Syst\u00e8me de pr\u00e9vention des collisions",
        "Syst\u00e8me de pr\u00e9vention des collisions AR",
        "TMC",
        "Verrouillage centralis\u00e9 \u00e0 distance",
        "Verrouillage centralis\u00e9 des portes",
        "Vitrage lat\u00e9ral feuillet\u00e9",
        "Vitres arri\u00e8re \u00e9lectriques",
        "Vitres arri\u00e8re surteint\u00e9es",
        "Vitres avant \u00e9lectriques",
        "Volant chauffant",
        "Volant cuir",
        "Volant multifonction"
    ]
}