{
    "marque": "CITROEN",
    "modele": "C4",
    "couleur": "Blanc Banquise (O)",
    "kilometrage": "33 000 Km",
    "boite_de_vitesse": "Manuelle",
    "annee": "2015",
    "prix_ttc": "11 950 \u20ac",
    "puissance_fiscale": "6 CV",
    "type_vehicule": "Berline",
    "carburant": "Essence",
    "portes": "5 portes",
    "places": "5 places",
    "ville": "EYBENS (38320)",
    "garantie": "Bernard AUTO 3 mois",
    "mise_en_circulation": "02/04/2015",
    "reference": "2978-3668-36 (mu38c3)",
    "equipements": [],
    "liste_equipements_serie": [
        "ABS",
        "Accoudoir central AV avec rangement",
        "Aide au d\u00e9marrage en c\u00f4te",
        "Aide au freinage d'urgence",
        "Airbag conducteur",
        "Airbag passager d\u00e9connectable",
        "Airbags lat\u00e9raux avant",
        "Airbags rideaux AV et AR",
        "Allumage des phares automatique",
        "Antid\u00e9marrage \u00e9lectronique",
        "Antipatinage",
        "Arr\u00eat et red\u00e9marrage auto. du moteur",
        "Bacs de portes arri\u00e8re",
        "Bacs de portes avant",
        "Banquette 1/3-2/3",
        "Banquette AR rabattable",
        "Banquette arri\u00e8re 3 places",
        "Becquet arri\u00e8re",
        "Boite \u00e0 gants ferm\u00e9e",
        "Boucliers AV et AR couleur caisse",
        "Capteur de pluie",
        "Ceinture de vitrage chrom\u00e9e",
        "Ceintures avant ajustables en hauteur",
        "Clim automatique bi-zones",
        "Compte tours",
        "Contr\u00f4le de Traction Intelligent",
        "D\u00e9tecteur de sous-gonflage",
        "EBD",
        "Eclairage au sol",
        "Eclairage statique d'intersection",
        "ESP",
        "Essuie-glace arri\u00e8re",
        "Feux de freinage d'urgence",
        "Feux de jour \u00e0 LED",
        "Follow me home",
        "Jantes Alu",
        "Kit Fumeur",
        "Kit mains-libres Bluetooth",
        "Lampe de coffre",
        "Limiteur de vitesse",
        "Lunette arri\u00e8re surteint\u00e9e",
        "Maille Rayados Mistral",
        "Ordinateur de bord",
        "Ouverture des vitres s\u00e9quentielle",
        "Pack Urbain 1",
        "Pare-brise acoustique",
        "Phares additionnels en virage",
        "Phares antibrouillard",
        "Phares halog\u00e8nes",
        "Poches d'aumoni\u00e8res",
        "Poign\u00e9es ton carrosserie",
        "Pr\u00e9paration Isofix",
        "Prise 12V",
        "Prise USB",
        "Rangement sous si\u00e8ge passager avant",
        "R\u00e9gulateur de vitesse adaptatif",
        "R\u00e9p\u00e9titeurs de clignotant dans r\u00e9tro ext",
        "R\u00e9troviseur int\u00e9rieur \u00e9lectrochrome",
        "R\u00e9troviseurs d\u00e9givrants",
        "R\u00e9troviseurs \u00e9lectriques",
        "R\u00e9troviseurs ext. index\u00e9s \u00e0 la marche AR",
        "R\u00e9troviseurs rabattables \u00e9lectriquement",
        "Si\u00e8ge conducteur avec r\u00e9glage lombaire",
        "Si\u00e8ge conducteur r\u00e9glable en hauteur",
        "Syst. Nav. sur tablette tactile 7\"",
        "Tablette cache bagages",
        "T\u00e9moin de bouclage des ceintures AV",
        "Temp\u00e9rature ext\u00e9rieure",
        "Troisi\u00e8me ceinture de s\u00e9curit\u00e9",
        "Verrouillage auto. des portes en roulant",
        "Verrouillage centralis\u00e9 \u00e0 distance",
        "Vitres arri\u00e8re \u00e9lectriques",
        "Vitres arri\u00e8re surteint\u00e9es",
        "Vitres avant \u00e9lectriques",
        "Vitres et lunette arri\u00e8re surteint\u00e9es",
        "Vitres teint\u00e9es",
        "Volant r\u00e9glable en profondeur et hauteur",
        "ABS",
        "Accoudoir central AV avec rangement",
        "Aide au d\u00e9marrage en c\u00f4te",
        "Aide au freinage d'urgence",
        "Airbag conducteur",
        "Airbag passager d\u00e9connectable",
        "Airbags lat\u00e9raux avant",
        "Airbags rideaux AV et AR",
        "Allumage des phares automatique",
        "Antid\u00e9marrage \u00e9lectronique",
        "Antipatinage",
        "Arr\u00eat et red\u00e9marrage auto. du moteur",
        "Bacs de portes arri\u00e8re",
        "Bacs de portes avant",
        "Banquette 1/3-2/3",
        "Banquette AR rabattable",
        "Banquette arri\u00e8re 3 places",
        "Becquet arri\u00e8re",
        "Boite \u00e0 gants ferm\u00e9e",
        "Boucliers AV et AR couleur caisse",
        "Capteur de pluie",
        "Ceinture de vitrage chrom\u00e9e",
        "Ceintures avant ajustables en hauteur",
        "Clim automatique bi-zones",
        "Compte tours",
        "Contr\u00f4le de Traction Intelligent",
        "D\u00e9tecteur de sous-gonflage",
        "EBD",
        "Eclairage au sol",
        "Eclairage statique d'intersection",
        "ESP",
        "Essuie-glace arri\u00e8re",
        "Feux de freinage d'urgence",
        "Feux de jour \u00e0 LED",
        "Follow me home",
        "Jantes Alu",
        "Kit Fumeur",
        "Kit mains-libres Bluetooth",
        "Lampe de coffre",
        "Limiteur de vitesse",
        "Lunette arri\u00e8re surteint\u00e9e",
        "Maille Rayados Mistral",
        "Ordinateur de bord",
        "Ouverture des vitres s\u00e9quentielle",
        "Pack Urbain 1",
        "Pare-brise acoustique",
        "Phares additionnels en virage",
        "Phares antibrouillard",
        "Phares halog\u00e8nes",
        "Poches d'aumoni\u00e8res",
        "Poign\u00e9es ton carrosserie",
        "Pr\u00e9paration Isofix",
        "Prise 12V",
        "Prise USB",
        "Rangement sous si\u00e8ge passager avant",
        "R\u00e9gulateur de vitesse adaptatif",
        "R\u00e9p\u00e9titeurs de clignotant dans r\u00e9tro ext",
        "R\u00e9troviseur int\u00e9rieur \u00e9lectrochrome",
        "R\u00e9troviseurs d\u00e9givrants",
        "R\u00e9troviseurs \u00e9lectriques",
        "R\u00e9troviseurs ext. index\u00e9s \u00e0 la marche AR",
        "R\u00e9troviseurs rabattables \u00e9lectriquement",
        "Si\u00e8ge conducteur avec r\u00e9glage lombaire",
        "Si\u00e8ge conducteur r\u00e9glable en hauteur",
        "Syst. Nav. sur tablette tactile 7\"",
        "Tablette cache bagages",
        "T\u00e9moin de bouclage des ceintures AV",
        "Temp\u00e9rature ext\u00e9rieure",
        "Troisi\u00e8me ceinture de s\u00e9curit\u00e9",
        "Verrouillage auto. des portes en roulant",
        "Verrouillage centralis\u00e9 \u00e0 distance",
        "Vitres arri\u00e8re \u00e9lectriques",
        "Vitres arri\u00e8re surteint\u00e9es",
        "Vitres avant \u00e9lectriques",
        "Vitres et lunette arri\u00e8re surteint\u00e9es",
        "Vitres teint\u00e9es",
        "Volant r\u00e9glable en profondeur et hauteur"
    ]
}