{
    "marque": "CITROEN",
    "modele": "C3",
    "couleur": "Blanc Banquise - Noir Onyx",
    "kilometrage": "28 382 Km",
    "boite_de_vitesse": "Manuelle",
    "annee": "2020",
    "prix_ttc": "12 799 \u20ac",
    "puissance_fiscale": "4 CV",
    "type_vehicule": "Berline",
    "carburant": "Essence",
    "portes": "5 portes",
    "places": "5 places",
    "ville": "CHAMPNIERS (16430)",
    "garantie": "Spoticar-Premium 12 Mois",
    "mise_en_circulation": "28/09/2020",
    "reference": "1142-8963-22 (dac)",
    "equipements": [],
    "liste_equipements_serie": [
        "ABS",
        "Aide au d\u00e9marrage en c\u00f4te",
        "Aide au freinage d'urgence",
        "Airbag conducteur",
        "Airbag passager",
        "Airbags lat\u00e9raux avant",
        "Airbags rideaux AV et AR",
        "Antid\u00e9marrage \u00e9lectronique",
        "Banquette 1/3-2/3",
        "Banquette AR rabattable",
        "Banquette arri\u00e8re 3 places",
        "Boite \u00e0 gants ferm\u00e9e",
        "Clim automatique",
        "Commandes du syst\u00e8me audio au volant",
        "Connect Radio sur tablette tactile 7\"",
        "D\u00e9cors de personnalisation Letters",
        "D\u00e9tecteur de sous-gonflage",
        "EBD",
        "ESP",
        "Feux arri\u00e8re \u00e0 LED",
        "Feux de freinage d'urgence",
        "Feux de jour \u00e0 LED",
        "Fixation Isofix si\u00e8ge passager avant",
        "Fixations Isofix aux places arri\u00e8res",
        "Lampes de lecture \u00e0 l'avant",
        "Limiteur de vitesse",
        "Mirror Screen",
        "Ordinateur de bord",
        "Phares halog\u00e8nes",
        "Poign\u00e9es ton carrosserie",
        "Prise 12V",
        "R\u00e9gulateur de vitesse",
        "R\u00e9p\u00e9titeurs de clignotant dans r\u00e9tro ext",
        "R\u00e9troviseurs d\u00e9givrants",
        "R\u00e9troviseurs \u00e9lectriques",
        "R\u00e9troviseurs rabattables \u00e9lectriquement",
        "Sans Airbump Black",
        "Si\u00e8ge conducteur r\u00e9glable en hauteur",
        "Syst\u00e8me audio MP3 6 HP",
        "T\u00e9moin de bouclage ceinture conducteur",
        "T\u00e9moin de bouclage des ceintures AV",
        "Tissu Mica Grey",
        "Troisi\u00e8me ceinture de s\u00e9curit\u00e9",
        "Verrouillage centralis\u00e9 \u00e0 distance",
        "Verrouillage centralis\u00e9 des portes",
        "Vitres avant \u00e9lectriques",
        "Volant r\u00e9glable en profondeur et hauteur",
        "ABS",
        "Aide au d\u00e9marrage en c\u00f4te",
        "Aide au freinage d'urgence",
        "Airbag conducteur",
        "Airbag passager",
        "Airbags lat\u00e9raux avant",
        "Airbags rideaux AV et AR",
        "Antid\u00e9marrage \u00e9lectronique",
        "Banquette 1/3-2/3",
        "Banquette AR rabattable",
        "Banquette arri\u00e8re 3 places",
        "Boite \u00e0 gants ferm\u00e9e",
        "Clim automatique",
        "Commandes du syst\u00e8me audio au volant",
        "Connect Radio sur tablette tactile 7\"",
        "D\u00e9cors de personnalisation Letters",
        "D\u00e9tecteur de sous-gonflage",
        "EBD",
        "ESP",
        "Feux arri\u00e8re \u00e0 LED",
        "Feux de freinage d'urgence",
        "Feux de jour \u00e0 LED",
        "Fixation Isofix si\u00e8ge passager avant",
        "Fixations Isofix aux places arri\u00e8res",
        "Lampes de lecture \u00e0 l'avant",
        "Limiteur de vitesse",
        "Mirror Screen",
        "Ordinateur de bord",
        "Phares halog\u00e8nes",
        "Poign\u00e9es ton carrosserie",
        "Prise 12V",
        "R\u00e9gulateur de vitesse",
        "R\u00e9p\u00e9titeurs de clignotant dans r\u00e9tro ext",
        "R\u00e9troviseurs d\u00e9givrants",
        "R\u00e9troviseurs \u00e9lectriques",
        "R\u00e9troviseurs rabattables \u00e9lectriquement",
        "Sans Airbump Black",
        "Si\u00e8ge conducteur r\u00e9glable en hauteur",
        "Syst\u00e8me audio MP3 6 HP",
        "T\u00e9moin de bouclage ceinture conducteur",
        "T\u00e9moin de bouclage des ceintures AV",
        "Tissu Mica Grey",
        "Troisi\u00e8me ceinture de s\u00e9curit\u00e9",
        "Verrouillage centralis\u00e9 \u00e0 distance",
        "Verrouillage centralis\u00e9 des portes",
        "Vitres avant \u00e9lectriques",
        "Volant r\u00e9glable en profondeur et hauteur"
    ]
}