{
    "marque": "TOYOTA",
    "modele": "COROLLA",
    "couleur": "Blanc Nacr\u00e9 Bi-ton",
    "kilometrage": "75 565 Km",
    "boite_de_vitesse": "Automatique",
    "annee": "2019",
    "prix_ttc": "21 999 \u20ac",
    "puissance_fiscale": "7 CV",
    "type_vehicule": "Berline",
    "carburant": "Hybride",
    "portes": "5 portes",
    "places": "5 places",
    "ville": "SAINT-CYR-SUR-LOIRE (37540)",
    "garantie": "Spoticar-Premium 12 Mois",
    "mise_en_circulation": "29/03/2019",
    "reference": "2467-0145-42 (tasa)",
    "equipements": [],
    "liste_equipements_serie": []
}