{
    "marque": "NISSAN",
    "modele": "QASHQAI",
    "couleur": "Gris Argile Toit Noir",
    "kilometrage": "19 900 Km",
    "boite_de_vitesse": "Automatique",
    "annee": "2023",
    "prix_ttc": "35 799 \u20ac",
    "puissance_fiscale": "8 CV",
    "type_vehicule": "SUV",
    "carburant": "Hybride",
    "portes": "5 portes",
    "places": "5 places",
    "ville": "SAINT-AVOLD (57500)",
    "garantie": "Nissan Intelligence Choice 24 mois",
    "mise_en_circulation": "13/02/2023",
    "reference": "3020-6772-18 (jn57c3)",
    "equipements": [
        "cam_recul",
        "radar_recul",
        "gps",
        "tete_haute",
        "bluetooth",
        "clim_auto",
        "regulateur_vitesse",
        "toit_panoramique",
        "inte_cuir",
        "feux_led",
        "isofix",
        "jantes_alliage",
        "cam_recul",
        "radar_recul",
        "gps",
        "tete_haute",
        "bluetooth",
        "clim_auto",
        "regulateur_vitesse",
        "toit_panoramique",
        "inte_cuir",
        "feux_led",
        "isofix",
        "jantes_alliage"
    ],
    "liste_equipements_serie": [
        "10 Haut parleurs",
        "ABS",
        "Accoudoir arri\u00e8re",
        "Accoudoir central AV avec rangement",
        "Affichage t\u00eate haute",
        "AFIL",
        "Aide au d\u00e9marrage en c\u00f4te",
        "Aide au freinage d'urgence",
        "Airbag conducteur",
        "Airbag passager d\u00e9connectable",
        "Airbags lat\u00e9raux avant",
        "Airbags rideaux",
        "Alarme p\u00e9rim\u00e9trique",
        "Antid\u00e9marrage \u00e9lectronique",
        "Antipatinage",
        "Arr\u00eat et red\u00e9marrage auto. du moteur",
        "Assistance de maintient de trajectoire",
        "Bacs de portes arri\u00e8re",
        "Bacs de portes avant",
        "Banquette 60/40",
        "Banquette AR rabattable",
        "Banquette arri\u00e8re 3 places",
        "Boite \u00e0 gants ferm\u00e9e",
        "Borne Wi-Fi",
        "Cam\u00e9ra de recul",
        "Cam\u00e9ra vue panoramique 360\u00b0",
        "Capteur de luminosit\u00e9",
        "Capteur de pluie",
        "Ceintures avant ajustables en hauteur",
        "Clim automatique bi-zones",
        "Coffre assist\u00e9 \u00e9lectriquement",
        "Commande du comportement dynamique",
        "Commandes du syst\u00e8me audio au volant",
        "Compte tours",
        "Contr\u00f4le de freinage en courbe",
        "Contr\u00f4le \u00e9lect. de la pression des pneus",
        "Correcteur d'assiette",
        "Cuir Nappa Noir",
        "D\u00e9marrage sans cl\u00e9",
        "D\u00e9tecteur d'obstacles de proximit\u00e9 avant",
        "Diff\u00e9rentiel \u00e0 glissement limit\u00e9",
        "EBD",
        "Eclairage d'ambiance",
        "Ecran multifonction couleur",
        "Ecran tactile",
        "ESP",
        "Essuie-glace arri\u00e8re",
        "Feux arri\u00e8re \u00e0 LED",
        "Feux de jour \u00e0 LED",
        "Filtre \u00e0 particules",
        "Filtre \u00e0 Pollen",
        "Fixations Isofix aux places arri\u00e8res",
        "Fonction appel d'urgence",
        "Fonction MP3",
        "Freinage automatique d'urgence",
        "GPS Cartographique",
        "Guidage pour manoeuvre de stationnement",
        "Interface Media",
        "Jantes Alu",
        "Kit mains-libres Bluetooth",
        "Lampe de coffre",
        "Lampes de lecture \u00e0 l'arri\u00e8re",
        "Lampes de lecture \u00e0 l'avant",
        "Lecteur CD",
        "Limiteur de vitesse",
        "Lunette AR d\u00e9givrante",
        "Lunette arri\u00e8re teint\u00e9e",
        "Miroir de courtoisie conducteur \u00e9clair\u00e9",
        "Miroir de courtoisie passager \u00e9clair\u00e9",
        "Ordinateur de bord",
        "Ouverture des vitres s\u00e9quentielle",
        "Ouverture du coffre mains-libres",
        "Palettes changement vitesses au volant",
        "Pare-brise chauffant",
        "Phares antibrouillard LED",
        "Phares avant LED",
        "Phares de route adaptatifs",
        "Phares directionnels",
        "Plancher de coffre mobile",
        "Poign\u00e9es ton carrosserie",
        "Porte-gobelets arri\u00e8re",
        "Porte-gobelets avant",
        "Prise 12V",
        "Prise auxiliaire de connexion audio",
        "Prise USB",
        "Radar de stationnement AR",
        "Radar de stationnement AV",
        "Radio",
        "Radio num\u00e9rique DAB",
        "Reconnaissance panneaux de signalisation",
        "R\u00e9gulateur de vitesse adaptatif",
        "R\u00e9partiteur \u00e9lectronique de freinage",
        "R\u00e9p\u00e9titeurs de clignotant dans r\u00e9tro ext",
        "R\u00e9troviseur int\u00e9rieur \u00e9lectrochrome",
        "R\u00e9troviseurs d\u00e9givrants",
        "R\u00e9troviseurs \u00e9lectriques",
        "R\u00e9troviseurs ext. index\u00e9s \u00e0 la marche AR",
        "R\u00e9troviseurs ext\u00e9rieurs \u00e0 m\u00e9moire",
        "R\u00e9troviseurs rabattables automatique",
        "Rouge Toscane (Opaque)",
        "Sangles de coffre",
        "Services connect\u00e9s",
        "Si\u00e8ge cond. avec r\u00e9glage lombaire \u00e9lectr",
        "Si\u00e8ge conducteur \u00e0 m\u00e9moire",
        "Si\u00e8ge conducteur chauffant",
        "Si\u00e8ge conducteur \u00e9lectrique",
        "Si\u00e8ge conducteur r\u00e9glable en hauteur",
        "Si\u00e8ge passager \u00e0 r\u00e9glages \u00e9lectriques",
        "Si\u00e8ge passager chauffant",
        "Si\u00e8ge passager r\u00e9glable en hauteur",
        "Si\u00e8ges avant massants",
        "Si\u00e8ges AV  avec r\u00e9glage lombaire \u00e9lectr",
        "Syst\u00e8me d'acc\u00e8s sans cl\u00e9",
        "Syst\u00e8me d'assistance au stationnement",
        "Syst\u00e8me de contr\u00f4le des angles morts",
        "Syst\u00e8me de d\u00e9tection de somnolence",
        "Syst\u00e8me de localisation par satellite",
        "Syst\u00e8me de maintien du v\u00e9hicule en c\u00f4te",
        "Syst\u00e8me de mesure de place disponible",
        "Syst\u00e8me de pr\u00e9vention des collisions",
        "Syst\u00e8me de pr\u00e9vention des collisions AR",
        "Syst\u00e8me de pr\u00e9vention des \u00e9carts",
        "Syst\u00e8me Hi-Fi Surround",
        "Tablette cache bagages",
        "T\u00e9moin de bouclage ceinture conducteur",
        "Toit panoramique en verre",
        "Troisi\u00e8me ceinture de s\u00e9curit\u00e9",
        "Verrouillage auto. des portes en roulant",
        "Verrouillage centralis\u00e9 \u00e0 distance",
        "Verrouillage centralis\u00e9 des portes",
        "Vitres arri\u00e8re \u00e9lectriques",
        "Vitres arri\u00e8re teint\u00e9es",
        "Vitres avant \u00e9lectriques",
        "Volant chauffant",
        "Volant cuir",
        "Volant multifonction",
        "Volant r\u00e9glable en profondeur et hauteur",
        "10 Haut parleurs",
        "ABS",
        "Accoudoir arri\u00e8re",
        "Accoudoir central AV avec rangement",
        "Affichage t\u00eate haute",
        "AFIL",
        "Aide au d\u00e9marrage en c\u00f4te",
        "Aide au freinage d'urgence",
        "Airbag conducteur",
        "Airbag passager d\u00e9connectable",
        "Airbags lat\u00e9raux avant",
        "Airbags rideaux",
        "Alarme p\u00e9rim\u00e9trique",
        "Antid\u00e9marrage \u00e9lectronique",
        "Antipatinage",
        "Arr\u00eat et red\u00e9marrage auto. du moteur",
        "Assistance de maintient de trajectoire",
        "Bacs de portes arri\u00e8re",
        "Bacs de portes avant",
        "Banquette 60/40",
        "Banquette AR rabattable",
        "Banquette arri\u00e8re 3 places",
        "Boite \u00e0 gants ferm\u00e9e",
        "Borne Wi-Fi",
        "Cam\u00e9ra de recul",
        "Cam\u00e9ra vue panoramique 360\u00b0",
        "Capteur de luminosit\u00e9",
        "Capteur de pluie",
        "Ceintures avant ajustables en hauteur",
        "Clim automatique bi-zones",
        "Coffre assist\u00e9 \u00e9lectriquement",
        "Commande du comportement dynamique",
        "Commandes du syst\u00e8me audio au volant",
        "Compte tours",
        "Contr\u00f4le de freinage en courbe",
        "Contr\u00f4le \u00e9lect. de la pression des pneus",
        "Correcteur d'assiette",
        "Cuir Nappa Noir",
        "D\u00e9marrage sans cl\u00e9",
        "D\u00e9tecteur d'obstacles de proximit\u00e9 avant",
        "Diff\u00e9rentiel \u00e0 glissement limit\u00e9",
        "EBD",
        "Eclairage d'ambiance",
        "Ecran multifonction couleur",
        "Ecran tactile",
        "ESP",
        "Essuie-glace arri\u00e8re",
        "Feux arri\u00e8re \u00e0 LED",
        "Feux de jour \u00e0 LED",
        "Filtre \u00e0 particules",
        "Filtre \u00e0 Pollen",
        "Fixations Isofix aux places arri\u00e8res",
        "Fonction appel d'urgence",
        "Fonction MP3",
        "Freinage automatique d'urgence",
        "GPS Cartographique",
        "Guidage pour manoeuvre de stationnement",
        "Interface Media",
        "Jantes Alu",
        "Kit mains-libres Bluetooth",
        "Lampe de coffre",
        "Lampes de lecture \u00e0 l'arri\u00e8re",
        "Lampes de lecture \u00e0 l'avant",
        "Lecteur CD",
        "Limiteur de vitesse",
        "Lunette AR d\u00e9givrante",
        "Lunette arri\u00e8re teint\u00e9e",
        "Miroir de courtoisie conducteur \u00e9clair\u00e9",
        "Miroir de courtoisie passager \u00e9clair\u00e9",
        "Ordinateur de bord",
        "Ouverture des vitres s\u00e9quentielle",
        "Ouverture du coffre mains-libres",
        "Palettes changement vitesses au volant",
        "Pare-brise chauffant",
        "Phares antibrouillard LED",
        "Phares avant LED",
        "Phares de route adaptatifs",
        "Phares directionnels",
        "Plancher de coffre mobile",
        "Poign\u00e9es ton carrosserie",
        "Porte-gobelets arri\u00e8re",
        "Porte-gobelets avant",
        "Prise 12V",
        "Prise auxiliaire de connexion audio",
        "Prise USB",
        "Radar de stationnement AR",
        "Radar de stationnement AV",
        "Radio",
        "Radio num\u00e9rique DAB",
        "Reconnaissance panneaux de signalisation",
        "R\u00e9gulateur de vitesse adaptatif",
        "R\u00e9partiteur \u00e9lectronique de freinage",
        "R\u00e9p\u00e9titeurs de clignotant dans r\u00e9tro ext",
        "R\u00e9troviseur int\u00e9rieur \u00e9lectrochrome",
        "R\u00e9troviseurs d\u00e9givrants",
        "R\u00e9troviseurs \u00e9lectriques",
        "R\u00e9troviseurs ext. index\u00e9s \u00e0 la marche AR",
        "R\u00e9troviseurs ext\u00e9rieurs \u00e0 m\u00e9moire",
        "R\u00e9troviseurs rabattables automatique",
        "Rouge Toscane (Opaque)",
        "Sangles de coffre",
        "Services connect\u00e9s",
        "Si\u00e8ge cond. avec r\u00e9glage lombaire \u00e9lectr",
        "Si\u00e8ge conducteur \u00e0 m\u00e9moire",
        "Si\u00e8ge conducteur chauffant",
        "Si\u00e8ge conducteur \u00e9lectrique",
        "Si\u00e8ge conducteur r\u00e9glable en hauteur",
        "Si\u00e8ge passager \u00e0 r\u00e9glages \u00e9lectriques",
        "Si\u00e8ge passager chauffant",
        "Si\u00e8ge passager r\u00e9glable en hauteur",
        "Si\u00e8ges avant massants",
        "Si\u00e8ges AV  avec r\u00e9glage lombaire \u00e9lectr",
        "Syst\u00e8me d'acc\u00e8s sans cl\u00e9",
        "Syst\u00e8me d'assistance au stationnement",
        "Syst\u00e8me de contr\u00f4le des angles morts",
        "Syst\u00e8me de d\u00e9tection de somnolence",
        "Syst\u00e8me de localisation par satellite",
        "Syst\u00e8me de maintien du v\u00e9hicule en c\u00f4te",
        "Syst\u00e8me de mesure de place disponible",
        "Syst\u00e8me de pr\u00e9vention des collisions",
        "Syst\u00e8me de pr\u00e9vention des collisions AR",
        "Syst\u00e8me de pr\u00e9vention des \u00e9carts",
        "Syst\u00e8me Hi-Fi Surround",
        "Tablette cache bagages",
        "T\u00e9moin de bouclage ceinture conducteur",
        "Toit panoramique en verre",
        "Troisi\u00e8me ceinture de s\u00e9curit\u00e9",
        "Verrouillage auto. des portes en roulant",
        "Verrouillage centralis\u00e9 \u00e0 distance",
        "Verrouillage centralis\u00e9 des portes",
        "Vitres arri\u00e8re \u00e9lectriques",
        "Vitres arri\u00e8re teint\u00e9es",
        "Vitres avant \u00e9lectriques",
        "Volant chauffant",
        "Volant cuir",
        "Volant multifonction",
        "Volant r\u00e9glable en profondeur et hauteur"
    ]
}