{
    "marque": "RENAULT",
    "modele": "TWINGO",
    "couleur": "Orange Valencia",
    "kilometrage": "13 014 Km",
    "boite_de_vitesse": "Manuelle",
    "annee": "2022",
    "prix_ttc": "12 999 \u20ac",
    "puissance_fiscale": "4 CV",
    "type_vehicule": "Berline",
    "carburant": "Essence",
    "portes": "5 portes",
    "places": "4 places",
    "ville": "REIMS (51100)",
    "garantie": "12 mois pi\u00e8ces et main d'oeuvre",
    "mise_en_circulation": "25/11/2022",
    "reference": "2882-9615-23 (re51c2)",
    "equipements": [],
    "liste_equipements_serie": [
        "2 Haut parleurs",
        "ABS",
        "Aide au d\u00e9marrage en c\u00f4te",
        "Aide au freinage d'urgence",
        "Airbag conducteur",
        "Airbag passager",
        "Airbag passager d\u00e9connectable",
        "Airbags lat\u00e9raux avant",
        "Antid\u00e9marrage \u00e9lectronique",
        "Appel d'Urgence Localis\u00e9",
        "Arr\u00eat et red\u00e9marrage auto. du moteur",
        "Bacs de portes avant",
        "Banquette 50/50",
        "Banquette AR rabattable",
        "Becquet arri\u00e8re",
        "Boite \u00e0 gants ferm\u00e9e",
        "Boucliers AV et AR couleur caisse",
        "Capteur de luminosit\u00e9",
        "Capteur de pluie",
        "Clim automatique",
        "Commandes du syst\u00e8me audio au volant",
        "D\u00e9tecteur de sous-gonflage",
        "Direction assist\u00e9e",
        "EBD",
        "Ecran multifonction couleur",
        "Ecran tactile",
        "Enjoliveurs",
        "ESP",
        "Feux de freinage d'urgence",
        "Feux de jour \u00e0 LED",
        "Fixations Isofix aux places arri\u00e8res",
        "Hayon arri\u00e8re",
        "Interface Media",
        "Kit mains-libres Bluetooth",
        "Limiteur de vitesse",
        "Lunette AR d\u00e9givrante",
        "Lunette arri\u00e8re",
        "Miroir de courtoisie conducteur",
        "Miroir de courtoisie passager",
        "Ordinateur de bord",
        "Poign\u00e9es ton carrosserie",
        "Prise 12V",
        "Prise Jack",
        "Prise USB",
        "Radio",
        "Radio num\u00e9rique DAB",
        "R\u00e9troviseurs d\u00e9givrants",
        "R\u00e9troviseurs \u00e9lectriques",
        "Si\u00e8ge conducteur r\u00e9glable en hauteur",
        "Si\u00e8ge passager avec dossier repliable",
        "Tablette cache bagages",
        "T\u00e9moin de bouclage ceinture conducteur",
        "T\u00e9moin de bouclage des ceintures AV",
        "Tissu Noir / Gris",
        "Verrouillage auto. des portes en roulant",
        "Verrouillage centralis\u00e9 \u00e0 distance",
        "Vitres avant \u00e9lectriques",
        "Vitres teint\u00e9es",
        "Volant r\u00e9glable en hauteur",
        "2 Haut parleurs",
        "ABS",
        "Aide au d\u00e9marrage en c\u00f4te",
        "Aide au freinage d'urgence",
        "Airbag conducteur",
        "Airbag passager",
        "Airbag passager d\u00e9connectable",
        "Airbags lat\u00e9raux avant",
        "Antid\u00e9marrage \u00e9lectronique",
        "Appel d'Urgence Localis\u00e9",
        "Arr\u00eat et red\u00e9marrage auto. du moteur",
        "Bacs de portes avant",
        "Banquette 50/50",
        "Banquette AR rabattable",
        "Becquet arri\u00e8re",
        "Boite \u00e0 gants ferm\u00e9e",
        "Boucliers AV et AR couleur caisse",
        "Capteur de luminosit\u00e9",
        "Capteur de pluie",
        "Clim automatique",
        "Commandes du syst\u00e8me audio au volant",
        "D\u00e9tecteur de sous-gonflage",
        "Direction assist\u00e9e",
        "EBD",
        "Ecran multifonction couleur",
        "Ecran tactile",
        "Enjoliveurs",
        "ESP",
        "Feux de freinage d'urgence",
        "Feux de jour \u00e0 LED",
        "Fixations Isofix aux places arri\u00e8res",
        "Hayon arri\u00e8re",
        "Interface Media",
        "Kit mains-libres Bluetooth",
        "Limiteur de vitesse",
        "Lunette AR d\u00e9givrante",
        "Lunette arri\u00e8re",
        "Miroir de courtoisie conducteur",
        "Miroir de courtoisie passager",
        "Ordinateur de bord",
        "Poign\u00e9es ton carrosserie",
        "Prise 12V",
        "Prise Jack",
        "Prise USB",
        "Radio",
        "Radio num\u00e9rique DAB",
        "R\u00e9troviseurs d\u00e9givrants",
        "R\u00e9troviseurs \u00e9lectriques",
        "Si\u00e8ge conducteur r\u00e9glable en hauteur",
        "Si\u00e8ge passager avec dossier repliable",
        "Tablette cache bagages",
        "T\u00e9moin de bouclage ceinture conducteur",
        "T\u00e9moin de bouclage des ceintures AV",
        "Tissu Noir / Gris",
        "Verrouillage auto. des portes en roulant",
        "Verrouillage centralis\u00e9 \u00e0 distance",
        "Vitres avant \u00e9lectriques",
        "Vitres teint\u00e9es",
        "Volant r\u00e9glable en hauteur"
    ]
}