{
    "marque": "PEUGEOT",
    "modele": "208",
    "couleur": "Peinture metallisee jaune faro",
    "kilometrage": "43 783 Km",
    "boite_de_vitesse": "Automatique",
    "annee": "2020",
    "prix_ttc": "17 299 \u20ac",
    "puissance_fiscale": "4 CV",
    "type_vehicule": "Berline",
    "carburant": "Electrique",
    "portes": "5 portes",
    "places": "5 places",
    "ville": "CHARMEIL (03110)",
    "garantie": "Spoticar-Premium 12 Mois",
    "mise_en_circulation": "16/09/2020",
    "reference": "7512-3514-80 (abc2)",
    "equipements": [],
    "liste_equipements_serie": [
        "6 Haut parleurs",
        "6 Haut parleurs",
        "ABS",
        "ABS",
        "Affichage t\u00eate haute",
        "AFIL",
        "AFIL",
        "Aide au d\u00e9marrage en c\u00f4te",
        "Aide au d\u00e9marrage en c\u00f4te",
        "Aide au freinage d'urgence",
        "Airbag conducteur",
        "Airbag passager",
        "Airbag passager d\u00e9connectable",
        "Airbag passager d\u00e9connectable",
        "Airbags lat\u00e9raux avant",
        "Airbags rideaux AV et AR",
        "Allumage des phares automatique",
        "Antid\u00e9marrage \u00e9lectronique",
        "Antid\u00e9marrage \u00e9lectronique",
        "Antipatinage",
        "Appel d'Assistance Localis\u00e9",
        "Appel d'Urgence Localis\u00e9",
        "Bacs de portes avant",
        "Bacs de portes avant",
        "Banquette 1/3-2/3",
        "Banquette AR rabattable",
        "Banquette AR rabattable",
        "Banquette arri\u00e8re 3 places",
        "Boite \u00e0 gants ferm\u00e9e",
        "Boite \u00e0 gants ferm\u00e9e",
        "Clim automatique",
        "Clim manuelle",
        "Commandes du syst\u00e8me audio au volant",
        "Compte tours",
        "Compte tours",
        "D\u00e9marrage sans cl\u00e9",
        "D\u00e9tecteur de sous-gonflage indirect",
        "D\u00e9tecteur de sous-gonflage indirect",
        "Ecran couleur",
        "Ecran couleur",
        "Ecran multifonction couleur",
        "Ecran tactile",
        "Enjoliveurs",
        "ESP",
        "Essuie-glace arri\u00e8re",
        "Feux de freinage d'urgence",
        "Feux de jour \u00e0 LED",
        "Feux de jour \u00e0 LED",
        "Filtre \u00e0 Pollen",
        "Filtre \u00e0 Pollen",
        "Fixations Isofix aux places arri\u00e8res",
        "Fonction DAB (Radio Num\u00e9rique Terrestre)",
        "Freinage automatique d'urgence",
        "Frein stationnement \u00e9lectrique",
        "Frein stationnement \u00e9lectrique",
        "Interface Media",
        "Kit de d\u00e9pannage pneumatique",
        "Kit de d\u00e9pannage pneumatique",
        "Kit mains-libres Bluetooth",
        "Lampe de coffre",
        "Limiteur de vitesse",
        "Ordinateur de bord",
        "Ouverture des vitres s\u00e9quentielle",
        "Ouverture des vitres s\u00e9quentielle",
        "Pack Safety Plus",
        "Peugeot Connect SOS et Assistance",
        "Peugeot i-Cockpit combin\u00e9 TFT couleur",
        "Phares halog\u00e8nes",
        "Prise USB",
        "Radio",
        "Reconnaissance panneaux de signalisation",
        "R\u00e9gulateur de vitesse",
        "R\u00e9troviseurs d\u00e9givrants",
        "R\u00e9troviseurs d\u00e9givrants",
        "R\u00e9troviseurs \u00e9lectriques",
        "R\u00e9troviseurs rabattables \u00e9lectriquement",
        "Si\u00e8ge conducteur r\u00e9glable en hauteur",
        "Syst. r\u00e9cup\u00e9ration \u00e9nergie d\u00e9c\u00e9l\u00e9ration",
        "Syst. r\u00e9cup\u00e9ration \u00e9nergie d\u00e9c\u00e9l\u00e9ration",
        "Syst\u00e8me de d\u00e9tection de somnolence",
        "Tablette cache bagages",
        "Tablette cache bagages",
        "Temp\u00e9rature ext\u00e9rieure",
        "Temp\u00e9rature ext\u00e9rieure",
        "Troisi\u00e8me ceinture de s\u00e9curit\u00e9",
        "Verrouillage auto. des portes en roulant",
        "Verrouillage centralis\u00e9 \u00e0 distance",
        "Verrouillage centralis\u00e9 des portes",
        "Verrouillage centralis\u00e9 des portes",
        "Vitres avant \u00e9lectriques",
        "Vitres teint\u00e9es",
        "Vitres teint\u00e9es",
        "6 Haut parleurs",
        "6 Haut parleurs",
        "ABS",
        "ABS",
        "Affichage t\u00eate haute",
        "AFIL",
        "AFIL",
        "Aide au d\u00e9marrage en c\u00f4te",
        "Aide au d\u00e9marrage en c\u00f4te",
        "Aide au freinage d'urgence",
        "Airbag conducteur",
        "Airbag passager",
        "Airbag passager d\u00e9connectable",
        "Airbag passager d\u00e9connectable",
        "Airbags lat\u00e9raux avant",
        "Airbags rideaux AV et AR",
        "Allumage des phares automatique",
        "Antid\u00e9marrage \u00e9lectronique",
        "Antid\u00e9marrage \u00e9lectronique",
        "Antipatinage",
        "Appel d'Assistance Localis\u00e9",
        "Appel d'Urgence Localis\u00e9",
        "Bacs de portes avant",
        "Bacs de portes avant",
        "Banquette 1/3-2/3",
        "Banquette AR rabattable",
        "Banquette AR rabattable",
        "Banquette arri\u00e8re 3 places",
        "Boite \u00e0 gants ferm\u00e9e",
        "Boite \u00e0 gants ferm\u00e9e",
        "Clim automatique",
        "Clim manuelle",
        "Commandes du syst\u00e8me audio au volant",
        "Compte tours",
        "Compte tours",
        "D\u00e9marrage sans cl\u00e9",
        "D\u00e9tecteur de sous-gonflage indirect",
        "D\u00e9tecteur de sous-gonflage indirect",
        "Ecran couleur",
        "Ecran couleur",
        "Ecran multifonction couleur",
        "Ecran tactile",
        "Enjoliveurs",
        "ESP",
        "Essuie-glace arri\u00e8re",
        "Feux de freinage d'urgence",
        "Feux de jour \u00e0 LED",
        "Feux de jour \u00e0 LED",
        "Filtre \u00e0 Pollen",
        "Filtre \u00e0 Pollen",
        "Fixations Isofix aux places arri\u00e8res",
        "Fonction DAB (Radio Num\u00e9rique Terrestre)",
        "Freinage automatique d'urgence",
        "Frein stationnement \u00e9lectrique",
        "Frein stationnement \u00e9lectrique",
        "Interface Media",
        "Kit de d\u00e9pannage pneumatique",
        "Kit de d\u00e9pannage pneumatique",
        "Kit mains-libres Bluetooth",
        "Lampe de coffre",
        "Limiteur de vitesse",
        "Ordinateur de bord",
        "Ouverture des vitres s\u00e9quentielle",
        "Ouverture des vitres s\u00e9quentielle",
        "Pack Safety Plus",
        "Peugeot Connect SOS et Assistance",
        "Peugeot i-Cockpit combin\u00e9 TFT couleur",
        "Phares halog\u00e8nes",
        "Prise USB",
        "Radio",
        "Reconnaissance panneaux de signalisation",
        "R\u00e9gulateur de vitesse",
        "R\u00e9troviseurs d\u00e9givrants",
        "R\u00e9troviseurs d\u00e9givrants",
        "R\u00e9troviseurs \u00e9lectriques",
        "R\u00e9troviseurs rabattables \u00e9lectriquement",
        "Si\u00e8ge conducteur r\u00e9glable en hauteur",
        "Syst. r\u00e9cup\u00e9ration \u00e9nergie d\u00e9c\u00e9l\u00e9ration",
        "Syst. r\u00e9cup\u00e9ration \u00e9nergie d\u00e9c\u00e9l\u00e9ration",
        "Syst\u00e8me de d\u00e9tection de somnolence",
        "Tablette cache bagages",
        "Tablette cache bagages",
        "Temp\u00e9rature ext\u00e9rieure",
        "Temp\u00e9rature ext\u00e9rieure",
        "Troisi\u00e8me ceinture de s\u00e9curit\u00e9",
        "Verrouillage auto. des portes en roulant",
        "Verrouillage centralis\u00e9 \u00e0 distance",
        "Verrouillage centralis\u00e9 des portes",
        "Verrouillage centralis\u00e9 des portes",
        "Vitres avant \u00e9lectriques",
        "Vitres teint\u00e9es",
        "Vitres teint\u00e9es"
    ]
}