{
    "marque": "SUZUKI",
    "modele": "ACROSS",
    "couleur": "Gray Metallic",
    "kilometrage": "100 Km",
    "boite_de_vitesse": "Automatique",
    "annee": "2023",
    "prix_ttc": "48 640 \u20ac",
    "puissance_fiscale": "10 CV",
    "type_vehicule": "SUV",
    "carburant": "Hybride rechargeable",
    "portes": "5 portes",
    "places": "5 places",
    "ville": "COIGNI\u00c8RES (78310)",
    "garantie": "-",
    "mise_en_circulation": "27/09/2023",
    "reference": "1563-4104-39 (fd78c3)",
    "equipements": [
        "cam_recul",
        "radar_recul",
        "gps",
        "bluetooth",
        "clim_auto",
        "regulateur_vitesse",
        "feux_led",
        "isofix",
        "jantes_alliage",
        "cam_recul",
        "radar_recul",
        "gps",
        "bluetooth",
        "clim_auto",
        "regulateur_vitesse",
        "feux_led",
        "isofix",
        "jantes_alliage"
    ],
    "liste_equipements_serie": [
        "6 Haut parleurs",
        "ABS",
        "Accoudoir central AV avec rangement",
        "AFIL",
        "Aide au d\u00e9marrage en c\u00f4te",
        "Aide au freinage d'urgence",
        "Airbag conducteur",
        "Airbag genoux",
        "Airbag passager d\u00e9connectable",
        "Airbags lat\u00e9raux avant",
        "Airbags rideaux",
        "Airbags rideaux AR",
        "Antid\u00e9marrage \u00e9lectronique",
        "Antipatinage",
        "Appel d'Urgence Localis\u00e9",
        "Arr\u00eat et red\u00e9marrage auto. du moteur",
        "Assistance de maintient de trajectoire",
        "Attelage remorque",
        "Banquette 60/40",
        "Banquette AR rabattable",
        "Banquette arri\u00e8re 3 places",
        "Barres de toit",
        "BAS",
        "Blocage \u00e9lectronique du diff\u00e9rentiel",
        "Boite \u00e0 gants ferm\u00e9e",
        "Boucliers AV et AR couleur caisse",
        "Cam\u00e9ra de recul",
        "Capteur de luminosit\u00e9",
        "Capteur de pluie",
        "Ceinture de vitrage chrom\u00e9e",
        "Clim automatique bi-zones",
        "Coffre assist\u00e9 \u00e9lectriquement",
        "Commande du comportement dynamique",
        "Commandes du syst\u00e8me audio au volant",
        "Contr\u00f4le de couple en courbe",
        "Contr\u00f4le de traction",
        "Contr\u00f4le \u00e9lect. de la pression des pneus",
        "Cuir synth/tissu sport noir et rouge",
        "D\u00e9marrage sans cl\u00e9",
        "Diff\u00e9rentiel \u00e0 glissement limit\u00e9",
        "Double portes arri\u00e8re de chargement",
        "EBD",
        "Echappement \u00e0 double sortie",
        "Eclairage au sol",
        "Ecran multifonction couleur",
        "Ecran tactile",
        "ESP",
        "Essuie-glace arri\u00e8re",
        "Feux arri\u00e8re \u00e0 LED",
        "Feux de jour",
        "Feux de jour \u00e0 LED",
        "Filets de coffre",
        "Filtre \u00e0 particules",
        "Filtre \u00e0 Pollen",
        "Fixations Isofix aux places arri\u00e8res",
        "Follow me home",
        "Fonction MP3",
        "Freinage automatique d'urgence",
        "GPS Cartographique",
        "Interface Media",
        "Jantes Alu",
        "Kit mains-libres Bluetooth",
        "Lampe de coffre",
        "Levier vitesse cuir",
        "Limiteur de vitesse",
        "Lunette arri\u00e8re surteint\u00e9e",
        "Miroir de courtoisie conducteur \u00e9clair\u00e9",
        "Miroir de courtoisie passager \u00e9clair\u00e9",
        "Ordinateur de bord",
        "Ouverture des vitres s\u00e9quentielle",
        "Ouverture du coffre mains-libres",
        "Palettes changement vitesses au volant",
        "Phares antibrouillard LED",
        "Phares avant LED",
        "Poches d'aumoni\u00e8res",
        "Poign\u00e9es ton carrosserie",
        "Porte-gobelets arri\u00e8re",
        "Porte-gobelets avant",
        "Prise 12V",
        "Prise 220V",
        "Prise auxiliaire de connexion audio",
        "Prise USB",
        "Radar de stationnement AR",
        "Radar de stationnement AV",
        "Radio",
        "Radio num\u00e9rique DAB",
        "Reconnaissance panneaux de signalisation",
        "R\u00e9gulateur de vitesse adaptatif",
        "R\u00e9p\u00e9titeurs de clignotant dans r\u00e9tro ext",
        "R\u00e9troviseur int\u00e9rieur \u00e9lectrochrome",
        "R\u00e9troviseurs d\u00e9givrants",
        "R\u00e9troviseurs \u00e9lectriques",
        "R\u00e9troviseurs rabattables automatique",
        "Services connect\u00e9s",
        "Si\u00e8ge cond. avec r\u00e9glage lombaire \u00e9lectr",
        "Si\u00e8ge conducteur chauffant",
        "Si\u00e8ge conducteur \u00e9lectrique",
        "Si\u00e8ge conducteur r\u00e9glable en hauteur",
        "Si\u00e8ge passager chauffant",
        "Si\u00e8ges arri\u00e8re chauffants",
        "Sortie d'\u00e9chappement chrom\u00e9e",
        "Syst. intelligent gestion des cylindres",
        "Syst\u00e8me avanc\u00e9 de d\u00e9tection d'obstacles",
        "Syst\u00e8me d'acc\u00e8s sans cl\u00e9",
        "Syst\u00e8me d'alerte de v\u00e9hicule en approche",
        "Syst\u00e8me d'\u00e9clairage intelligent",
        "Syst\u00e8me de contr\u00f4le des angles morts",
        "Syst\u00e8me de d\u00e9tection de somnolence",
        "Syst\u00e8me de pr\u00e9vention des collisions",
        "Syst\u00e8me de pr\u00e9vention des collisions AR",
        "Tablette cache bagages",
        "Temp\u00e9rature ext\u00e9rieure",
        "TMC",
        "Verrouillage auto. des portes en roulant",
        "Verrouillage centralis\u00e9 \u00e0 distance",
        "Verrouillage centralis\u00e9 des portes",
        "Vitres arri\u00e8re \u00e9lectriques",
        "Vitres arri\u00e8re surteint\u00e9es",
        "Vitres avant \u00e9lectriques",
        "Volant chauffant",
        "Volant cuir",
        "Volant multifonction",
        "Volant r\u00e9glable en profondeur et hauteur",
        "6 Haut parleurs",
        "ABS",
        "Accoudoir central AV avec rangement",
        "AFIL",
        "Aide au d\u00e9marrage en c\u00f4te",
        "Aide au freinage d'urgence",
        "Airbag conducteur",
        "Airbag genoux",
        "Airbag passager d\u00e9connectable",
        "Airbags lat\u00e9raux avant",
        "Airbags rideaux",
        "Airbags rideaux AR",
        "Antid\u00e9marrage \u00e9lectronique",
        "Antipatinage",
        "Appel d'Urgence Localis\u00e9",
        "Arr\u00eat et red\u00e9marrage auto. du moteur",
        "Assistance de maintient de trajectoire",
        "Attelage remorque",
        "Banquette 60/40",
        "Banquette AR rabattable",
        "Banquette arri\u00e8re 3 places",
        "Barres de toit",
        "BAS",
        "Blocage \u00e9lectronique du diff\u00e9rentiel",
        "Boite \u00e0 gants ferm\u00e9e",
        "Boucliers AV et AR couleur caisse",
        "Cam\u00e9ra de recul",
        "Capteur de luminosit\u00e9",
        "Capteur de pluie",
        "Ceinture de vitrage chrom\u00e9e",
        "Clim automatique bi-zones",
        "Coffre assist\u00e9 \u00e9lectriquement",
        "Commande du comportement dynamique",
        "Commandes du syst\u00e8me audio au volant",
        "Contr\u00f4le de couple en courbe",
        "Contr\u00f4le de traction",
        "Contr\u00f4le \u00e9lect. de la pression des pneus",
        "Cuir synth/tissu sport noir et rouge",
        "D\u00e9marrage sans cl\u00e9",
        "Diff\u00e9rentiel \u00e0 glissement limit\u00e9",
        "Double portes arri\u00e8re de chargement",
        "EBD",
        "Echappement \u00e0 double sortie",
        "Eclairage au sol",
        "Ecran multifonction couleur",
        "Ecran tactile",
        "ESP",
        "Essuie-glace arri\u00e8re",
        "Feux arri\u00e8re \u00e0 LED",
        "Feux de jour",
        "Feux de jour \u00e0 LED",
        "Filets de coffre",
        "Filtre \u00e0 particules",
        "Filtre \u00e0 Pollen",
        "Fixations Isofix aux places arri\u00e8res",
        "Follow me home",
        "Fonction MP3",
        "Freinage automatique d'urgence",
        "GPS Cartographique",
        "Interface Media",
        "Jantes Alu",
        "Kit mains-libres Bluetooth",
        "Lampe de coffre",
        "Levier vitesse cuir",
        "Limiteur de vitesse",
        "Lunette arri\u00e8re surteint\u00e9e",
        "Miroir de courtoisie conducteur \u00e9clair\u00e9",
        "Miroir de courtoisie passager \u00e9clair\u00e9",
        "Ordinateur de bord",
        "Ouverture des vitres s\u00e9quentielle",
        "Ouverture du coffre mains-libres",
        "Palettes changement vitesses au volant",
        "Phares antibrouillard LED",
        "Phares avant LED",
        "Poches d'aumoni\u00e8res",
        "Poign\u00e9es ton carrosserie",
        "Porte-gobelets arri\u00e8re",
        "Porte-gobelets avant",
        "Prise 12V",
        "Prise 220V",
        "Prise auxiliaire de connexion audio",
        "Prise USB",
        "Radar de stationnement AR",
        "Radar de stationnement AV",
        "Radio",
        "Radio num\u00e9rique DAB",
        "Reconnaissance panneaux de signalisation",
        "R\u00e9gulateur de vitesse adaptatif",
        "R\u00e9p\u00e9titeurs de clignotant dans r\u00e9tro ext",
        "R\u00e9troviseur int\u00e9rieur \u00e9lectrochrome",
        "R\u00e9troviseurs d\u00e9givrants",
        "R\u00e9troviseurs \u00e9lectriques",
        "R\u00e9troviseurs rabattables automatique",
        "Services connect\u00e9s",
        "Si\u00e8ge cond. avec r\u00e9glage lombaire \u00e9lectr",
        "Si\u00e8ge conducteur chauffant",
        "Si\u00e8ge conducteur \u00e9lectrique",
        "Si\u00e8ge conducteur r\u00e9glable en hauteur",
        "Si\u00e8ge passager chauffant",
        "Si\u00e8ges arri\u00e8re chauffants",
        "Sortie d'\u00e9chappement chrom\u00e9e",
        "Syst. intelligent gestion des cylindres",
        "Syst\u00e8me avanc\u00e9 de d\u00e9tection d'obstacles",
        "Syst\u00e8me d'acc\u00e8s sans cl\u00e9",
        "Syst\u00e8me d'alerte de v\u00e9hicule en approche",
        "Syst\u00e8me d'\u00e9clairage intelligent",
        "Syst\u00e8me de contr\u00f4le des angles morts",
        "Syst\u00e8me de d\u00e9tection de somnolence",
        "Syst\u00e8me de pr\u00e9vention des collisions",
        "Syst\u00e8me de pr\u00e9vention des collisions AR",
        "Tablette cache bagages",
        "Temp\u00e9rature ext\u00e9rieure",
        "TMC",
        "Verrouillage auto. des portes en roulant",
        "Verrouillage centralis\u00e9 \u00e0 distance",
        "Verrouillage centralis\u00e9 des portes",
        "Vitres arri\u00e8re \u00e9lectriques",
        "Vitres arri\u00e8re surteint\u00e9es",
        "Vitres avant \u00e9lectriques",
        "Volant chauffant",
        "Volant cuir",
        "Volant multifonction",
        "Volant r\u00e9glable en profondeur et hauteur"
    ]
}