{
    "marque": "BMW",
    "modele": "SERIE 1",
    "couleur": "-",
    "kilometrage": "4 000 Km",
    "boite_de_vitesse": "Automatique",
    "annee": "2024",
    "prix_ttc": "31 990 \u20ac",
    "puissance_fiscale": "6 CV",
    "type_vehicule": "Berline",
    "carburant": "Essence",
    "portes": "5 portes",
    "places": "5 places",
    "ville": "POITIERS (86000)",
    "garantie": "-",
    "mise_en_circulation": "29/03/2024",
    "reference": "7861-7537-40 (futu)",
    "equipements": [
        "cam_recul",
        "radar_recul",
        "gps",
        "bluetooth",
        "clim_auto",
        "regulateur_vitesse",
        "feux_led",
        "isofix",
        "jantes_alliage",
        "cam_recul",
        "radar_recul",
        "gps",
        "bluetooth",
        "clim_auto",
        "regulateur_vitesse",
        "feux_led",
        "isofix",
        "jantes_alliage"
    ],
    "liste_equipements_serie": [
        "6 Haut parleurs",
        "ABS",
        "Accoudoir central AV avec rangement",
        "AFIL",
        "Aide au d\u00e9marrage en c\u00f4te",
        "Aide au freinage d'urgence",
        "Airbag conducteur",
        "Airbag passager d\u00e9connectable",
        "Airbags lat\u00e9raux avant",
        "Airbags rideaux",
        "Airbags rideaux AR",
        "Alpinweiss",
        "Antid\u00e9marrage \u00e9lectronique",
        "Antipatinage",
        "Appel d'Assistance Localis\u00e9",
        "Appel d'Urgence Localis\u00e9",
        "Appui-t\u00eate conducteur r\u00e9glable hauteur",
        "Appui-t\u00eate passager r\u00e9glable en hauteur",
        "Arr\u00eat et red\u00e9marrage auto. du moteur",
        "Assistance de maintien de trajectoire",
        "Bacs de portes arri\u00e8re",
        "Bacs de portes avant",
        "Banquette 60/40",
        "Banquette AR rabattable",
        "Banquette arri\u00e8re 3 places",
        "Boite \u00e0 gants ferm\u00e9e",
        "Borne Wi-Fi",
        "Cam\u00e9ra de recul",
        "Capteur de luminosit\u00e9",
        "Capteur de pluie",
        "Clim automatique",
        "Commandes du syst\u00e8me audio au volant",
        "Commandes vocales",
        "Compte tours",
        "Contr\u00f4le de freinage en courbe",
        "Contr\u00f4le \u00e9lect. de la pression des pneus",
        "D\u00e9marrage sans cl\u00e9",
        "EBD",
        "Eclairage au sol",
        "Eclairage d'ambiance",
        "Ecran multifonction couleur",
        "Ecran tactile",
        "ESP",
        "Feux arri\u00e8re \u00e0 LED",
        "Feux de jour \u00e0 LED",
        "Filtre \u00e0 Pollen",
        "Fixations Isofix aux places arri\u00e8res",
        "Follow me home",
        "Fonction MP3",
        "Freinage automatique d'urgence",
        "GPS Cartographique",
        "iDrive",
        "Indicateur de limitation de vitesse",
        "Interface Media",
        "Jantes Alu",
        "Kit mains-libres Bluetooth",
        "Lampe de coffre",
        "Lampes de lecture \u00e0 l'avant",
        "Limiteur de vitesse",
        "Miroir de courtoisie conducteur \u00e9clair\u00e9",
        "Miroir de courtoisie passager \u00e9clair\u00e9",
        "Mode de conduite",
        "Ordinateur de bord",
        "Phares antibrouillard LED",
        "Phares avant LED",
        "Phares de route adaptatifs",
        "Poches d'aumoni\u00e8res",
        "Poign\u00e9es ton carrosserie",
        "Porte-gobelets avant",
        "Prise 12V",
        "Prise USB",
        "Radar de stationnement AR",
        "Radar de stationnement AV",
        "Radio",
        "Radio num\u00e9rique DAB",
        "R\u00e9gulateur de vitesse",
        "R\u00e9gulateur de vitesse et de distance",
        "R\u00e9p\u00e9titeurs de clignotant dans r\u00e9tro ext",
        "R\u00e9troviseurs d\u00e9givrants",
        "R\u00e9troviseurs \u00e9lectriques",
        "R\u00e9troviseurs rabattables \u00e9lectriquement",
        "Services connect\u00e9s",
        "Si\u00e8ge conducteur r\u00e9glable en hauteur",
        "Si\u00e8ge passager r\u00e9glable en hauteur",
        "Si\u00e8ges avant sport",
        "Sortie d'\u00e9chappement chrom\u00e9e",
        "Suspensions Sport",
        "Syst\u00e8me d'assistance au stationnement",
        "Syst\u00e8me de d\u00e9tection de somnolence",
        "Syst\u00e8me de mesure de place disponible",
        "Syst\u00e8me de pr\u00e9vention des collisions",
        "Syst\u00e8me Hi-Fi Surround",
        "Temp\u00e9rature ext\u00e9rieure",
        "Tissu/Similicuir Sensatec Schwarz",
        "TMC",
        "Verrouillage auto. des portes en roulant",
        "Verrouillage centralis\u00e9 \u00e0 distance",
        "Vitres arri\u00e8re \u00e9lectriques",
        "Vitres avant \u00e9lectriques",
        "Volant cuir",
        "Volant multifonction",
        "Volant r\u00e9glable en profondeur et hauteur",
        "Volant sport",
        "6 Haut parleurs",
        "ABS",
        "Accoudoir central AV avec rangement",
        "AFIL",
        "Aide au d\u00e9marrage en c\u00f4te",
        "Aide au freinage d'urgence",
        "Airbag conducteur",
        "Airbag passager d\u00e9connectable",
        "Airbags lat\u00e9raux avant",
        "Airbags rideaux",
        "Airbags rideaux AR",
        "Alpinweiss",
        "Antid\u00e9marrage \u00e9lectronique",
        "Antipatinage",
        "Appel d'Assistance Localis\u00e9",
        "Appel d'Urgence Localis\u00e9",
        "Appui-t\u00eate conducteur r\u00e9glable hauteur",
        "Appui-t\u00eate passager r\u00e9glable en hauteur",
        "Arr\u00eat et red\u00e9marrage auto. du moteur",
        "Assistance de maintien de trajectoire",
        "Bacs de portes arri\u00e8re",
        "Bacs de portes avant",
        "Banquette 60/40",
        "Banquette AR rabattable",
        "Banquette arri\u00e8re 3 places",
        "Boite \u00e0 gants ferm\u00e9e",
        "Borne Wi-Fi",
        "Cam\u00e9ra de recul",
        "Capteur de luminosit\u00e9",
        "Capteur de pluie",
        "Clim automatique",
        "Commandes du syst\u00e8me audio au volant",
        "Commandes vocales",
        "Compte tours",
        "Contr\u00f4le de freinage en courbe",
        "Contr\u00f4le \u00e9lect. de la pression des pneus",
        "D\u00e9marrage sans cl\u00e9",
        "EBD",
        "Eclairage au sol",
        "Eclairage d'ambiance",
        "Ecran multifonction couleur",
        "Ecran tactile",
        "ESP",
        "Feux arri\u00e8re \u00e0 LED",
        "Feux de jour \u00e0 LED",
        "Filtre \u00e0 Pollen",
        "Fixations Isofix aux places arri\u00e8res",
        "Follow me home",
        "Fonction MP3",
        "Freinage automatique d'urgence",
        "GPS Cartographique",
        "iDrive",
        "Indicateur de limitation de vitesse",
        "Interface Media",
        "Jantes Alu",
        "Kit mains-libres Bluetooth",
        "Lampe de coffre",
        "Lampes de lecture \u00e0 l'avant",
        "Limiteur de vitesse",
        "Miroir de courtoisie conducteur \u00e9clair\u00e9",
        "Miroir de courtoisie passager \u00e9clair\u00e9",
        "Mode de conduite",
        "Ordinateur de bord",
        "Phares antibrouillard LED",
        "Phares avant LED",
        "Phares de route adaptatifs",
        "Poches d'aumoni\u00e8res",
        "Poign\u00e9es ton carrosserie",
        "Porte-gobelets avant",
        "Prise 12V",
        "Prise USB",
        "Radar de stationnement AR",
        "Radar de stationnement AV",
        "Radio",
        "Radio num\u00e9rique DAB",
        "R\u00e9gulateur de vitesse",
        "R\u00e9gulateur de vitesse et de distance",
        "R\u00e9p\u00e9titeurs de clignotant dans r\u00e9tro ext",
        "R\u00e9troviseurs d\u00e9givrants",
        "R\u00e9troviseurs \u00e9lectriques",
        "R\u00e9troviseurs rabattables \u00e9lectriquement",
        "Services connect\u00e9s",
        "Si\u00e8ge conducteur r\u00e9glable en hauteur",
        "Si\u00e8ge passager r\u00e9glable en hauteur",
        "Si\u00e8ges avant sport",
        "Sortie d'\u00e9chappement chrom\u00e9e",
        "Suspensions Sport",
        "Syst\u00e8me d'assistance au stationnement",
        "Syst\u00e8me de d\u00e9tection de somnolence",
        "Syst\u00e8me de mesure de place disponible",
        "Syst\u00e8me de pr\u00e9vention des collisions",
        "Syst\u00e8me Hi-Fi Surround",
        "Temp\u00e9rature ext\u00e9rieure",
        "Tissu/Similicuir Sensatec Schwarz",
        "TMC",
        "Verrouillage auto. des portes en roulant",
        "Verrouillage centralis\u00e9 \u00e0 distance",
        "Vitres arri\u00e8re \u00e9lectriques",
        "Vitres avant \u00e9lectriques",
        "Volant cuir",
        "Volant multifonction",
        "Volant r\u00e9glable en profondeur et hauteur",
        "Volant sport"
    ]
}