{
    "marque": "MINI",
    "modele": "MINI",
    "couleur": "Solaris orange metalise",
    "kilometrage": "26 365 Km",
    "boite_de_vitesse": "Manuelle",
    "annee": "2020",
    "prix_ttc": "22 999 \u20ac",
    "puissance_fiscale": "7 CV",
    "type_vehicule": "Berline",
    "carburant": "Essence",
    "portes": "3 portes",
    "places": "4 places",
    "ville": "M\u00c9ES (40990)",
    "garantie": "MINI Next 24 mois",
    "mise_en_circulation": "18/12/2020",
    "reference": "9923-2916-50 (bm40c1)",
    "equipements": [
        "radar_recul",
        "gps",
        "bluetooth",
        "clim_auto",
        "regulateur_vitesse",
        "toit_ouvrant",
        "feux_led",
        "isofix",
        "jantes_alliage",
        "radar_recul",
        "gps",
        "bluetooth",
        "clim_auto",
        "regulateur_vitesse",
        "toit_ouvrant",
        "feux_led",
        "isofix",
        "jantes_alliage"
    ],
    "liste_equipements_serie": [
        "4 Haut parleurs",
        "ABS",
        "Accoudoir central AV avec rangement",
        "Aide au freinage d'urgence",
        "Airbag conducteur",
        "Airbag passager",
        "Airbags lat\u00e9raux avant",
        "Airbags rideaux AV et AR",
        "Antid\u00e9marrage \u00e9lectronique",
        "Antipatinage",
        "Appel d'Urgence Localis\u00e9",
        "Appui-t\u00eate conducteur r\u00e9glable hauteur",
        "Appui-t\u00eate passager r\u00e9glable en hauteur",
        "Arr\u00eat et red\u00e9marrage auto. du moteur",
        "Bacs de portes avant",
        "Banquette 2 places",
        "Banquette 60/40",
        "Banquette AR rabattable",
        "Becquet arri\u00e8re",
        "Blocage \u00e9lectronique du diff\u00e9rentiel",
        "Boucliers AV et AR couleur caisse",
        "Buses de lave-glace chauffantes",
        "Capteur de luminosit\u00e9",
        "Capteur de pluie",
        "Clim automatique bi-zones",
        "Commande du comportement dynamique",
        "Commandes du syst\u00e8me audio au volant",
        "Compte tours",
        "Contr\u00f4le de Traction",
        "Contr\u00f4le \u00e9lect. de la pression des pneus",
        "D\u00e9marrage sans cl\u00e9",
        "EBD",
        "Eclairage au sol",
        "Eclairage d'ambiance",
        "Ecran multifonction couleur",
        "Ecran tactile",
        "ESP",
        "Essuie-glace arri\u00e8re",
        "Feux arri\u00e8re \u00e0 LED",
        "Feux de freinage d'urgence",
        "Feux de jour \u00e0 LED",
        "Feux de position \u00e0 LED",
        "Filtre \u00e0 Pollen",
        "Fixation Isofix si\u00e8ge passager avant",
        "Fixations Isofix aux places arri\u00e8res",
        "Follow me home",
        "Fonction MP3",
        "GPS Cartographique",
        "Interface Media",
        "Jantes Alu",
        "Kit mains-libres Bluetooth",
        "Lampes de lecture \u00e0 l'avant",
        "Limiteur de vitesse",
        "Lunette AR d\u00e9givrante",
        "Miroir de courtoisie conducteur \u00e9clair\u00e9",
        "Miroir de courtoisie passager \u00e9clair\u00e9",
        "Ordinateur de bord",
        "Ouverture des vitres s\u00e9quentielle",
        "Phares antibrouillard LED",
        "Phares avant LED",
        "Pommeau de levier de vitesse m\u00e9tal",
        "Porte-gobelets avant",
        "Pr\u00e9paration Isofix",
        "Prise 12V",
        "Prise auxiliaire de connexion audio",
        "Prise iPod",
        "Prise USB",
        "Radar de stationnement AR",
        "Radio",
        "Radio num\u00e9rique DAB",
        "R\u00e9gulateur de vitesse",
        "R\u00e9troviseurs d\u00e9givrants",
        "R\u00e9troviseurs \u00e9lectriques",
        "R\u00e9troviseurs ext. index\u00e9s \u00e0 la marche AR",
        "R\u00e9troviseurs rabattables \u00e9lectriquement",
        "Services connect\u00e9s",
        "Si\u00e8ge conducteur r\u00e9glable en hauteur",
        "Si\u00e8ge passager r\u00e9glable en hauteur",
        "Si\u00e8ges avant sport",
        "Stations de webradio",
        "Sticker",
        "Syst\u00e8me de localisation par satellite",
        "Syst\u00e8me de s\u00e9curit\u00e9 post-collisions",
        "Syst\u00e8me facilitant l'acc\u00e8s aux places AR",
        "Tapis de sol en velours",
        "Temp\u00e9rature ext\u00e9rieure",
        "Tissu/Similicuir Black Pearl Carbon",
        "TMC",
        "Toit ouvrant \u00e9lectrique panoramique",
        "Velum rang 1",
        "Velum rang 2",
        "Verrouillage auto. des portes en roulant",
        "Verrouillage centralis\u00e9 \u00e0 distance",
        "Verrouillage centralis\u00e9 des portes",
        "Vitres avant \u00e9lectriques",
        "Vitres teint\u00e9es",
        "Volant cuir",
        "Volant multifonction",
        "Volant r\u00e9glable en profondeur et hauteur",
        "4 Haut parleurs",
        "ABS",
        "Accoudoir central AV avec rangement",
        "Aide au freinage d'urgence",
        "Airbag conducteur",
        "Airbag passager",
        "Airbags lat\u00e9raux avant",
        "Airbags rideaux AV et AR",
        "Antid\u00e9marrage \u00e9lectronique",
        "Antipatinage",
        "Appel d'Urgence Localis\u00e9",
        "Appui-t\u00eate conducteur r\u00e9glable hauteur",
        "Appui-t\u00eate passager r\u00e9glable en hauteur",
        "Arr\u00eat et red\u00e9marrage auto. du moteur",
        "Bacs de portes avant",
        "Banquette 2 places",
        "Banquette 60/40",
        "Banquette AR rabattable",
        "Becquet arri\u00e8re",
        "Blocage \u00e9lectronique du diff\u00e9rentiel",
        "Boucliers AV et AR couleur caisse",
        "Buses de lave-glace chauffantes",
        "Capteur de luminosit\u00e9",
        "Capteur de pluie",
        "Clim automatique bi-zones",
        "Commande du comportement dynamique",
        "Commandes du syst\u00e8me audio au volant",
        "Compte tours",
        "Contr\u00f4le de Traction",
        "Contr\u00f4le \u00e9lect. de la pression des pneus",
        "D\u00e9marrage sans cl\u00e9",
        "EBD",
        "Eclairage au sol",
        "Eclairage d'ambiance",
        "Ecran multifonction couleur",
        "Ecran tactile",
        "ESP",
        "Essuie-glace arri\u00e8re",
        "Feux arri\u00e8re \u00e0 LED",
        "Feux de freinage d'urgence",
        "Feux de jour \u00e0 LED",
        "Feux de position \u00e0 LED",
        "Filtre \u00e0 Pollen",
        "Fixation Isofix si\u00e8ge passager avant",
        "Fixations Isofix aux places arri\u00e8res",
        "Follow me home",
        "Fonction MP3",
        "GPS Cartographique",
        "Interface Media",
        "Jantes Alu",
        "Kit mains-libres Bluetooth",
        "Lampes de lecture \u00e0 l'avant",
        "Limiteur de vitesse",
        "Lunette AR d\u00e9givrante",
        "Miroir de courtoisie conducteur \u00e9clair\u00e9",
        "Miroir de courtoisie passager \u00e9clair\u00e9",
        "Ordinateur de bord",
        "Ouverture des vitres s\u00e9quentielle",
        "Phares antibrouillard LED",
        "Phares avant LED",
        "Pommeau de levier de vitesse m\u00e9tal",
        "Porte-gobelets avant",
        "Pr\u00e9paration Isofix",
        "Prise 12V",
        "Prise auxiliaire de connexion audio",
        "Prise iPod",
        "Prise USB",
        "Radar de stationnement AR",
        "Radio",
        "Radio num\u00e9rique DAB",
        "R\u00e9gulateur de vitesse",
        "R\u00e9troviseurs d\u00e9givrants",
        "R\u00e9troviseurs \u00e9lectriques",
        "R\u00e9troviseurs ext. index\u00e9s \u00e0 la marche AR",
        "R\u00e9troviseurs rabattables \u00e9lectriquement",
        "Services connect\u00e9s",
        "Si\u00e8ge conducteur r\u00e9glable en hauteur",
        "Si\u00e8ge passager r\u00e9glable en hauteur",
        "Si\u00e8ges avant sport",
        "Stations de webradio",
        "Sticker",
        "Syst\u00e8me de localisation par satellite",
        "Syst\u00e8me de s\u00e9curit\u00e9 post-collisions",
        "Syst\u00e8me facilitant l'acc\u00e8s aux places AR",
        "Tapis de sol en velours",
        "Temp\u00e9rature ext\u00e9rieure",
        "Tissu/Similicuir Black Pearl Carbon",
        "TMC",
        "Toit ouvrant \u00e9lectrique panoramique",
        "Velum rang 1",
        "Velum rang 2",
        "Verrouillage auto. des portes en roulant",
        "Verrouillage centralis\u00e9 \u00e0 distance",
        "Verrouillage centralis\u00e9 des portes",
        "Vitres avant \u00e9lectriques",
        "Vitres teint\u00e9es",
        "Volant cuir",
        "Volant multifonction",
        "Volant r\u00e9glable en profondeur et hauteur"
    ]
}