{
    "marque": "DS",
    "modele": "DS 7 CROSSBACK",
    "couleur": "Gris Artense (M)",
    "kilometrage": "45 750 Km",
    "boite_de_vitesse": "Automatique",
    "annee": "2020",
    "prix_ttc": "34 900 \u20ac",
    "puissance_fiscale": "10 CV",
    "type_vehicule": "SUV",
    "carburant": "Essence",
    "portes": "5 portes",
    "places": "5 places",
    "ville": "MEXY (54135)",
    "garantie": "12 mois pi\u00e8ces et main d'oeuvre",
    "mise_en_circulation": "10/11/2020",
    "reference": "1032-4261-10 (re54c1)",
    "equipements": [],
    "liste_equipements_serie": [
        "ABS",
        "Accoudoir arri\u00e8re",
        "Accoudoir central AV avec rangement",
        "AFIL",
        "Aide au d\u00e9marrage en c\u00f4te",
        "Aide au freinage d'urgence",
        "Aide au stationnement arri\u00e8re",
        "Airbag conducteur",
        "Airbag passager",
        "Airbag passager d\u00e9connectable",
        "Airbags lat\u00e9raux arri\u00e8re",
        "Airbags lat\u00e9raux avant",
        "Airbags rideaux",
        "Airbags rideaux AR",
        "Alarme - SCCP et s\u00e9curit\u00e9 enfant \u00e9lect.",
        "Allumage des phares automatique",
        "Antipatinage",
        "Appel d'Assistance Localis\u00e9",
        "Appel d'Urgence Localis\u00e9",
        "Assistance de maintien de trajectoire",
        "Bacs de portes arri\u00e8re",
        "Bacs de portes avant",
        "Banquette 1/3-2/3",
        "Banquette AR rabattable",
        "Banquette AR rabattable automatiquement",
        "Boite \u00e0 gants \u00e9clair\u00e9e et r\u00e9frig\u00e9rable",
        "Capteur de pluie",
        "Ceinture de vitrage chrom\u00e9e",
        "Climatisation automatique bizone",
        "Clim automatique arriere",
        "Clim automatique bi-zones",
        "Combin\u00e9 num\u00e9rique 12\"",
        "Commandes vocales",
        "Contr\u00f4le de Traction Intelligent",
        "D\u00e9tecteur de sous-gonflage",
        "DS CONNECT NAV avec radio num\u00e9rique",
        "Echappement \u00e0 double sortie",
        "Eclairage d'ambiance",
        "Eclairage statique d'intersection",
        "Ecran couleur",
        "Ecran tactile",
        "ESP",
        "Feux arri\u00e8re \u00e0 LED",
        "Feux de freinage d'urgence",
        "Feux de jour \u00e0 LED",
        "Filtre \u00e0 Pollen",
        "Fixation Isofix si\u00e8ge passager avant",
        "Fixations Isofix aux places arri\u00e8res",
        "Follow me home",
        "Freinage automatique d'urgence",
        "Frein stationnement \u00e9lectrique automatiq",
        "Inspiration DS PERFORMANCE Line",
        "JA 19\" BEIJING",
        "Limiteur de vitesse",
        "Lunette arri\u00e8re surteint\u00e9e",
        "Miroir de courtoisie conducteur \u00e9clair\u00e9",
        "Miroir de courtoisie passager \u00e9clair\u00e9",
        "Ordinateur de bord",
        "Pack Si\u00e8ges Confort",
        "Palettes changement vitesses au volant",
        "Pare-brise acoustique",
        "P\u00e9dalier et repose-pied en aluminium",
        "Phares antibrouillard LED",
        "Phares x\u00e9non",
        "Poches d'aumoni\u00e8res",
        "Poign\u00e9es ton carrosserie",
        "Prise 12V",
        "Prise USB",
        "Projecteurs antibrouillard \u00e0 LED",
        "Reconnaissance panneaux de signalisation",
        "R\u00e9partiteur \u00e9lectronique de freinage",
        "R\u00e9p\u00e9titeurs de clignotant dans r\u00e9tro ext",
        "R\u00e9tro. ext. rab. \u00e9lect., logo DS au sol",
        "R\u00e9tro. Int. \u00e9lectrochrome sans cadre",
        "R\u00e9troviseurs d\u00e9givrants",
        "R\u00e9troviseurs \u00e9lectriques",
        "Sellerie Alcantara PERFORMANCE Line",
        "Services connect\u00e9s",
        "Si\u00e8ge conducteur r\u00e9glable en hauteur",
        "Si\u00e8ge passager r\u00e9glable en hauteur",
        "Si\u00e8ges AV  avec r\u00e9glage lombaire \u00e9lectr",
        "Surtapis avant et arri\u00e8re",
        "Syst\u00e8me de d\u00e9tection de somnolence",
        "Syst\u00e8me Hi-Fi Surround",
        "T\u00e9moin de bouclage des ceintures AV",
        "Verrouillage centralis\u00e9 \u00e0 distance",
        "Verrouillage centralis\u00e9 des portes",
        "Vitres arri\u00e8re \u00e9lectriques",
        "Vitres arri\u00e8re surteint\u00e9es",
        "Vitres avant \u00e9lectriques",
        "Volant cuir",
        "Volant r\u00e9glable en profondeur et hauteur",
        "ABS",
        "Accoudoir arri\u00e8re",
        "Accoudoir central AV avec rangement",
        "AFIL",
        "Aide au d\u00e9marrage en c\u00f4te",
        "Aide au freinage d'urgence",
        "Aide au stationnement arri\u00e8re",
        "Airbag conducteur",
        "Airbag passager",
        "Airbag passager d\u00e9connectable",
        "Airbags lat\u00e9raux arri\u00e8re",
        "Airbags lat\u00e9raux avant",
        "Airbags rideaux",
        "Airbags rideaux AR",
        "Alarme - SCCP et s\u00e9curit\u00e9 enfant \u00e9lect.",
        "Allumage des phares automatique",
        "Antipatinage",
        "Appel d'Assistance Localis\u00e9",
        "Appel d'Urgence Localis\u00e9",
        "Assistance de maintien de trajectoire",
        "Bacs de portes arri\u00e8re",
        "Bacs de portes avant",
        "Banquette 1/3-2/3",
        "Banquette AR rabattable",
        "Banquette AR rabattable automatiquement",
        "Boite \u00e0 gants \u00e9clair\u00e9e et r\u00e9frig\u00e9rable",
        "Capteur de pluie",
        "Ceinture de vitrage chrom\u00e9e",
        "Climatisation automatique bizone",
        "Clim automatique arriere",
        "Clim automatique bi-zones",
        "Combin\u00e9 num\u00e9rique 12\"",
        "Commandes vocales",
        "Contr\u00f4le de Traction Intelligent",
        "D\u00e9tecteur de sous-gonflage",
        "DS CONNECT NAV avec radio num\u00e9rique",
        "Echappement \u00e0 double sortie",
        "Eclairage d'ambiance",
        "Eclairage statique d'intersection",
        "Ecran couleur",
        "Ecran tactile",
        "ESP",
        "Feux arri\u00e8re \u00e0 LED",
        "Feux de freinage d'urgence",
        "Feux de jour \u00e0 LED",
        "Filtre \u00e0 Pollen",
        "Fixation Isofix si\u00e8ge passager avant",
        "Fixations Isofix aux places arri\u00e8res",
        "Follow me home",
        "Freinage automatique d'urgence",
        "Frein stationnement \u00e9lectrique automatiq",
        "Inspiration DS PERFORMANCE Line",
        "JA 19\" BEIJING",
        "Limiteur de vitesse",
        "Lunette arri\u00e8re surteint\u00e9e",
        "Miroir de courtoisie conducteur \u00e9clair\u00e9",
        "Miroir de courtoisie passager \u00e9clair\u00e9",
        "Ordinateur de bord",
        "Pack Si\u00e8ges Confort",
        "Palettes changement vitesses au volant",
        "Pare-brise acoustique",
        "P\u00e9dalier et repose-pied en aluminium",
        "Phares antibrouillard LED",
        "Phares x\u00e9non",
        "Poches d'aumoni\u00e8res",
        "Poign\u00e9es ton carrosserie",
        "Prise 12V",
        "Prise USB",
        "Projecteurs antibrouillard \u00e0 LED",
        "Reconnaissance panneaux de signalisation",
        "R\u00e9partiteur \u00e9lectronique de freinage",
        "R\u00e9p\u00e9titeurs de clignotant dans r\u00e9tro ext",
        "R\u00e9tro. ext. rab. \u00e9lect., logo DS au sol",
        "R\u00e9tro. Int. \u00e9lectrochrome sans cadre",
        "R\u00e9troviseurs d\u00e9givrants",
        "R\u00e9troviseurs \u00e9lectriques",
        "Sellerie Alcantara PERFORMANCE Line",
        "Services connect\u00e9s",
        "Si\u00e8ge conducteur r\u00e9glable en hauteur",
        "Si\u00e8ge passager r\u00e9glable en hauteur",
        "Si\u00e8ges AV  avec r\u00e9glage lombaire \u00e9lectr",
        "Surtapis avant et arri\u00e8re",
        "Syst\u00e8me de d\u00e9tection de somnolence",
        "Syst\u00e8me Hi-Fi Surround",
        "T\u00e9moin de bouclage des ceintures AV",
        "Verrouillage centralis\u00e9 \u00e0 distance",
        "Verrouillage centralis\u00e9 des portes",
        "Vitres arri\u00e8re \u00e9lectriques",
        "Vitres arri\u00e8re surteint\u00e9es",
        "Vitres avant \u00e9lectriques",
        "Volant cuir",
        "Volant r\u00e9glable en profondeur et hauteur"
    ]
}