{
    "marque": "FIAT",
    "modele": "500",
    "couleur": "Crossover Black M\u00e9tal",
    "kilometrage": "13 644 Km",
    "boite_de_vitesse": "Manuelle",
    "annee": "2020",
    "prix_ttc": "12 999 \u20ac",
    "puissance_fiscale": "4 CV",
    "type_vehicule": "Berline",
    "carburant": "3 portes",
    "portes": "4 places",
    "places": "REZ\u00c9 (44400)",
    "ville": "Hy-premium AUTOSPHERE 12 mois",
    "garantie": "14/08/2020",
    "mise_en_circulation": "2476-1931-99 (mu44c4)",
    "reference": "Particulier",
    "equipements": [],
    "liste_equipements_serie": [
        "6 Haut parleurs",
        "ABS",
        "Aide au d\u00e9marrage en c\u00f4te",
        "Aide au freinage d'urgence",
        "Airbag conducteur",
        "Airbag genoux",
        "Airbag passager d\u00e9connectable",
        "Airbags lat\u00e9raux avant",
        "Airbags rideaux",
        "Antid\u00e9marrage \u00e9lectronique",
        "Antipatinage",
        "Appui-t\u00eate conducteur r\u00e9glable hauteur",
        "Appui-t\u00eate passager r\u00e9glable en hauteur",
        "Arr\u00eat et red\u00e9marrage auto. du moteur",
        "Bacs de portes avant",
        "Banquette 2 places",
        "Banquette AR rabattable",
        "BAS",
        "Boucliers AV et AR couleur caisse",
        "Ceinture de vitrage chrom\u00e9e",
        "Clim manuelle",
        "Coloris M\u00e9tal Tech House Grey",
        "Commandes du syst\u00e8me audio au volant",
        "Commandes vocales",
        "Compte tours",
        "EBD",
        "Ecran tactile",
        "ESP",
        "Essuie-glace arri\u00e8re",
        "Feux de jour \u00e0 LED",
        "Follow me home",
        "Interface Media",
        "Jantes Alu",
        "Kit mains-libres Bluetooth",
        "Lampe de coffre",
        "Limiteur de vitesse",
        "Lunette AR d\u00e9givrante",
        "Miroir de courtoisie passager \u00e9clair\u00e9",
        "Ordinateur de bord",
        "Phares halog\u00e8nes",
        "Porte-gobelets arri\u00e8re",
        "Porte-gobelets avant",
        "Pr\u00e9paration Isofix",
        "Prise auxiliaire de connexion audio",
        "Prise USB",
        "Radio",
        "R\u00e9gulateur de vitesse",
        "R\u00e9troviseurs \u00e9lectriques",
        "Si\u00e8ge conducteur r\u00e9glable en hauteur",
        "Tablette cache bagages",
        "T\u00e9moin de perte de pression pneumatique",
        "Temp\u00e9rature ext\u00e9rieure",
        "Verrouillage auto. des portes en roulant",
        "Verrouillage centralis\u00e9 \u00e0 distance",
        "Vitres avant \u00e9lectriques",
        "Vitres teint\u00e9es",
        "Volant cuir",
        "Volant multifonction",
        "Volant r\u00e9glable en hauteur",
        "6 Haut parleurs",
        "ABS",
        "Aide au d\u00e9marrage en c\u00f4te",
        "Aide au freinage d'urgence",
        "Airbag conducteur",
        "Airbag genoux",
        "Airbag passager d\u00e9connectable",
        "Airbags lat\u00e9raux avant",
        "Airbags rideaux",
        "Antid\u00e9marrage \u00e9lectronique",
        "Antipatinage",
        "Appui-t\u00eate conducteur r\u00e9glable hauteur",
        "Appui-t\u00eate passager r\u00e9glable en hauteur",
        "Arr\u00eat et red\u00e9marrage auto. du moteur",
        "Bacs de portes avant",
        "Banquette 2 places",
        "Banquette AR rabattable",
        "BAS",
        "Boucliers AV et AR couleur caisse",
        "Ceinture de vitrage chrom\u00e9e",
        "Clim manuelle",
        "Coloris M\u00e9tal Tech House Grey",
        "Commandes du syst\u00e8me audio au volant",
        "Commandes vocales",
        "Compte tours",
        "EBD",
        "Ecran tactile",
        "ESP",
        "Essuie-glace arri\u00e8re",
        "Feux de jour \u00e0 LED",
        "Follow me home",
        "Interface Media",
        "Jantes Alu",
        "Kit mains-libres Bluetooth",
        "Lampe de coffre",
        "Limiteur de vitesse",
        "Lunette AR d\u00e9givrante",
        "Miroir de courtoisie passager \u00e9clair\u00e9",
        "Ordinateur de bord",
        "Phares halog\u00e8nes",
        "Porte-gobelets arri\u00e8re",
        "Porte-gobelets avant",
        "Pr\u00e9paration Isofix",
        "Prise auxiliaire de connexion audio",
        "Prise USB",
        "Radio",
        "R\u00e9gulateur de vitesse",
        "R\u00e9troviseurs \u00e9lectriques",
        "Si\u00e8ge conducteur r\u00e9glable en hauteur",
        "Tablette cache bagages",
        "T\u00e9moin de perte de pression pneumatique",
        "Temp\u00e9rature ext\u00e9rieure",
        "Verrouillage auto. des portes en roulant",
        "Verrouillage centralis\u00e9 \u00e0 distance",
        "Vitres avant \u00e9lectriques",
        "Vitres teint\u00e9es",
        "Volant cuir",
        "Volant multifonction",
        "Volant r\u00e9glable en hauteur"
    ]
}