{
    "marque": "NISSAN",
    "modele": "ARIYA",
    "couleur": "Vert Nayoro sp\u00e9ciale",
    "kilometrage": "100 Km",
    "boite_de_vitesse": "Automatique",
    "annee": "2024",
    "prix_ttc": "56 890 \u20ac",
    "puissance_fiscale": "3 CV",
    "type_vehicule": "SUV",
    "carburant": "Electrique",
    "portes": "5 portes",
    "places": "5 places",
    "ville": "VALENCIENNES (59300)",
    "garantie": "Constructeur",
    "mise_en_circulation": "14/02/2024",
    "reference": "3017-2730-80 (jn59m1)",
    "equipements": [
        "radar_recul",
        "gps",
        "tete_haute",
        "bluetooth",
        "clim_auto",
        "regulateur_vitesse",
        "toit_ouvrant",
        "toit_panoramique",
        "feux_led",
        "isofix",
        "jantes_alliage",
        "radar_recul",
        "gps",
        "tete_haute",
        "bluetooth",
        "clim_auto",
        "regulateur_vitesse",
        "toit_ouvrant",
        "toit_panoramique",
        "feux_led",
        "isofix",
        "jantes_alliage"
    ],
    "liste_equipements_serie": [
        "10 Haut parleurs",
        "ABS",
        "Accoudoir arri\u00e8re",
        "Accoudoir central AV avec rangement",
        "Affichage t\u00eate haute",
        "AFIL",
        "Aide au d\u00e9marrage en c\u00f4te",
        "Airbag conducteur",
        "Airbag passager d\u00e9connectable",
        "Airbags lat\u00e9raux avant",
        "Airbags rideaux",
        "Antid\u00e9marrage \u00e9lectronique",
        "Antipatinage",
        "Assistance de maintien de trajectoire",
        "Bacs de portes arri\u00e8re",
        "Bacs de portes avant",
        "Banquette 60/40",
        "Banquette AR rabattable",
        "Banquette arri\u00e8re 3 places",
        "Boite \u00e0 gants ferm\u00e9e",
        "Cam\u00e9ra vue panoramique 360\u00b0",
        "Capteur de luminosit\u00e9",
        "Capteur de pluie",
        "Ceintures avant ajustables en hauteur",
        "Chauffage auxiliaire",
        "Clim automatique bi-zones",
        "Coffre assist\u00e9 \u00e9lectriquement",
        "Colonne de direction \u00e9lectr. \u00e0 m\u00e9moire",
        "Commande du comportement dynamique",
        "Commandes du syst\u00e8me audio au volant",
        "Commandes vocales",
        "Compte tours",
        "Contr\u00f4le de Traction",
        "Contr\u00f4le \u00e9lect. de la pression des pneus",
        "D\u00e9marrage sans cl\u00e9",
        "D\u00e9tecteur d'obstacles de proximit\u00e9 avant",
        "EBD",
        "Eclairage d'ambiance",
        "Ecran tactile",
        "ESP",
        "Essuie-glace arri\u00e8re",
        "Feux arri\u00e8re \u00e0 LED",
        "Feux de jour \u00e0 LED",
        "Filtre \u00e0 Pollen",
        "Fixations Isofix aux places arri\u00e8res",
        "Follow me home",
        "Fonction MP3",
        "Freinage automatique d'urgence",
        "GPS Cartographique",
        "Gris Argile",
        "Guidage pour manoeuvre de stationnement",
        "Indicateur de limitation de vitesse",
        "Interface Media",
        "Jantes Alu",
        "Kit mains-libres Bluetooth",
        "Lampe de coffre",
        "Lampes de lecture \u00e0 l'arri\u00e8re",
        "Lampes de lecture \u00e0 l'avant",
        "Limiteur de vitesse",
        "Lunette AR d\u00e9givrante",
        "Lunette arri\u00e8re teint\u00e9e",
        "Miroir de courtoisie passager \u00e9clair\u00e9",
        "Ordinateur de bord",
        "Ouverture des vitres s\u00e9quentielle",
        "Ouverture du coffre mains-libres",
        "Pare-brise chauffant",
        "Phares antibrouillard LED",
        "Phares avant LED",
        "Phares de route adaptatifs",
        "Poches d'aumoni\u00e8res",
        "Poign\u00e9es ton carrosserie",
        "Prise 12V",
        "Prise USB",
        "Radar de stationnement AR",
        "Radar de stationnement AV",
        "Radio",
        "Radio num\u00e9rique DAB",
        "Reconnaissance panneaux de signalisation",
        "R\u00e9gulateur de vitesse adaptatif",
        "R\u00e9troviseurs d\u00e9givrants",
        "R\u00e9troviseurs ext. index\u00e9s \u00e0 la marche AR",
        "R\u00e9troviseurs ext\u00e9rieurs \u00e0 m\u00e9moire",
        "R\u00e9troviseurs rabattables automatique",
        "Services connect\u00e9s",
        "Si\u00e8ge cond. avec r\u00e9glage lombaire \u00e9lectr",
        "Si\u00e8ge conducteur \u00e0 m\u00e9moire",
        "Si\u00e8ge conducteur chauffant",
        "Si\u00e8ge conducteur \u00e9lectrique",
        "Si\u00e8ge passager \u00e0 m\u00e9moire",
        "Si\u00e8ge passager \u00e0 r\u00e9glages \u00e9lectriques",
        "Si\u00e8ge passager chauffant",
        "Si\u00e8ges arri\u00e8re chauffants",
        "Si\u00e8ges avant \u00e0 ventilation active",
        "Syst\u00e8me audio et info-divertissement",
        "Syst\u00e8me avanc\u00e9 de d\u00e9tection d'obstacles",
        "Syst\u00e8me d'acc\u00e8s sans cl\u00e9",
        "Syst\u00e8me d'\u00e9clairage intelligent \u00e0 LED",
        "Syst\u00e8me de contr\u00f4le des angles morts",
        "Syst\u00e8me de d\u00e9tection de somnolence",
        "Syst\u00e8me de localisation par satellite",
        "Syst\u00e8me de mesure de place disponible",
        "Syst\u00e8me de pr\u00e9vention des collisions",
        "Syst\u00e8me de pr\u00e9vention des collisions AR",
        "Syst\u00e8me de pr\u00e9vention des \u00e9carts",
        "Tablette cache bagages",
        "T\u00e9moin de bouclage des ceintures AV",
        "Temp\u00e9rature ext\u00e9rieure",
        "TMC",
        "Toit ouvrant",
        "Toit panoramique en verre",
        "Troisi\u00e8me ceinture de s\u00e9curit\u00e9",
        "Vitres arri\u00e8re \u00e9lectriques",
        "Vitres arri\u00e8re teint\u00e9es",
        "Vitres avant \u00e9lectriques",
        "Volant chauffant",
        "Volant cuir",
        "Volant multifonction",
        "Volant r\u00e9glable en profondeur et hauteur",
        "10 Haut parleurs",
        "ABS",
        "Accoudoir arri\u00e8re",
        "Accoudoir central AV avec rangement",
        "Affichage t\u00eate haute",
        "AFIL",
        "Aide au d\u00e9marrage en c\u00f4te",
        "Airbag conducteur",
        "Airbag passager d\u00e9connectable",
        "Airbags lat\u00e9raux avant",
        "Airbags rideaux",
        "Antid\u00e9marrage \u00e9lectronique",
        "Antipatinage",
        "Assistance de maintien de trajectoire",
        "Bacs de portes arri\u00e8re",
        "Bacs de portes avant",
        "Banquette 60/40",
        "Banquette AR rabattable",
        "Banquette arri\u00e8re 3 places",
        "Boite \u00e0 gants ferm\u00e9e",
        "Cam\u00e9ra vue panoramique 360\u00b0",
        "Capteur de luminosit\u00e9",
        "Capteur de pluie",
        "Ceintures avant ajustables en hauteur",
        "Chauffage auxiliaire",
        "Clim automatique bi-zones",
        "Coffre assist\u00e9 \u00e9lectriquement",
        "Colonne de direction \u00e9lectr. \u00e0 m\u00e9moire",
        "Commande du comportement dynamique",
        "Commandes du syst\u00e8me audio au volant",
        "Commandes vocales",
        "Compte tours",
        "Contr\u00f4le de Traction",
        "Contr\u00f4le \u00e9lect. de la pression des pneus",
        "D\u00e9marrage sans cl\u00e9",
        "D\u00e9tecteur d'obstacles de proximit\u00e9 avant",
        "EBD",
        "Eclairage d'ambiance",
        "Ecran tactile",
        "ESP",
        "Essuie-glace arri\u00e8re",
        "Feux arri\u00e8re \u00e0 LED",
        "Feux de jour \u00e0 LED",
        "Filtre \u00e0 Pollen",
        "Fixations Isofix aux places arri\u00e8res",
        "Follow me home",
        "Fonction MP3",
        "Freinage automatique d'urgence",
        "GPS Cartographique",
        "Gris Argile",
        "Guidage pour manoeuvre de stationnement",
        "Indicateur de limitation de vitesse",
        "Interface Media",
        "Jantes Alu",
        "Kit mains-libres Bluetooth",
        "Lampe de coffre",
        "Lampes de lecture \u00e0 l'arri\u00e8re",
        "Lampes de lecture \u00e0 l'avant",
        "Limiteur de vitesse",
        "Lunette AR d\u00e9givrante",
        "Lunette arri\u00e8re teint\u00e9e",
        "Miroir de courtoisie passager \u00e9clair\u00e9",
        "Ordinateur de bord",
        "Ouverture des vitres s\u00e9quentielle",
        "Ouverture du coffre mains-libres",
        "Pare-brise chauffant",
        "Phares antibrouillard LED",
        "Phares avant LED",
        "Phares de route adaptatifs",
        "Poches d'aumoni\u00e8res",
        "Poign\u00e9es ton carrosserie",
        "Prise 12V",
        "Prise USB",
        "Radar de stationnement AR",
        "Radar de stationnement AV",
        "Radio",
        "Radio num\u00e9rique DAB",
        "Reconnaissance panneaux de signalisation",
        "R\u00e9gulateur de vitesse adaptatif",
        "R\u00e9troviseurs d\u00e9givrants",
        "R\u00e9troviseurs ext. index\u00e9s \u00e0 la marche AR",
        "R\u00e9troviseurs ext\u00e9rieurs \u00e0 m\u00e9moire",
        "R\u00e9troviseurs rabattables automatique",
        "Services connect\u00e9s",
        "Si\u00e8ge cond. avec r\u00e9glage lombaire \u00e9lectr",
        "Si\u00e8ge conducteur \u00e0 m\u00e9moire",
        "Si\u00e8ge conducteur chauffant",
        "Si\u00e8ge conducteur \u00e9lectrique",
        "Si\u00e8ge passager \u00e0 m\u00e9moire",
        "Si\u00e8ge passager \u00e0 r\u00e9glages \u00e9lectriques",
        "Si\u00e8ge passager chauffant",
        "Si\u00e8ges arri\u00e8re chauffants",
        "Si\u00e8ges avant \u00e0 ventilation active",
        "Syst\u00e8me audio et info-divertissement",
        "Syst\u00e8me avanc\u00e9 de d\u00e9tection d'obstacles",
        "Syst\u00e8me d'acc\u00e8s sans cl\u00e9",
        "Syst\u00e8me d'\u00e9clairage intelligent \u00e0 LED",
        "Syst\u00e8me de contr\u00f4le des angles morts",
        "Syst\u00e8me de d\u00e9tection de somnolence",
        "Syst\u00e8me de localisation par satellite",
        "Syst\u00e8me de mesure de place disponible",
        "Syst\u00e8me de pr\u00e9vention des collisions",
        "Syst\u00e8me de pr\u00e9vention des collisions AR",
        "Syst\u00e8me de pr\u00e9vention des \u00e9carts",
        "Tablette cache bagages",
        "T\u00e9moin de bouclage des ceintures AV",
        "Temp\u00e9rature ext\u00e9rieure",
        "TMC",
        "Toit ouvrant",
        "Toit panoramique en verre",
        "Troisi\u00e8me ceinture de s\u00e9curit\u00e9",
        "Vitres arri\u00e8re \u00e9lectriques",
        "Vitres arri\u00e8re teint\u00e9es",
        "Vitres avant \u00e9lectriques",
        "Volant chauffant",
        "Volant cuir",
        "Volant multifonction",
        "Volant r\u00e9glable en profondeur et hauteur"
    ]
}